# Blender 5.1.2
# www.blender.org
mtllib model.mtl
o geometry_0
v -0.256386 -0.312278 0.002781
v -0.257352 -0.296373 0.002636
v -0.256879 -0.276106 0.002836
v -0.254089 -0.260115 0.002185
v -0.256770 -0.276481 -0.063138
v -0.257283 -0.310036 -0.069182
v -0.258305 -0.282104 -0.105567
v -0.253567 -0.254694 -0.105153
v -0.253591 -0.328374 0.002822
v -0.249634 -0.242707 0.002639
v -0.251993 -0.250807 -0.061593
v -0.252164 -0.335959 -0.078487
v -0.257219 -0.316184 -0.105065
v -0.254471 -0.329847 -0.105360
v -0.250357 -0.340017 0.002324
v -0.245717 -0.231712 -0.059041
v -0.244153 -0.226413 -0.104845
v -0.240628 -0.360774 0.002527
v -0.240357 -0.218468 0.002709
v -0.246112 -0.311064 -0.021297
v -0.246473 -0.280531 -0.017041
v -0.247185 -0.349591 -0.105371
v -0.246757 -0.278422 -0.076513
v -0.247195 -0.309527 -0.089800
v -0.245815 -0.283619 -0.090319
v -0.242562 -0.280446 -0.009002
v -0.247076 -0.301844 -0.014900
v -0.242530 -0.266709 -0.012738
v -0.233670 -0.204330 -0.049254
v -0.242047 -0.254661 -0.017037
v -0.244264 -0.270154 -0.031284
v -0.244023 -0.318057 -0.085924
v -0.242718 -0.254668 -0.079233
v -0.242241 -0.255019 -0.089669
v -0.240163 -0.318614 -0.094112
v -0.242386 -0.359660 -0.105232
v -0.242831 -0.274072 -0.094352
v -0.232799 -0.202452 0.002656
v -0.235226 -0.371016 -0.104541
v -0.242142 -0.303927 -0.008896
v -0.238716 -0.250327 -0.008815
v -0.241975 -0.319889 -0.012459
v -0.238632 -0.240631 -0.013042
v -0.240921 -0.334859 -0.025176
v -0.235985 -0.348218 -0.076714
v -0.238855 -0.337782 -0.089118
v -0.242879 -0.325656 -0.087239
v -0.238696 -0.253114 -0.094048
v -0.237640 -0.280469 -0.095957
v -0.230707 -0.375479 0.002572
v -0.228647 -0.310697 -0.007803
v -0.237688 -0.269149 -0.008151
v -0.232436 -0.227429 -0.008346
v -0.236854 -0.343022 -0.013122
v -0.230260 -0.376547 -0.071929
v -0.235443 -0.349659 -0.029001
v -0.237260 -0.232323 -0.032859
v -0.233887 -0.223698 -0.086798
v -0.238210 -0.235888 -0.088569
v -0.234361 -0.348203 -0.089666
v -0.234062 -0.335028 -0.094081
v -0.233804 -0.229730 -0.094324
v -0.234725 -0.313026 -0.095409
v -0.227819 -0.278833 -0.104610
v -0.227465 -0.231211 -0.006959
v -0.230309 -0.355726 -0.013444
v -0.231861 -0.221683 -0.011624
v -0.228989 -0.209844 -0.083324
v -0.218304 -0.177572 -0.048196
v -0.233792 -0.203514 -0.104490
v -0.229770 -0.357533 -0.090378
v -0.230758 -0.218944 -0.093886
v -0.226403 -0.351561 -0.093474
v -0.219552 -0.179482 0.002779
v -0.224375 -0.209584 -0.008352
v -0.222797 -0.368304 -0.012799
v -0.228950 -0.211274 -0.025287
v -0.228478 -0.363101 -0.085394
v -0.225665 -0.203468 -0.058560
v -0.222545 -0.184055 -0.104045
v -0.226851 -0.208762 -0.094307
v -0.225932 -0.219174 -0.096108
v -0.226280 -0.331545 0.002025
v -0.231291 -0.344199 -0.008453
v -0.224172 -0.204479 -0.012459
v -0.220197 -0.387111 0.002592
v -0.227182 -0.364843 -0.024148
v -0.214713 -0.391949 -0.084132
v -0.220490 -0.373169 -0.079477
v -0.222479 -0.385769 -0.105258
v -0.220315 -0.197660 -0.094285
v -0.214105 -0.242683 -0.095813
v -0.219842 -0.363502 -0.008592
v -0.214643 -0.202365 -0.007032
v -0.216147 -0.189216 -0.017469
v -0.217598 -0.189169 -0.081982
v -0.209321 -0.162661 -0.102776
v -0.221069 -0.370932 -0.090108
v -0.214431 -0.185797 -0.094407
v -0.220983 -0.366038 -0.094594
v -0.215436 -0.348063 -0.094818
v -0.201159 -0.262567 -0.096834
v -0.210273 -0.395123 0.002427
v -0.197511 -0.144936 0.001057
v -0.194002 -0.312387 -0.007690
v -0.216023 -0.193025 -0.008523
v -0.217823 -0.375348 -0.018245
v -0.193892 -0.315436 -0.095062
v -0.205381 -0.399153 -0.105623
v -0.177996 -0.254646 -0.104557
v -0.204449 -0.156308 -0.103791
v -0.175122 -0.179604 0.001784
v -0.209787 -0.181129 -0.008395
v -0.211352 -0.377386 -0.012105
v -0.206592 -0.386085 -0.019592
v -0.210578 -0.177103 -0.082267
v -0.206169 -0.386559 -0.078362
v -0.209640 -0.177405 -0.093760
v -0.210076 -0.372266 -0.093984
v -0.207628 -0.184259 -0.096709
v -0.199962 -0.401748 0.002182
v -0.201428 -0.173872 -0.007293
v -0.207941 -0.175016 -0.014192
v -0.192773 -0.136794 -0.063738
v -0.200442 -0.401110 -0.068353
v -0.211683 -0.380463 -0.089337
v -0.204801 -0.381452 -0.094149
v -0.200715 -0.024532 0.002760
v -0.200501 -0.386397 -0.012457
v -0.201229 -0.166814 -0.013463
v -0.202585 -0.166792 -0.029459
v -0.201663 -0.166994 -0.093404
v -0.200481 -0.388302 -0.090721
v -0.175342 -0.173588 -0.096713
v -0.198813 -0.013645 0.003362
v -0.193835 -0.139926 0.002391
v -0.199222 -0.048793 0.002605
v -0.194641 0.003568 0.002789
v -0.195115 0.000806 -0.026419
v -0.200618 -0.026025 -0.102727
v -0.200821 -0.163273 -0.083216
v -0.198614 -0.048458 -0.103104
v -0.195517 0.000810 -0.102556
v -0.184512 -0.409868 0.002222
v -0.194297 -0.066172 0.002558
v -0.191537 -0.157597 -0.008711
v -0.191611 -0.153052 -0.013056
v -0.195431 -0.392960 -0.018911
v -0.195093 -0.393170 -0.088530
v -0.191963 -0.387217 -0.093147
v -0.191457 -0.152732 -0.094635
v -0.182686 -0.410872 -0.105759
v -0.190374 -0.162077 -0.096893
v -0.188275 -0.127328 0.002185
v -0.189602 -0.083011 0.002201
v -0.184765 -0.017207 0.002455
v -0.192058 -0.021522 -0.008437
v -0.197560 -0.376159 -0.008806
v -0.191292 -0.045017 -0.011057
v -0.193413 -0.028739 -0.024401
v -0.189299 -0.130021 -0.045771
v -0.183919 0.022406 -0.052824
v -0.191809 -0.014487 -0.051187
v -0.183315 -0.137633 -0.044461
v -0.192343 -0.046450 -0.069994
v -0.192673 -0.021180 -0.088940
v -0.188104 -0.143785 -0.088554
v -0.184806 -0.409417 -0.083712
v -0.190104 -0.131950 -0.102780
v -0.191668 -0.045620 -0.089692
v -0.185953 0.019882 -0.101837
v -0.191599 -0.029473 -0.093115
v -0.188658 -0.079168 -0.102947
v -0.199494 -0.017572 -0.103099
v -0.189125 0.011512 -0.103376
v -0.162687 -0.308888 0.001559
v -0.185467 -0.110215 0.001968
v -0.182355 0.025390 0.001681
v -0.169279 -0.253219 -0.007961
v -0.185166 -0.160953 -0.007288
v -0.185873 -0.097967 -0.045206
v -0.188659 -0.004142 -0.009175
v -0.188562 -0.392349 -0.012953
v -0.184636 -0.111072 -0.049905
v -0.191484 -0.050337 -0.020889
v -0.179247 -0.399369 -0.023628
v -0.188908 -0.003139 -0.084946
v -0.185152 -0.115494 -0.061403
v -0.179052 -0.399543 -0.086498
v -0.185762 -0.102275 -0.102215
v -0.190307 -0.077411 -0.100400
v -0.185595 -0.116057 -0.103217
v -0.168066 -0.263115 -0.097596
v -0.172390 -0.239184 -0.096819
v -0.187788 -0.009088 -0.094424
v -0.175192 0.033607 0.003012
v -0.181843 -0.143272 -0.008640
v -0.188048 -0.057260 -0.008063
v -0.184881 -0.051139 -0.005938
v -0.184042 -0.004762 -0.005142
v -0.183275 0.005355 -0.008272
v -0.184061 -0.141890 -0.013408
v -0.186526 -0.065253 -0.028536
v -0.183398 -0.078851 -0.032001
v -0.178155 0.018338 -0.057934
v -0.186484 -0.063593 -0.085485
v -0.182608 -0.137009 -0.092841
v -0.180675 0.027348 -0.102989
v -0.184511 0.003767 -0.086579
v -0.183401 -0.069038 -0.094150
v -0.182148 -0.396811 -0.090005
v -0.187077 -0.053935 -0.095478
v -0.182790 0.000642 -0.094203
v -0.182228 -0.011383 -0.095582
v -0.166531 -0.416817 0.002017
v -0.172177 -0.337742 -0.009329
v -0.161838 -0.309473 -0.008704
v -0.183719 -0.072340 -0.008049
v -0.176695 -0.394810 -0.012345
v -0.178571 -0.132092 -0.014420
v -0.179542 0.014251 -0.014692
v -0.173740 0.034279 -0.028144
v -0.181970 -0.397068 -0.017733
v -0.182576 -0.090360 -0.019590
v -0.183220 -0.078562 -0.012925
v -0.177594 0.017369 -0.086415
v -0.174886 0.033920 -0.099290
v -0.183495 -0.075379 -0.089671
v -0.177145 -0.095054 -0.089630
v -0.176852 -0.127169 -0.092208
v -0.179634 -0.082973 -0.094020
v -0.171273 -0.291573 -0.096915
v -0.176192 -0.130828 -0.094335
v -0.164871 0.042766 -0.103064
v -0.158539 -0.387658 0.001119
v -0.153531 -0.248890 0.001875
v -0.176787 -0.134246 -0.009253
v -0.178688 -0.090464 -0.009089
v -0.176123 -0.066891 -0.006508
v -0.174881 0.017972 -0.008408
v -0.171291 -0.376746 -0.009862
v -0.175023 -0.109650 -0.014194
v -0.176222 -0.113380 -0.027466
v -0.175017 0.021686 -0.029450
v -0.179428 -0.129563 -0.053557
v -0.178512 -0.096257 -0.036384
v -0.176289 -0.110782 -0.089018
v -0.178068 -0.126082 -0.085527
v -0.177867 -0.097252 -0.071842
v -0.163790 -0.416817 -0.063839
v -0.172697 -0.397708 -0.093728
v -0.173635 -0.099356 -0.094083
v -0.174744 0.015552 -0.094206
v -0.172445 -0.141480 -0.096190
v -0.175279 -0.078262 -0.095881
v -0.159411 -0.105138 -0.103099
v -0.151353 -0.231141 0.001732
v -0.166288 -0.131541 -0.007643
v -0.171494 -0.114369 -0.007925
v -0.165015 0.032229 -0.014287
v -0.168680 -0.401134 -0.014217
v -0.164082 0.042591 -0.045218
v -0.165975 0.031359 -0.085879
v -0.168017 0.024297 -0.094218
v -0.159955 0.046031 0.003087
v -0.154419 -0.218688 -0.007727
v -0.168666 -0.093074 -0.007165
v -0.166218 0.020370 -0.005873
v -0.163773 0.031320 -0.008639
v -0.165544 -0.406550 -0.018821
v -0.166795 -0.405520 -0.089640
v -0.161865 -0.106394 -0.095981
v -0.165266 0.011039 -0.095401
v -0.134785 -0.380616 -0.105436
v -0.140041 -0.291588 -0.007080
v -0.121655 -0.004676 -0.007204
v -0.162750 -0.408340 -0.087044
v -0.162340 -0.400654 -0.093532
v -0.158513 0.033844 -0.093861
v -0.147355 -0.364860 -0.095033
v -0.161162 -0.017843 -0.095947
v -0.158750 -0.419060 -0.105575
v -0.150183 -0.294131 0.002323
v -0.151762 -0.268018 0.002437
v -0.135724 0.016309 -0.005705
v -0.157180 -0.402670 -0.012559
v -0.153503 0.042238 -0.055589
v -0.153122 0.041962 -0.088049
v -0.141659 -0.308161 -0.096597
v -0.151865 0.050915 0.001605
v -0.133662 -0.266390 -0.005840
v -0.126608 -0.026035 -0.007856
v -0.149686 0.034824 -0.005388
v -0.151444 0.041954 -0.009626
v -0.136265 -0.362895 -0.009090
v -0.161186 -0.408479 -0.018332
v -0.153638 0.049341 -0.043365
v -0.152208 -0.409105 -0.075606
v -0.153893 0.049795 -0.103414
v -0.150131 -0.408481 -0.089097
v -0.151099 0.029906 -0.095715
v -0.126586 -0.193087 -0.103919
v -0.150645 -0.286779 0.010251
v -0.146300 -0.423579 0.001874
v -0.124655 -0.066805 0.001309
v -0.137916 -0.424825 -0.028392
v -0.136219 -0.282852 -0.006277
v -0.140457 -0.237362 -0.009709
v -0.145759 -0.174171 -0.008567
v -0.152406 0.040199 -0.094275
v -0.148305 -0.289205 0.012684
v -0.149938 -0.268589 0.012949
v -0.148807 -0.294482 0.010390
v -0.148479 -0.249408 0.004390
v -0.147907 -0.233087 0.005654
v -0.128637 -0.217411 0.001223
v -0.108801 -0.045619 0.001409
v -0.127288 -0.301358 -0.007334
v -0.128995 -0.219193 -0.007304
v -0.143057 0.043988 -0.007525
v -0.139687 -0.392591 -0.009577
v -0.136813 0.056512 -0.049738
v -0.146372 -0.410617 -0.025272
v -0.145790 0.492420 -0.052598
v -0.145432 0.487505 -0.058460
v -0.114584 -0.382716 -0.093796
v -0.151175 -0.329672 -0.095459
v -0.141112 -0.236698 -0.096632
v -0.129702 -0.049934 -0.096665
v -0.111998 -0.319228 -0.104813
v -0.143014 -0.266867 0.015911
v -0.133655 -0.267191 0.004410
v -0.092743 0.016777 0.002189
v -0.135921 0.056988 0.002480
v -0.141790 0.446144 -0.034978
v -0.140962 0.440384 -0.041127
v -0.142255 0.485936 -0.046686
v -0.141177 0.495895 -0.046272
v -0.143592 0.484489 -0.057719
v -0.139486 0.496336 -0.060269
v -0.136817 -0.425154 -0.105734
v -0.133357 -0.411202 -0.089543
v -0.130296 -0.406064 -0.093209
v -0.110882 -0.285623 -0.097531
v -0.119895 -0.124735 -0.096838
v -0.141999 0.043833 -0.095477
v -0.118082 -0.298734 0.001637
v -0.131204 -0.130251 0.001058
v -0.138319 0.048626 -0.042667
v -0.137661 0.438302 -0.031323
v -0.137283 0.441534 -0.027725
v -0.138694 0.450176 -0.031991
v -0.138063 0.492549 -0.043456
v -0.137695 0.438654 -0.044307
v -0.138355 0.448601 -0.045644
v -0.138685 0.487815 -0.064796
v -0.136925 0.057483 -0.103128
v -0.132281 -0.413445 -0.079343
v -0.136801 0.048535 -0.093462
v -0.104447 -0.399335 -0.094420
v -0.131713 -0.286947 0.014842
v -0.130903 -0.140432 -0.008055
v -0.127342 -0.077301 -0.008804
v -0.135476 0.047952 -0.009440
v -0.131482 -0.413865 -0.023801
v -0.134916 0.448283 -0.027674
v -0.134439 0.484077 -0.044939
v -0.136554 0.443625 -0.047005
v -0.131969 0.482550 -0.057929
v -0.133410 -0.266889 0.016406
v -0.119190 -0.294917 0.007984
v -0.130176 -0.230597 0.005904
v -0.133311 -0.229921 0.001724
v -0.119466 0.060220 0.001648
v -0.134073 -0.408264 -0.013092
v -0.112792 -0.398267 -0.010416
v -0.122609 -0.234318 -0.008803
v -0.127535 0.451865 -0.031287
v -0.121827 0.452515 -0.041425
v -0.093626 -0.260751 -0.097719
v -0.121952 0.060329 -0.102740
v -0.115756 -0.293471 0.005623
v -0.106709 -0.250111 -0.007107
v -0.128054 -0.411025 -0.013732
v -0.121636 0.442958 -0.028356
v -0.113282 0.052694 -0.028011
v -0.127233 0.480558 -0.047652
v -0.120880 0.439310 -0.043077
v -0.119738 0.495176 -0.046239
v -0.125137 0.482821 -0.058303
v -0.117203 -0.293822 0.013309
v -0.114873 -0.430086 0.001886
v -0.119619 -0.056260 -0.007935
v -0.105083 0.042262 -0.006821
v -0.097619 0.052433 -0.011631
v -0.107161 0.437898 -0.031443
v -0.121441 0.448843 -0.043866
v -0.119790 0.051907 -0.083629
v -0.121135 0.487855 -0.058667
v -0.123130 0.523381 -0.064301
v -0.122894 0.526661 -0.061726
v -0.122047 -0.428495 -0.106184
v -0.122970 -0.412377 -0.094110
v -0.066512 -0.176262 -0.097201
v -0.102588 0.012050 -0.096718
v -0.097295 -0.278994 0.016847
v -0.090769 -0.269355 0.017752
v -0.101388 -0.230031 0.006141
v -0.124300 -0.114147 0.000576
v -0.105128 -0.341975 -0.009316
v -0.117027 -0.180389 -0.008135
v -0.092721 0.049277 -0.007954
v -0.112279 -0.418514 -0.013493
v -0.114311 -0.101139 -0.011008
v -0.112969 -0.076827 -0.010365
v -0.120623 -0.417294 -0.017158
v -0.120357 -0.419591 -0.026477
v -0.099163 0.487279 -0.039704
v -0.109890 0.491920 -0.042120
v -0.120708 -0.419440 -0.085503
v -0.114621 0.478085 -0.055490
v -0.117802 0.528349 -0.075368
v -0.110274 0.051707 -0.093777
v -0.101363 -0.363980 -0.094641
v -0.097361 -0.239055 -0.097266
v -0.071134 -0.113497 -0.096852
v -0.106603 0.045246 -0.096284
v -0.115824 -0.297165 0.010965
v -0.056281 -0.415120 0.000725
v -0.110428 -0.107836 -0.000749
v -0.113153 -0.090162 -0.001027
v -0.126813 -0.112531 -0.008905
v -0.103439 -0.038229 -0.007752
v -0.103556 -0.374417 -0.010661
v -0.105753 -0.117292 -0.009827
v -0.117478 -0.422214 -0.016463
v -0.112578 0.454842 -0.038107
v -0.118274 0.479263 -0.051040
v -0.125578 0.494999 -0.058933
v -0.117732 0.520254 -0.054206
v -0.116377 0.531048 -0.059365
v -0.119231 0.518834 -0.064262
v -0.114521 0.529750 -0.065734
v -0.117537 -0.422201 -0.090776
v -0.117281 0.520134 -0.070722
v -0.116124 0.519581 -0.077035
v -0.113003 0.525246 -0.080924
v -0.115305 -0.418733 -0.093149
v -0.093169 -0.433211 0.001317
v -0.103302 -0.143687 -0.008274
v -0.113479 -0.090049 -0.008566
v -0.098650 -0.412562 -0.011768
v -0.100914 -0.057420 -0.009661
v -0.113839 -0.423996 -0.019853
v -0.101540 0.448299 -0.028920
v -0.113922 -0.423978 -0.087314
v -0.104078 -0.431473 -0.057390
v -0.103218 0.438498 -0.040488
v -0.110054 0.475807 -0.046368
v -0.104844 0.524508 -0.053584
v -0.107331 0.533170 -0.058413
v -0.106606 0.517994 -0.068236
v -0.110983 0.532472 -0.069794
v -0.081170 -0.194105 -0.097505
v -0.097223 -0.432898 -0.105722
v -0.106145 -0.268066 0.003674
v -0.104735 -0.115770 -0.000874
v -0.108032 -0.074089 -0.001186
v -0.097854 -0.122918 -0.009216
v -0.109810 -0.108756 -0.009588
v -0.102248 0.438122 -0.028994
v -0.102910 0.451565 -0.033724
v -0.102817 0.456399 -0.038515
v -0.100356 0.450858 -0.040064
v -0.105708 0.478058 -0.042562
v -0.107389 0.519440 -0.050752
v -0.100812 0.477748 -0.053790
v -0.101885 0.516968 -0.052171
v -0.080119 0.055265 -0.084890
v -0.108615 0.517482 -0.079561
v -0.104274 0.529976 -0.071873
v -0.076193 -0.306213 -0.097059
v -0.064083 -0.143106 -0.097269
v -0.057334 -0.297041 0.008898
v -0.082189 -0.292265 0.005544
v -0.096030 -0.124234 -0.000568
v -0.107640 -0.074850 -0.004129
v -0.087925 -0.268817 -0.006522
v -0.093887 -0.226691 -0.007182
v -0.103738 0.520692 -0.042574
v -0.102544 0.474683 -0.049615
v -0.101260 0.488716 -0.054541
v -0.098270 0.516895 -0.060869
v -0.091580 0.531462 -0.059721
v -0.098753 0.519014 -0.069360
v -0.090482 0.061950 -0.103201
v -0.097184 -0.230052 0.004871
v -0.094738 0.061071 0.002199
v -0.100556 -0.060423 -0.001289
v -0.101879 -0.065610 -0.004470
v -0.091689 -0.013665 -0.007455
v -0.087191 0.054150 -0.026884
v -0.098716 0.511472 -0.026811
v -0.098036 0.522966 -0.031658
v -0.100872 0.457478 -0.033850
v -0.101160 0.474396 -0.041420
v -0.099069 0.512599 -0.040236
v -0.098153 0.522219 -0.040839
v -0.100792 0.460994 -0.054518
v -0.101990 0.471835 -0.056841
v -0.095661 0.527252 -0.055760
v -0.098477 0.527596 -0.069019
v -0.100842 0.531134 -0.067586
v -0.095728 0.518163 -0.075486
v -0.101314 0.524982 -0.079708
v -0.074717 0.054782 -0.092867
v -0.093398 0.052174 -0.095487
v -0.092744 -0.237911 0.003648
v -0.092225 -0.039938 0.001689
v -0.092849 -0.051904 -0.001333
v -0.067914 -0.155550 -0.008315
v -0.088750 -0.129407 -0.009469
v -0.097673 0.426975 -0.018750
v -0.096183 0.451143 -0.016825
v -0.095830 0.477339 -0.023461
v -0.098106 0.479259 -0.026644
v -0.098901 0.505899 -0.027793
v -0.096025 0.522948 -0.027950
v -0.095138 0.524978 -0.038784
v -0.099167 0.491104 -0.045385
v -0.084035 -0.434544 -0.047505
v -0.100611 0.460132 -0.043658
v -0.097363 0.514064 -0.056974
v -0.098202 0.492348 -0.052136
v -0.093371 0.531551 -0.066166
v -0.055541 -0.022274 -0.096916
v -0.077650 -0.108570 -0.103248
v -0.092096 -0.238199 0.016424
v -0.092571 -0.231145 0.017075
v -0.093119 -0.243167 0.014994
v -0.093498 -0.229222 0.001381
v -0.045351 -0.300573 0.001065
v -0.094029 -0.055750 -0.004830
v -0.079828 -0.247335 -0.006652
v -0.086862 -0.045550 -0.008377
v -0.085551 0.042666 -0.007581
v -0.098226 0.433022 -0.016907
v -0.092478 0.475013 -0.015911
v -0.070586 -0.421605 -0.015486
v -0.088547 0.062109 -0.032034
v -0.092806 0.472591 -0.019983
v -0.097744 0.431421 -0.034273
v -0.089450 0.507612 -0.029345
v -0.089630 0.540798 -0.045264
v -0.095547 0.459025 -0.043730
v -0.089918 0.473764 -0.057104
v -0.089032 0.062480 -0.092955
v -0.090706 -0.243846 0.008079
v -0.093202 -0.230005 0.007617
v -0.089397 -0.269758 0.003698
v -0.078325 -0.232516 0.002418
v -0.087505 0.060771 0.003523
v -0.077804 -0.131908 -0.000426
v -0.088643 -0.127587 -0.001917
v -0.089991 0.414926 -0.008815
v -0.085819 0.428854 -0.005517
v -0.091283 0.450473 -0.012274
v -0.090637 0.454796 -0.011558
v -0.091553 0.464085 -0.013332
v -0.089581 0.471456 -0.012282
v -0.066133 -0.349223 -0.009737
v -0.085506 0.051631 -0.012783
v -0.090027 0.479711 -0.023610
v -0.085048 0.416454 -0.028892
v -0.084573 0.502631 -0.028271
v -0.088718 0.522918 -0.028217
v -0.090004 0.522757 -0.035932
v -0.092884 0.437892 -0.038162
v -0.083346 0.055398 -0.064164
v -0.089651 0.518271 -0.062899
v -0.088546 0.534588 -0.065695
v -0.088289 0.524450 -0.067641
v -0.093778 0.525915 -0.074310
v -0.036786 -0.419924 -0.093238
v -0.071251 -0.333525 -0.095365
v -0.033919 -0.403965 -0.106197
v -0.086159 0.146586 0.007665
v -0.078780 -0.232214 0.007409
v -0.085776 0.055102 0.005748
v -0.086729 0.069549 0.006980
v -0.084021 0.216620 0.007418
v -0.086369 0.000870 0.003917
v -0.086757 0.145788 0.005052
v -0.083910 -0.046781 -0.000434
v -0.086708 0.116727 -0.016901
v -0.083118 0.404345 -0.000219
v -0.083342 -0.048963 -0.004599
v -0.086854 0.078650 -0.014418
v -0.085876 0.163930 -0.013105
v -0.066852 -0.225023 -0.007512
v -0.067634 -0.383174 -0.010750
v -0.084005 0.459731 -0.015205
v -0.085539 0.127630 -0.019100
v -0.086477 0.472251 -0.020057
v -0.070476 -0.424221 -0.019072
v -0.087288 0.069903 -0.053474
v -0.081502 0.407065 -0.024212
v -0.085340 0.088106 -0.032826
v -0.084975 0.103564 -0.025851
v -0.084176 0.513158 -0.027088
v -0.084908 0.520128 -0.031608
v -0.084247 0.511488 -0.034716
v -0.079969 0.524722 -0.041002
v -0.084290 0.458999 -0.042150
v -0.087708 0.479140 -0.048937
v -0.081267 0.558999 -0.051957
v -0.083580 0.083648 -0.063807
v -0.084610 0.464015 -0.053217
v -0.083535 0.549928 -0.065480
v -0.083222 0.518201 -0.059755
v -0.061710 -0.436734 -0.083445
v -0.084881 0.080592 -0.097846
v -0.055133 0.046474 -0.095980
v -0.086520 0.064273 -0.099502
v -0.073205 -0.352401 -0.105030
v -0.044378 0.034592 -0.103358
v -0.078292 -0.242185 0.009958
v -0.082593 0.192142 0.008144
v -0.082479 0.255544 0.008927
v -0.081592 0.281297 0.009362
v -0.081585 0.335821 0.008927
v -0.081014 0.397858 0.009506
v -0.083837 0.107479 0.007119
v -0.069897 -0.267179 0.001366
v -0.079967 0.400650 0.004224
v -0.081195 0.412978 -0.000015
v -0.070721 -0.140285 0.000358
v -0.080809 0.398948 -0.011400
v -0.083946 0.204379 -0.015294
v -0.082068 0.267079 -0.013193
v -0.073977 -0.134201 -0.009627
v -0.075049 0.056146 -0.008854
v -0.080982 0.448144 -0.014590
v -0.080649 0.454949 -0.011527
v -0.084474 0.469654 -0.013329
v -0.045585 -0.419471 -0.012634
v -0.082397 0.055398 -0.019911
v -0.080336 0.268416 -0.017035
v -0.079596 0.394800 -0.014848
v -0.080779 0.464136 -0.021628
v -0.083380 0.142357 -0.019867
v -0.081999 0.480086 -0.026507
v -0.079756 0.146175 -0.021299
v -0.079366 0.106032 -0.029021
v -0.080025 0.111946 -0.025701
v -0.080400 0.500821 -0.033723
v -0.081559 0.089285 -0.045962
v -0.076813 0.097760 -0.040214
v -0.079562 0.463188 -0.041548
v -0.080174 0.473924 -0.045417
v -0.056963 0.535946 -0.046104
v -0.086847 0.500942 -0.054004
v -0.083243 0.473298 -0.054077
v -0.077457 0.088972 -0.073077
v -0.082673 0.546208 -0.068508
v -0.075464 0.558133 -0.070416
v -0.077863 0.088493 -0.097291
v -0.063718 -0.381981 -0.093985
v -0.024817 -0.249384 -0.097043
v -0.067042 -0.436948 -0.106418
v -0.038171 -0.021715 -0.103207
v -0.067686 -0.230756 0.012541
v -0.074942 0.138933 0.007841
v -0.078995 0.396780 0.010057
v -0.078082 -0.235108 0.006395
v -0.060975 -0.436526 0.001240
v -0.034270 -0.269993 0.003057
v -0.066816 -0.254218 0.001119
v -0.063477 -0.035687 0.002680
v -0.063626 -0.003821 0.004677
v -0.043786 -0.230703 0.000697
v -0.063698 0.014355 -0.004893
v -0.075988 0.041115 -0.006219
v -0.076808 0.061540 -0.014949
v -0.077108 0.362566 -0.016679
v -0.077426 0.453626 -0.018851
v -0.078039 0.060799 -0.024609
v -0.076426 0.394184 -0.018418
v -0.079414 0.124004 -0.022615
v -0.074738 0.446197 -0.035732
v -0.077922 0.059825 -0.063601
v -0.075468 0.090532 -0.056478
v -0.043446 0.015791 -0.096851
v -0.048192 -0.285851 0.016397
v -0.056341 -0.291736 0.004957
v -0.067576 -0.269014 0.010538
v -0.068763 0.060266 0.006651
v -0.069442 0.407581 0.000509
v -0.074463 0.433752 -0.011756
v -0.069075 -0.046386 -0.005079
v -0.042871 -0.308437 -0.006940
v -0.061691 -0.021591 -0.006540
v -0.072363 0.075210 -0.026802
v -0.075387 0.225705 -0.019609
v -0.074969 0.286983 -0.017729
v -0.073142 0.416356 -0.026123
v -0.073564 0.065339 -0.030434
v -0.066105 0.066998 -0.036916
v -0.067475 0.064321 -0.042864
v -0.072291 0.561924 -0.054394
v -0.068900 0.090505 -0.095502
v -0.053784 -0.410234 -0.094310
v -0.040614 -0.322814 -0.095861
v -0.070655 0.062634 -0.102666
v -0.050958 -0.231236 0.017363
v -0.064518 0.387205 0.008998
v -0.068723 0.404982 0.004666
v -0.071498 0.094741 0.000511
v -0.071626 0.255618 0.000115
v -0.071273 0.402704 0.000187
v -0.073637 0.095874 -0.004410
v -0.073759 0.234254 -0.004479
v -0.073512 0.401350 -0.004254
v -0.047450 -0.140326 -0.008784
v -0.066568 0.072398 -0.008892
v -0.073706 0.099246 -0.008672
v -0.073725 0.224763 -0.008677
v -0.073694 0.398550 -0.008606
v -0.073506 0.069470 -0.012950
v -0.068077 0.077107 -0.013679
v -0.071390 0.096595 -0.012881
v -0.071516 0.222820 -0.013142
v -0.071463 0.401391 -0.012702
v -0.072826 0.375500 -0.017260
v -0.064773 0.486035 -0.030920
v -0.057825 -0.436794 -0.050884
v -0.061454 0.479557 -0.046021
v -0.074972 0.089811 -0.059038
v -0.045547 0.520919 -0.059647
v -0.064539 0.063973 -0.069405
v 0.018790 -0.271030 -0.104671
v -0.065293 -0.244434 0.015127
v -0.056368 0.266897 0.008713
v -0.064194 -0.135058 -0.000506
v -0.067590 0.098065 0.002839
v -0.067420 0.232752 0.002781
v -0.067236 0.304540 0.002915
v -0.067333 0.398864 0.002547
v -0.067010 0.092036 -0.006114
v -0.067044 0.405146 -0.004712
v -0.050255 -0.325741 -0.007918
v -0.039829 -0.280552 -0.006947
v -0.064866 -0.135387 -0.009418
v -0.067352 0.101258 -0.015330
v -0.067259 0.221887 -0.015558
v -0.067377 0.286628 -0.014937
v -0.067368 0.398671 -0.014838
v -0.066942 0.078813 -0.022435
v -0.038639 0.134107 -0.021934
v -0.062500 0.077023 -0.030245
v -0.055225 0.094876 -0.039698
v -0.051818 0.560842 -0.052804
v -0.057175 0.560805 -0.071896
v -0.057891 0.062270 -0.079470
v -0.057577 -0.245027 0.014541
v -0.032793 0.397532 0.009557
v -0.023987 -0.042712 -0.000345
v -0.046870 0.098895 0.002913
v -0.056728 0.067070 -0.007584
v -0.053267 0.441555 -0.016385
v -0.045207 -0.407794 -0.010021
v -0.061033 0.097107 -0.014692
v -0.046683 0.240497 -0.015442
v -0.036204 0.269304 -0.017905
v -0.051465 -0.424880 -0.029982
v -0.058807 -0.424164 -0.086838
v -0.051708 0.432209 -0.029141
v -0.055761 0.054980 -0.093811
v -0.059411 -0.296077 0.013773
v -0.036557 -0.241246 0.009726
v -0.043000 -0.267088 0.001406
v -0.046827 0.232657 0.002754
v -0.046778 0.405129 -0.004772
v -0.053587 -0.181701 -0.008155
v -0.055222 -0.042537 -0.008873
v -0.046387 0.398777 -0.014773
v -0.048305 0.078662 -0.014350
v -0.038598 0.227915 -0.019582
v -0.052295 0.402690 -0.020488
v -0.042317 0.113825 -0.025640
v -0.052830 0.066155 -0.039805
v -0.049434 0.065104 -0.064028
v -0.039021 0.089347 -0.078742
v -0.044064 0.560115 -0.070661
v -0.027609 0.064123 -0.099580
v -0.047097 -0.296100 0.014341
v -0.053346 -0.242325 0.016168
v -0.011100 -0.268336 0.007473
v -0.033223 0.387924 0.008925
v -0.035477 -0.231064 0.008831
v -0.039565 0.403195 0.004493
v -0.042881 0.407293 0.001358
v -0.033013 -0.045672 -0.001256
v -0.042698 0.094703 0.000341
v -0.049206 0.072905 -0.009296
v -0.044320 -0.371898 -0.010328
v -0.037698 0.362431 -0.016699
v -0.039614 0.394129 -0.018067
v -0.032978 0.053607 -0.094319
v -0.040967 0.089604 -0.096886
v -0.029134 0.062911 -0.102897
v -0.040935 -0.242877 0.012449
v -0.030820 0.152317 0.007587
v -0.032153 0.312250 0.008971
v -0.049869 -0.285270 0.004120
v -0.036670 -0.234969 0.006933
v -0.039338 -0.291992 0.003678
v -0.035578 -0.233036 0.002323
v -0.027467 -0.035889 0.000838
v -0.058842 -0.168588 0.000662
v -0.046806 0.398392 0.002571
v -0.042454 0.402418 0.000105
v -0.046972 0.092163 -0.006516
v -0.011084 -0.248619 -0.007655
v -0.028102 -0.034902 -0.009059
v -0.043243 0.056229 -0.008182
v -0.040972 -0.134728 -0.009171
v -0.032082 -0.042170 -0.009646
v -0.046611 0.102070 -0.015473
v -0.045168 0.078036 -0.025180
v -0.045192 0.489643 -0.031781
v -0.044442 0.074796 -0.029660
v -0.034202 0.106604 -0.029361
v -0.037350 0.097611 -0.039918
v -0.045801 0.064164 -0.046222
v -0.040655 0.089489 -0.059062
v -0.036655 0.560653 -0.053324
v -0.044125 0.061654 -0.076375
v -0.026117 -0.271123 0.017300
v -0.038654 -0.291486 0.005972
v -0.040898 -0.284681 0.004293
v -0.033372 0.400580 0.003297
v -0.018680 -0.435314 0.001249
v -0.021277 -0.138701 0.000055
v -0.041764 -0.134365 -0.000493
v -0.040008 0.429541 -0.010320
v -0.022622 -0.269028 -0.006718
v -0.047212 -0.226499 -0.007304
v -0.028495 -0.017628 -0.008979
v -0.037130 0.005219 -0.006019
v -0.037861 0.039167 -0.006641
v -0.044047 0.063760 -0.009814
v -0.046582 -0.107751 -0.014541
v -0.043526 -0.105634 -0.013709
v -0.042386 0.096591 -0.012934
v -0.027632 -0.423938 -0.017357
v -0.034073 0.150402 -0.021053
v -0.032940 0.116582 -0.024040
v -0.045887 0.066102 -0.036277
v -0.032410 0.523547 -0.040662
v -0.035886 0.490152 -0.049823
v -0.019868 -0.437424 -0.106174
v -0.029103 -0.382072 -0.094403
v -0.027444 0.064907 0.006714
v -0.028539 0.018533 0.004344
v 0.036342 -0.422995 0.000625
v -0.042544 0.232806 0.000199
v -0.040807 0.099701 -0.004376
v -0.040538 0.202578 -0.004558
v -0.039802 0.400984 -0.004638
v -0.017335 -0.436050 -0.007564
v -0.039852 -0.108672 -0.009134
v -0.040716 0.100019 -0.009057
v -0.040445 0.206524 -0.008920
v -0.039751 0.398294 -0.008639
v -0.043876 0.076660 -0.014630
v -0.042347 0.229240 -0.013275
v -0.042263 0.401554 -0.012828
v -0.039336 0.061424 -0.013998
v -0.040307 0.074578 -0.022184
v -0.032081 0.405714 -0.022023
v -0.016779 -0.436822 -0.049406
v -0.036840 0.432609 -0.029942
v -0.035848 0.462255 -0.040225
v -0.034108 0.475701 -0.045350
v -0.033719 0.558876 -0.051073
v -0.036561 0.089411 -0.059522
v -0.008219 -0.297045 0.008771
v -0.027350 0.108907 0.006902
v -0.023961 -0.159410 -0.008334
v -0.038538 -0.108651 -0.012630
v -0.036356 0.451333 -0.018416
v -0.037238 0.061470 -0.025228
v -0.035191 0.468373 -0.024430
v -0.018246 -0.424497 -0.020116
v -0.040244 0.065033 -0.030319
v -0.022680 0.533918 -0.042468
v -0.035901 0.060024 -0.068552
v -0.030726 -0.409847 -0.094869
v -0.034687 -0.296469 -0.096982
v -0.030633 -0.082292 -0.096852
v -0.014097 0.061326 -0.103357
v -0.031477 0.266611 0.008675
v -0.024083 -0.293944 0.006368
v -0.022800 -0.296420 0.003434
v -0.033457 0.417319 -0.001734
v -0.029303 0.431441 -0.006585
v -0.029280 0.043117 -0.009122
v -0.033171 0.455466 -0.010740
v -0.029689 0.051942 -0.013796
v -0.031110 0.449242 -0.013790
v -0.032907 0.458810 -0.015357
v -0.032200 0.470325 -0.015044
v -0.034444 0.376066 -0.013852
v -0.035454 0.395815 -0.016760
v -0.033687 0.464862 -0.020806
v -0.031251 0.055713 -0.024277
v -0.032699 0.502898 -0.026706
v -0.032080 0.484600 -0.027857
v -0.032400 0.505794 -0.033822
v -0.035008 0.092816 -0.044803
v -0.031932 0.457744 -0.039845
v -0.012500 -0.424342 -0.069272
v -0.033820 0.469680 -0.048298
v -0.019508 0.517245 -0.059303
v -0.012839 -0.436215 -0.078159
v -0.032010 0.055258 -0.084946
v -0.034655 0.087178 -0.096691
v -0.023813 -0.269006 0.016712
v -0.021649 -0.242833 0.015186
v -0.008776 -0.296598 0.010418
v -0.025520 -0.292628 0.013539
v -0.025895 -0.239631 0.003431
v -0.028608 0.163504 0.006869
v -0.030147 0.222282 0.007024
v -0.028968 0.407765 -0.004130
v -0.030478 -0.045348 -0.005313
v -0.031021 0.237828 -0.012479
v -0.032762 0.331770 -0.011468
v -0.033483 0.396440 -0.010306
v -0.023910 -0.130922 -0.008941
v -0.027214 0.012644 -0.008057
v -0.027754 0.468354 -0.011888
v -0.029185 0.472685 -0.020366
v -0.029031 0.117511 -0.019850
v -0.032983 0.241613 -0.016934
v -0.030372 0.497680 -0.028305
v -0.029082 0.523630 -0.028762
v -0.031758 0.511191 -0.036004
v -0.029272 0.055263 -0.059797
v -0.027877 0.443036 -0.036540
v -0.027304 0.546852 -0.047496
v -0.030400 0.460976 -0.050876
v -0.029443 0.469265 -0.054345
v -0.029815 0.474197 -0.053750
v -0.025019 0.535503 -0.065350
v -0.032325 0.551090 -0.069384
v -0.029721 0.081494 -0.097709
v 0.028424 -0.348575 -0.105613
v -0.022272 -0.230830 0.016912
v -0.023831 -0.240790 0.006063
v -0.019721 -0.230289 0.004970
v -0.016786 -0.267692 0.001670
v -0.017774 -0.229139 0.000504
v -0.026708 0.060279 0.001031
v -0.025386 -0.130206 -0.001268
v -0.026244 0.009560 0.001099
v -0.020577 -0.045194 -0.008899
v -0.023653 0.048676 -0.007641
v -0.027001 0.060965 -0.003946
v -0.026424 0.067479 -0.044172
v -0.027455 0.086031 -0.020163
v -0.029494 0.178167 -0.014685
v -0.023989 0.455280 -0.012171
v -0.012067 -0.404083 -0.010623
v -0.015730 -0.136329 -0.009333
v -0.025544 0.472588 -0.019983
v -0.025336 0.062311 -0.042117
v -0.022574 0.418575 -0.024238
v -0.017015 0.480587 -0.022542
v -0.023470 0.421368 -0.028010
v -0.020256 0.504637 -0.028732
v -0.029867 0.510981 -0.026613
v -0.029094 0.100758 -0.027782
v -0.027835 0.505520 -0.030323
v -0.024984 0.523782 -0.035620
v -0.029371 0.087594 -0.040975
v -0.029467 0.082496 -0.062785
v -0.024651 0.480697 -0.049200
v -0.025526 0.063440 -0.093606
v 0.002696 -0.379123 -0.094252
v 0.009008 -0.000477 -0.096274
v -0.019853 -0.237702 0.004623
v -0.021185 -0.049939 -0.004401
v -0.020591 -0.046916 -0.001757
v -0.020748 0.418745 -0.012560
v -0.021936 0.450235 -0.013132
v -0.021112 0.499739 -0.028005
v -0.017992 0.523064 -0.028182
v -0.015643 0.456004 -0.040523
v -0.019715 0.524887 -0.039065
v -0.016922 0.461753 -0.050761
v -0.021657 0.530276 -0.060370
v -0.013932 0.475616 -0.057232
v -0.023404 0.062310 -0.087651
v -0.021869 0.525507 -0.060949
v 0.018584 -0.415343 -0.093870
v -0.011485 -0.333771 -0.094738
v 0.023032 -0.157788 -0.096568
v 0.028907 -0.070778 -0.096347
v -0.014607 0.048333 -0.096074
v 0.013834 -0.434178 -0.107418
v -0.020543 -0.229664 0.010433
v -0.013481 -0.256802 0.001752
v -0.018227 0.060102 0.001213
v -0.013002 -0.219037 -0.007505
v -0.016443 -0.054083 -0.008170
v -0.016719 0.051637 -0.012133
v -0.014058 0.427957 -0.019918
v -0.017674 0.457123 -0.018655
v -0.016487 0.477902 -0.022569
v -0.024793 0.053577 -0.025561
v -0.015611 0.506978 -0.028320
v -0.015883 0.508188 -0.026745
v -0.015229 0.428394 -0.032481
v -0.008208 0.439666 -0.040776
v -0.018980 0.527884 -0.052320
v 0.002677 0.051852 -0.046619
v -0.013711 0.482032 -0.052752
v -0.015577 0.494852 -0.052965
v -0.013054 0.468810 -0.057365
v -0.015577 0.519263 -0.068374
v 0.046051 -0.242988 -0.096265
v 0.033768 -0.124480 -0.103143
v -0.000636 -0.269230 0.012783
v -0.010973 -0.297627 0.001015
v -0.011811 -0.122048 -0.000818
v -0.003610 0.060506 0.000251
v -0.014530 -0.057014 -0.003857
v 0.001746 -0.183139 -0.008973
v -0.010869 -0.122497 -0.008879
v -0.012753 -0.008770 -0.008486
v -0.003703 0.027915 -0.009069
v -0.005212 -0.064062 -0.010808
v 0.004014 0.060447 -0.027928
v -0.016091 0.457685 -0.020017
v -0.011580 0.451235 -0.031917
v -0.011210 0.467648 -0.035816
v -0.014445 0.482518 -0.037979
v -0.014323 0.487958 -0.041919
v -0.016452 0.519087 -0.040586
v -0.006279 0.433045 -0.038832
v -0.008395 0.450876 -0.040578
v -0.015355 0.525160 -0.043220
v -0.014243 0.488944 -0.049720
v -0.015897 0.514054 -0.047568
v -0.017247 0.514448 -0.057642
v -0.010805 0.530068 -0.071247
v -0.007422 -0.066406 -0.004519
v 0.004330 -0.331301 -0.009144
v -0.009631 -0.063309 -0.008145
v 0.010926 -0.357577 -0.009907
v -0.010076 0.433927 -0.026899
v -0.010420 0.448843 -0.029703
v -0.011972 0.478742 -0.042736
v -0.011032 0.519179 -0.040751
v -0.007995 0.527247 -0.045621
v -0.009895 0.461149 -0.053758
v -0.009670 0.477679 -0.054164
v -0.011993 0.487947 -0.054149
v -0.013378 0.517344 -0.058053
v -0.012660 0.533317 -0.061031
v 0.010992 -0.296861 -0.096491
v -0.001269 -0.108839 -0.001120
v -0.005235 -0.115538 -0.010237
v -0.007170 0.047798 -0.008395
v -0.000370 -0.050886 -0.009511
v 0.009719 -0.018323 -0.009645
v -0.003270 0.432505 -0.030354
v -0.004395 0.459751 -0.036459
v -0.005686 0.464953 -0.045379
v -0.007351 0.473790 -0.047436
v -0.006260 0.518544 -0.044144
v -0.005143 0.457523 -0.045962
v -0.007413 0.475266 -0.051059
v -0.006915 0.473649 -0.054468
v -0.001552 0.517785 -0.054570
v -0.005647 0.532001 -0.056324
v -0.003131 0.517595 -0.074676
v 0.006131 0.060351 -0.102674
v -0.005069 0.524718 -0.077240
v -0.003224 0.050148 -0.094017
v 0.022777 -0.263617 -0.096976
v -0.006887 0.051954 -0.093654
v 0.035033 -0.406884 -0.107228
v 0.085187 -0.028789 -0.103042
v -0.000975 -0.229964 0.003957
v 0.001656 -0.044346 -0.000133
v -0.000794 -0.102807 -0.005156
v -0.000659 -0.075291 -0.004837
v 0.011638 -0.408659 -0.010514
v 0.005214 -0.129027 -0.009176
v 0.000069 -0.105227 -0.010551
v 0.002321 -0.078865 -0.009481
v 0.016989 -0.423909 -0.019639
v 0.004046 0.448666 -0.030011
v -0.003900 0.450758 -0.037731
v -0.000985 0.489902 -0.056922
v -0.000929 0.520786 -0.054360
v -0.002052 0.527135 -0.057820
v 0.009155 0.516614 -0.066696
v 0.011196 -0.325241 -0.095428
v 0.025447 -0.117636 -0.096285
v 0.014618 -0.285227 0.009545
v 0.014906 -0.296592 0.007107
v 0.017385 -0.432451 0.000422
v 0.000224 -0.067493 -0.001993
v 0.003690 -0.086826 -0.001205
v 0.026655 -0.280920 -0.007773
v 0.004770 -0.235074 -0.009296
v 0.006597 -0.148187 -0.009459
v 0.002431 -0.089730 -0.008729
v 0.015281 -0.420359 -0.013209
v 0.014308 0.447592 -0.043563
v 0.005583 0.446014 -0.043448
v 0.009806 0.493726 -0.053760
v -0.001193 0.533125 -0.061308
v 0.024653 -0.295758 0.000431
v 0.016888 -0.260091 -0.007762
v 0.020669 0.048976 -0.011874
v 0.007858 0.435844 -0.027412
v 0.005846 0.432279 -0.029840
v 0.008826 0.433882 -0.043168
v 0.006736 0.478650 -0.043265
v 0.006404 0.491290 -0.043755
v 0.020393 0.476641 -0.055015
v 0.003572 0.476099 -0.057268
v 0.005965 0.520410 -0.058088
v 0.009202 0.527776 -0.062471
v 0.022161 0.048930 -0.086439
v 0.005349 0.520454 -0.078596
v 0.029194 -0.269083 0.009046
v 0.031386 -0.248274 0.000875
v 0.019695 -0.107735 -0.010309
v 0.024707 0.025256 -0.009142
v 0.018696 -0.432316 -0.063790
v 0.023268 0.447842 -0.039704
v 0.010916 0.476111 -0.046714
v 0.016017 0.476341 -0.057636
v 0.015777 -0.424013 -0.087098
v 0.015474 0.490043 -0.062188
v 0.010405 0.519378 -0.062855
v 0.009461 0.525725 -0.074683
v 0.038290 -0.391937 -0.094817
v 0.037005 -0.214620 -0.096612
v 0.038165 -0.029769 -0.096148
v 0.045658 -0.300725 0.000376
v 0.018299 -0.122980 -0.000010
v 0.019661 0.057988 0.000022
v 0.014096 -0.064724 -0.009985
v 0.014617 0.433212 -0.031018
v 0.024038 0.491531 -0.048629
v 0.025056 0.494442 -0.054361
v 0.010655 0.518439 -0.073316
v 0.042236 -0.426138 0.001112
v 0.034380 -0.268584 0.000627
v 0.031288 -0.232641 -0.010261
v 0.024309 0.044398 -0.008734
v 0.025353 0.048483 -0.022149
v 0.018006 0.478976 -0.046438
v 0.017475 0.444158 -0.048333
v 0.024887 0.493804 -0.060511
v 0.020479 0.058070 -0.103328
v 0.029890 0.037712 -0.095518
v 0.033507 -0.229718 0.001693
v 0.066421 0.031687 0.000235
v 0.029681 -0.411570 -0.012787
v 0.019899 -0.084492 -0.009708
v 0.020855 -0.420042 -0.016684
v 0.020347 0.447092 -0.032163
v 0.024249 0.056323 -0.051402
v 0.023665 0.433686 -0.038013
v 0.020277 0.433067 -0.045381
v 0.022364 0.437230 -0.047876
v 0.025339 0.480505 -0.050741
v 0.018971 -0.421922 -0.090727
v 0.001185 -0.220228 -0.104257
v 0.033412 -0.249475 -0.009284
v 0.044278 -0.215943 -0.008996
v 0.022165 -0.420534 -0.031879
v 0.024371 0.436987 -0.035146
v 0.024375 0.444554 -0.034912
v 0.023162 0.443340 -0.047349
v 0.022850 0.489695 -0.063941
v 0.020121 0.047954 -0.094181
v 0.030621 -0.414683 -0.089016
v 0.050758 -0.360784 -0.095048
v 0.042963 -0.325756 -0.095244
v 0.073347 -0.214413 -0.095911
v 0.038474 0.036138 -0.008961
v 0.040347 -0.136882 -0.010010
v 0.032937 -0.415075 -0.022058
v 0.026324 0.440480 -0.041912
v 0.034440 -0.414424 -0.071756
v 0.025824 0.482205 -0.058244
v 0.028067 0.489782 -0.057870
v 0.031854 0.054099 -0.102727
v 0.033790 0.041243 -0.094577
v 0.035375 -0.429626 -0.108020
v 0.038676 -0.293619 0.006854
v 0.038077 -0.428352 -0.000385
v 0.039479 -0.294057 0.000542
v 0.038460 -0.270221 0.000371
v 0.034560 -0.228828 0.000070
v 0.035989 -0.297514 -0.008945
v 0.036028 -0.271253 -0.009193
v 0.067728 -0.364220 -0.009739
v 0.039184 0.041325 -0.012010
v 0.036476 -0.415125 -0.037769
v 0.042232 0.041501 -0.029741
v 0.038785 -0.427753 -0.064136
v 0.033326 0.044505 -0.088362
v 0.032029 -0.406528 -0.093839
v 0.050159 -0.072167 -0.010187
v 0.043311 -0.412900 -0.019360
v 0.078773 -0.059423 -0.102957
v 0.037761 -0.268900 0.007320
v 0.071773 -0.113535 0.000128
v 0.032074 0.054232 0.000148
v 0.075187 -0.328686 -0.009272
v 0.058395 -0.178803 -0.010111
v 0.041982 0.040271 -0.084736
v 0.045799 -0.411607 -0.081566
v 0.039761 -0.411791 -0.089312
v 0.043107 0.032505 -0.093995
v 0.057242 -0.084590 -0.095668
v 0.064118 -0.189614 -0.104302
v 0.083654 -0.050737 -0.000040
v 0.048018 -0.272672 -0.008544
v 0.052810 -0.407986 -0.012803
v 0.065833 -0.397467 -0.011849
v 0.058332 -0.010901 -0.010104
v 0.049040 0.035041 -0.012118
v 0.040729 0.049836 -0.048234
v 0.052563 -0.423432 -0.066648
v 0.049896 0.044252 -0.103150
v 0.040989 0.039324 -0.090367
v 0.059627 -0.287227 -0.097141
v 0.058042 -0.121297 -0.094637
v 0.050600 0.017330 -0.095287
v 0.085916 -0.328890 -0.106785
v 0.078890 -0.241480 -0.105449
v 0.071402 -0.089247 0.000108
v 0.058008 -0.299682 -0.009144
v 0.061259 0.015413 -0.009173
v 0.051230 0.043181 -0.044063
v 0.054913 -0.423190 -0.108713
v 0.062989 -0.408009 -0.086861
v 0.061756 -0.401315 -0.093736
v 0.050756 -0.424410 0.000138
v 0.072297 -0.411988 0.001367
v 0.073728 -0.394434 -0.011534
v 0.059662 -0.087131 -0.009549
v 0.053844 0.032744 -0.024240
v 0.053380 0.031347 -0.080886
v 0.055868 0.026109 -0.089886
v 0.055734 0.020628 -0.093895
v 0.073136 -0.012803 -0.095434
v 0.059284 -0.130893 -0.008620
v 0.057938 -0.111948 -0.009021
v 0.066794 -0.401316 -0.013422
v 0.065946 -0.145446 -0.009758
v 0.059632 0.024781 -0.012376
v 0.062034 -0.408378 -0.019475
v 0.060553 -0.162296 -0.095473
v 0.064669 0.009769 -0.095376
v 0.084949 0.001615 -0.000067
v 0.053198 0.043648 -0.000578
v 0.061480 -0.103440 -0.012630
v 0.067123 -0.058837 -0.009370
v 0.066459 -0.406634 -0.089814
v 0.060553 -0.095489 -0.093961
v 0.093591 -0.265441 -0.096894
v 0.077395 -0.383120 -0.107634
v 0.076051 -0.412372 -0.000207
v 0.076021 -0.258856 -0.009227
v 0.071212 -0.414777 -0.021078
v 0.066018 -0.084518 -0.012793
v 0.067734 0.015588 -0.012315
v 0.067164 -0.406272 -0.017291
v 0.063230 -0.126229 -0.011992
v 0.061361 0.035081 -0.049436
v 0.065480 -0.127436 -0.028650
v 0.063414 -0.101513 -0.024750
v 0.063189 -0.113414 -0.045233
v 0.063959 -0.099424 -0.060515
v 0.062738 -0.117596 -0.088200
v 0.061940 0.033598 -0.103305
v 0.065669 -0.128545 -0.085589
v 0.062982 0.019930 -0.081805
v 0.066299 -0.087778 -0.087237
v 0.061857 -0.102360 -0.089398
v 0.065885 -0.080722 -0.094656
v 0.067335 -0.047954 -0.095798
v 0.069258 -0.112599 -0.102478
v 0.070900 -0.095258 -0.102523
v 0.081058 -0.210432 0.000118
v 0.077848 -0.161543 -0.008155
v 0.073645 -0.049065 -0.008678
v 0.075408 -0.004286 -0.008274
v 0.069668 -0.069396 -0.012205
v 0.069898 -0.138419 -0.016402
v 0.069803 -0.074297 -0.017074
v 0.072928 -0.400186 -0.020197
v 0.065154 0.020772 -0.028559
v 0.070509 -0.402910 -0.073330
v 0.069455 -0.072718 -0.089634
v 0.069841 0.023766 -0.102212
v 0.067286 -0.143779 -0.093803
v 0.069554 -0.061236 -0.094256
v 0.087613 -0.383547 -0.094107
v 0.096053 -0.346671 -0.095306
v 0.078951 -0.162080 -0.095247
v 0.099274 -0.394799 0.000767
v 0.080345 -0.136922 0.000005
v 0.087443 -0.007346 0.000066
v 0.071436 -0.142284 -0.012224
v 0.073706 -0.058165 -0.011947
v 0.073877 0.007215 -0.012742
v 0.072090 -0.065099 -0.022732
v 0.070591 0.024795 -0.044058
v 0.070427 -0.107864 -0.044516
v 0.070417 -0.098997 -0.085621
v 0.072570 -0.056557 -0.088936
v 0.070957 -0.139294 -0.067149
v 0.070160 -0.140641 -0.089472
v 0.070743 -0.400396 -0.089616
v 0.070420 -0.108551 -0.101107
v 0.073253 -0.045747 -0.094287
v 0.072504 -0.002466 -0.094089
v 0.098082 -0.371228 -0.093959
v 0.074191 -0.123724 -0.001097
v 0.071728 -0.099974 -0.000744
v 0.077086 -0.075335 -0.000335
v 0.075145 0.021068 -0.000904
v 0.071231 -0.096635 -0.029667
v 0.078658 -0.153019 -0.012858
v 0.078447 -0.040605 -0.013503
v 0.076231 0.004501 -0.025912
v 0.071491 -0.117479 -0.058209
v 0.071356 0.005777 -0.088657
v 0.073157 -0.123589 -0.101208
v 0.075523 -0.073835 -0.101549
v 0.077659 -0.039795 -0.087553
v 0.074139 -0.413484 -0.108931
v 0.079409 -0.395655 -0.084322
v 0.077833 -0.390277 -0.093648
v 0.076686 -0.027438 -0.094400
v 0.091359 -0.240836 -0.096180
v 0.085311 -0.173355 -0.095208
v 0.082408 -0.390696 -0.012947
v 0.081661 -0.210181 -0.009772
v 0.078727 -0.007734 -0.011383
v 0.078773 -0.043850 -0.023531
v 0.080918 -0.027634 -0.028113
v 0.079820 -0.008570 -0.033157
v 0.093248 -0.399778 0.000283
v 0.076834 -0.132251 -0.101234
v 0.079225 -0.026622 -0.087839
v 0.077930 -0.013443 -0.088997
v 0.080219 -0.156719 -0.089394
v 0.084944 -0.390112 -0.090064
v 0.086536 -0.405505 -0.108899
v 0.082148 0.008769 -0.000849
v 0.092321 -0.381480 -0.011200
v 0.087935 -0.390496 -0.024551
v 0.084239 -0.041145 -0.055530
v 0.097842 -0.396678 -0.088527
v 0.087733 -0.390633 -0.076343
v 0.084130 -0.160308 -0.069929
v 0.077155 0.010075 -0.102907
v 0.083535 -0.042225 -0.101720
v 0.079153 -0.137864 -0.102723
v 0.119328 -0.371750 0.000342
v 0.093250 -0.159839 0.000127
v 0.085824 -0.044717 -0.001251
v 0.092257 -0.190752 -0.008378
v 0.088196 -0.178442 -0.008727
v 0.098943 -0.282065 -0.010184
v 0.105962 -0.245830 -0.010234
v 0.087945 -0.169303 -0.012213
v 0.085781 -0.024647 -0.068962
v 0.084583 -0.008219 -0.064692
v 0.084132 -0.010097 -0.103168
v 0.095324 -0.297258 -0.096918
v 0.092310 -0.194335 -0.096041
v 0.088237 -0.025828 -0.000457
v 0.094852 -0.364669 -0.010305
v 0.095836 -0.183767 -0.011850
v 0.100585 -0.377005 -0.018672
v 0.087677 -0.166622 -0.026419
v 0.089461 -0.170337 -0.082587
v 0.096186 -0.380541 -0.089358
v 0.123867 -0.212314 -0.106801
v 0.105904 -0.388224 0.001156
v 0.139011 -0.252325 0.000346
v 0.121139 -0.206551 0.000236
v 0.104133 -0.177362 0.000062
v 0.081166 -0.139286 -0.063011
v 0.094177 -0.182156 -0.094136
v 0.107098 -0.220473 -0.096058
v 0.119619 -0.373401 -0.109689
v 0.102187 -0.372361 -0.012749
v 0.104428 -0.209323 -0.009659
v 0.103193 -0.195888 -0.012169
v 0.097902 -0.182869 -0.029018
v 0.097602 -0.182544 -0.082515
v 0.105168 -0.372774 -0.069005
v 0.090939 -0.156039 -0.103223
v 0.118000 -0.321934 -0.095724
v 0.102357 -0.174533 -0.103810
v 0.106134 -0.388756 -0.109132
v 0.111318 -0.361099 -0.010890
v 0.115722 -0.350785 -0.010898
v 0.105233 -0.195806 -0.052911
v 0.100910 -0.376596 -0.085732
v 0.103798 -0.197406 -0.089745
v 0.103526 -0.367825 -0.094357
v 0.111267 -0.212622 -0.012551
v 0.109691 -0.366876 -0.019438
v 0.114966 -0.359696 -0.086580
v 0.109912 -0.384261 -0.052445
v 0.112015 -0.357678 -0.093227
v 0.104777 -0.204110 -0.093813
v 0.121685 -0.260719 -0.095589
v 0.115222 -0.238049 -0.094866
v 0.116000 -0.197114 -0.000523
v 0.122962 -0.291852 -0.010492
v 0.112964 -0.210079 -0.032051
v 0.111580 -0.210979 -0.090079
v 0.119456 -0.338005 -0.094998
v 0.143093 -0.306934 0.000279
v 0.116434 -0.341310 -0.010895
v 0.120839 -0.255182 -0.010433
v 0.116565 -0.226032 -0.012033
v 0.115848 -0.358446 -0.025029
v 0.104924 -0.178192 -0.046570
v 0.119187 -0.226755 -0.046555
v 0.113615 -0.211013 -0.071276
v 0.114636 -0.194518 -0.105293
v 0.116106 -0.351407 -0.092356
v 0.113023 -0.221572 -0.094511
v 0.123996 -0.291617 -0.096073
v 0.121487 -0.370154 -0.000934
v 0.119209 -0.238817 -0.012548
v 0.120249 -0.343946 -0.012871
v 0.117508 -0.222778 -0.018765
v 0.122524 -0.341458 -0.026539
v 0.120141 -0.348457 -0.073229
v 0.119383 -0.373166 -0.072435
v 0.123412 -0.338239 -0.088017
v 0.138622 -0.251750 -0.107642
v 0.137024 -0.338517 0.000547
v 0.131752 -0.230404 0.000249
v 0.122707 -0.324600 -0.012518
v 0.124807 -0.254667 -0.011724
v 0.126745 -0.321328 -0.019787
v 0.122923 -0.236853 -0.060571
v 0.119355 -0.230771 -0.087858
v 0.124216 -0.246072 -0.089558
v 0.126727 -0.312933 -0.094131
v 0.128126 -0.305852 -0.013059
v 0.128489 -0.276650 -0.012496
v 0.127978 -0.261917 -0.015813
v 0.127065 -0.324519 -0.054228
v 0.127846 -0.255014 -0.051878
v 0.126836 -0.321835 -0.088711
v 0.124139 -0.252777 -0.094702
v 0.130424 -0.354143 -0.000577
v 0.131028 -0.294365 -0.024509
v 0.131562 -0.308489 -0.036631
v 0.129280 -0.274415 -0.042635
v 0.131517 -0.308300 -0.086542
v 0.131010 -0.290412 -0.084369
v 0.128274 -0.260021 -0.089292
v 0.129890 -0.355418 -0.108712
v 0.128787 -0.289554 -0.094286
v 0.133676 -0.235144 -0.106890
v 0.131621 -0.229964 -0.059312
v 0.140401 -0.261635 -0.107638
v 0.143014 -0.277417 0.000327
v 0.136678 -0.339694 -0.108803
v 0.140007 -0.328446 -0.000496
v 0.139047 -0.254498 -0.050175
v 0.139875 -0.327297 -0.109386
v 0.142563 -0.307610 -0.108881
v 0.142444 -0.279050 -0.107668
vn -0.9998 0.0173 -0.0036
vn -0.9997 0.0234 -0.0018
vn -0.9998 0.0217 -0.0023
vn -0.9999 0.0160 -0.0040
vn -0.9981 -0.0605 0.0106
vn -0.9993 0.0090 0.0350
vn -0.9995 -0.0318 0.0037
vn -0.9853 0.1701 0.0131
vn -0.9851 0.1716 0.0140
vn -0.9835 0.1802 0.0185
vn -0.9852 -0.1711 0.0070
vn -0.9688 0.2478 0.0043
vn -0.9851 0.1718 -0.0026
vn -0.9835 0.1809 -0.0050
vn -0.9847 0.1745 -0.0033
vn -0.9634 -0.2679 0.0081
vn -0.9831 0.1832 -0.0056
vn -0.9810 -0.1940 0.0009
vn -0.9832 0.1818 0.0193
vn -0.9792 -0.1993 0.0380
vn -0.9782 -0.2051 0.0334
vn -0.9782 -0.2049 0.0338
vn -0.9379 -0.3468 0.0021
vn -0.9382 -0.3462 0.0018
vn -0.9373 -0.3485 0.0031
vn -0.9795 -0.1978 0.0391
vn -0.2101 -0.0211 -0.9775
vn -0.9498 0.3128 -0.0046
vn -0.9492 0.3145 0.0057
vn -0.9498 0.3129 -0.0038
vn -0.9371 -0.3490 0.0034
vn -0.9500 0.3123 0.0060
vn -0.9488 0.3158 0.0041
vn -0.9339 0.3574 0.0044
vn -0.9055 -0.4243 0.0110
vn -0.9143 0.4049 -0.0075
vn -0.8732 -0.4873 0.0026
vn -0.2900 -0.1251 0.9488
vn -0.9172 0.3982 0.0148
vn 0.6153 -0.2082 -0.7603
vn -0.9044 0.4268 -0.0003
vn -0.9111 0.4121 0.0081
vn 0.0159 0.0064 -0.9999
vn 0.0316 -0.0018 -0.9995
vn 0.0304 0.0092 -0.9995
vn 0.0239 0.0042 -0.9997
vn 0.0295 0.0088 -0.9995
vn -0.8289 -0.5592 0.0117
vn 0.0835 0.0100 -0.9965
vn 0.0868 0.0121 -0.9962
vn 0.0848 0.0102 -0.9963
vn 0.1753 -0.0013 -0.9845
vn 0.6543 0.1660 -0.7378
vn 0.6561 0.1671 -0.7360
vn 0.6594 0.1692 -0.7325
vn 0.6610 0.1701 -0.7309
vn -0.7580 -0.6523 0.0048
vn -0.7576 -0.6527 0.0047
vn -0.7569 -0.6535 0.0044
vn 0.0327 0.0018 -0.9995
vn 0.0244 0.0031 -0.9997
vn 0.0869 0.0125 -0.9961
vn 0.2015 -0.0235 -0.9792
vn 0.2366 -0.0450 -0.9706
vn -0.7420 -0.6704 0.0052
vn -0.7566 -0.6539 0.0043
vn 0.6446 0.3493 -0.6800
vn -0.8663 0.4996 -0.0035
vn -0.8670 0.4982 -0.0027
vn -0.8666 0.4990 -0.0029
vn -0.8662 0.4996 0.0084
vn -0.8671 0.4981 0.0091
vn -0.8658 0.5003 0.0077
vn -0.4039 -0.3071 -0.8617
vn 0.2023 -0.0917 -0.9750
vn 0.2018 -0.0916 -0.9751
vn 0.2005 -0.0915 -0.9754
vn 0.8129 -0.3845 -0.4374
vn 0.5782 0.3066 -0.7561
vn 0.5992 0.3605 -0.7148
vn -0.7058 -0.7084 -0.0051
vn -0.6871 -0.7255 0.0403
vn 0.0814 0.0094 -0.9966
vn 0.2001 -0.0914 -0.9755
vn 0.8567 -0.5155 -0.0196
vn -0.8494 0.5278 0.0053
vn -0.8468 0.5318 0.0060
vn -0.8507 0.5256 0.0036
vn 0.0071 0.0064 -1.0000
vn 0.0044 0.0049 -1.0000
vn -0.0050 0.0083 -1.0000
vn 0.0261 0.0037 -0.9997
vn 0.0085 0.0132 -0.9999
vn 0.0050 0.0181 -0.9998
vn 0.0059 0.0188 -0.9998
vn 0.0040 0.0148 -0.9999
vn 0.2215 -0.1217 -0.9675
vn 0.7899 -0.4032 -0.4621
vn 0.4046 0.4490 -0.7967
vn -0.6164 -0.7874 -0.0037
vn 0.0056 0.0095 -0.9999
vn -0.1803 0.1265 -0.9754
vn 0.6041 0.6834 -0.4099
vn -0.8473 0.5311 -0.0003
vn -0.8439 0.5364 0.0010
vn -0.6281 -0.7781 0.0037
vn 0.0016 0.0029 -1.0000
vn 0.0038 0.0106 -0.9999
vn 0.2372 -0.1189 -0.9642
vn 0.2181 -0.1039 -0.9704
vn -0.5383 -0.8427 -0.0034
vn -0.5398 -0.8418 -0.0037
vn -0.5406 -0.8413 -0.0039
vn 0.8649 -0.5016 -0.0195
vn 0.8667 -0.4985 -0.0187
vn 0.8675 -0.4971 -0.0184
vn -0.5376 -0.8432 -0.0033
vn 0.8170 -0.5708 0.0817
vn -0.5643 -0.8249 0.0315
vn 0.0080 0.0099 -0.9999
vn 0.3101 0.4070 -0.8591
vn 0.1565 0.2915 -0.9437
vn -0.8429 0.5381 0.0060
vn 0.0003 0.0175 -0.9998
vn -0.9840 0.1740 -0.0378
vn -0.9719 0.2353 -0.0065
vn 0.6698 -0.4993 -0.5496
vn -0.9981 -0.0614 -0.0000
vn -0.9757 0.2193 0.0032
vn -0.9770 0.2134 0.0047
vn -0.9760 0.2175 0.0037
vn 0.8167 -0.5769 -0.0110
vn -0.9960 -0.0889 -0.0060
vn -0.9913 0.1317 -0.0028
vn 0.0237 0.0575 -0.9981
vn -0.9354 -0.2658 0.2330
vn -0.9627 -0.2705 -0.0082
vn -0.9614 -0.2750 -0.0068
vn -0.9623 -0.2719 -0.0077
vn -0.9610 -0.2763 -0.0064
vn -0.9774 0.2113 0.0052
vn -0.8617 0.5073 0.0040
vn -0.2634 -0.0075 -0.9647
vn 0.1314 -0.1650 -0.9775
vn 0.3683 0.7808 -0.5047
vn -0.9149 0.4037 -0.0031
vn -0.9004 0.4343 -0.0265
vn -0.8110 0.5834 0.0436
vn -0.4652 -0.8852 -0.0048
vn -0.4668 -0.8843 -0.0043
vn -0.4700 -0.8827 -0.0034
vn -0.8835 0.4684 -0.0057
vn -0.8856 0.4644 -0.0038
vn -0.8842 0.4671 -0.0051
vn 0.8321 -0.5545 -0.0090
vn 0.8324 -0.5540 -0.0094
vn 0.8350 -0.5501 -0.0132
vn -0.9743 -0.2252 -0.0056
vn -0.4715 -0.8819 -0.0030
vn -0.8855 0.4647 0.0047
vn -0.8864 0.4630 -0.0032
vn -0.8940 0.4478 0.0140
vn -0.4583 -0.8887 0.0141
vn -0.4585 -0.8886 0.0143
vn -0.4585 -0.8886 0.0142
vn -0.4587 -0.8885 0.0145
vn -0.8822 -0.2879 -0.3726
vn -0.7095 0.3782 -0.5946
vn 0.0029 0.0131 -0.9999
vn -0.0164 0.0023 -0.9999
vn -0.0133 0.0091 -0.9999
vn -0.0172 0.0028 -0.9998
vn 0.0120 -0.0147 -0.9998
vn -0.9867 0.1617 -0.0185
vn -0.9882 -0.1499 -0.0304
vn 0.1127 0.3049 -0.9457
vn 0.1118 0.3045 -0.9459
vn 0.1124 0.3048 -0.9458
vn -0.9959 -0.0888 -0.0145
vn -0.9706 0.2404 0.0072
vn -0.8714 0.4905 -0.0018
vn -0.9723 0.2295 -0.0446
vn -0.9835 -0.1806 0.0117
vn -0.9954 -0.0959 0.0053
vn -0.9604 0.2786 0.0041
vn -0.9616 0.2743 0.0059
vn -0.9607 0.2775 0.0046
vn -0.9620 0.2731 0.0065
vn -0.9957 0.0920 0.0093
vn -0.9997 -0.0135 0.0192
vn -0.8698 -0.1241 -0.4775
vn -0.6665 0.3714 -0.6464
vn -0.2677 0.0864 -0.9596
vn -0.0499 0.0192 -0.9986
vn -0.0514 0.0203 -0.9985
vn -0.0421 0.0141 -0.9990
vn -0.0133 0.0035 -0.9999
vn -0.0128 0.0031 -0.9999
vn 0.4934 0.0463 -0.8686
vn 0.3633 0.0094 -0.9316
vn 0.6377 -0.1567 -0.7542
vn -0.8163 0.5777 0.0041
vn -0.2196 0.0890 0.9715
vn -0.6766 -0.0615 0.7338
vn -0.0323 0.0089 -0.9994
vn -0.0124 0.0117 -0.9999
vn 0.1634 -0.1057 -0.9809
vn 0.3946 0.1124 -0.9119
vn 0.6111 -0.2759 -0.7420
vn -0.7520 0.6589 -0.0208
vn 0.1116 0.3043 -0.9460
vn -0.7432 0.6689 -0.0153
vn -0.7547 0.6559 0.0158
vn 0.0178 0.0007 -0.9998
vn 0.1248 0.1051 -0.9866
vn -0.0365 0.1468 -0.9885
vn -0.0399 0.0127 -0.9991
vn -0.3289 -0.9444 -0.0038
vn -0.7685 0.6398 0.0091
vn -0.3551 -0.9344 0.0275
vn -0.0088 -0.0040 -1.0000
vn -0.0346 0.0348 -0.9988
vn 0.1397 -0.1016 -0.9850
vn 0.1514 0.0679 -0.9861
vn 0.4316 -0.2963 -0.8520
vn -0.6674 0.7446 -0.0150
vn 0.7292 -0.6843 -0.0004
vn 0.7302 -0.6833 -0.0001
vn 0.7268 -0.6869 -0.0012
vn -0.6456 0.7636 0.0065
vn 0.0017 0.0080 -1.0000
vn 0.0026 0.0129 -0.9999
vn 0.0029 0.0082 -1.0000
vn 0.0014 0.0074 -1.0000
vn -0.0004 0.0017 -1.0000
vn -0.0594 0.0561 -0.9967
vn 0.1928 -0.1736 -0.9658
vn 0.1446 0.0276 -0.9891
vn 0.1910 0.0097 -0.9816
vn 0.2162 0.1157 -0.9695
vn -0.0331 0.0178 -0.9993
vn -0.0331 0.0177 -0.9993
vn 0.3378 -0.2658 -0.9029
vn -0.3606 -0.9326 -0.0150
vn -0.0016 0.0093 -1.0000
vn 0.3437 -0.3014 -0.8894
vn -0.3237 -0.9461 0.0117
vn 0.6429 -0.6549 0.3972
vn 0.0676 0.0221 -0.9975
vn -0.0331 0.0491 -0.9982
vn 0.1882 0.4904 -0.8509
vn 0.1927 0.6979 -0.6898
vn 0.6568 -0.7540 0.0004
vn 0.6377 -0.7702 0.0140
vn -0.3169 -0.9472 -0.0488
vn 0.0173 0.0152 -0.9997
vn 0.0167 0.0143 -0.9998
vn 0.0176 0.0157 -0.9997
vn 0.0430 0.0382 -0.9983
vn -0.0840 0.0429 -0.9955
vn -0.0364 -0.0118 -0.9993
vn -0.0300 0.0072 -0.9995
vn -0.0646 0.0454 -0.9969
vn 0.1415 -0.1289 -0.9815
vn 0.2838 -0.2939 -0.9127
vn 0.3271 0.5430 -0.7734
vn 0.5893 -0.8073 -0.0314
vn 0.6270 -0.6837 0.3733
vn 0.0111 -0.1295 -0.9915
vn 0.1187 0.0197 -0.9927
vn 0.3033 -0.4305 -0.8501
vn 0.3041 -0.4306 -0.8498
vn 0.3143 -0.4268 -0.8480
vn 0.0164 0.0142 -0.9998
vn 0.6196 -0.7421 -0.2557
vn -0.2810 -0.9596 -0.0117
vn 0.7034 -0.6586 0.2674
vn -0.0697 -0.2256 -0.9717
vn 0.0009 0.0099 -1.0000
vn -0.7521 -0.0680 0.6555
vn -0.9617 -0.2267 0.1542
vn -0.9926 0.0547 -0.1085
vn -0.9840 -0.0602 0.1675
vn -0.7569 -0.0241 0.6531
vn 0.0341 0.0235 -0.9991
vn 0.2257 -0.0092 -0.9742
vn 0.0189 0.1195 -0.9927
vn -0.0368 0.0101 -0.9993
vn -0.0403 0.0029 -0.9992
vn -0.0371 0.0098 -0.9993
vn -0.0444 0.0124 -0.9989
vn -0.0430 0.0188 -0.9989
vn -0.0441 0.0136 -0.9989
vn -0.0429 0.0191 -0.9989
vn 0.0625 0.1819 -0.9813
vn 0.0672 0.1161 -0.9910
vn -0.2955 -0.9553 -0.0001
vn -0.2675 -0.9634 0.0195
vn -0.0757 0.0687 -0.9948
vn -0.0144 0.0063 -0.9999
vn 0.3157 -0.4261 -0.8478
vn 0.0163 0.0145 -0.9998
vn -0.8231 0.0656 0.5641
vn -0.9204 -0.3574 0.1584
vn -0.7898 0.4454 -0.4217
vn -0.6597 0.3033 -0.6876
vn 0.3452 -0.8919 0.2922
vn 0.0026 0.0066 -1.0000
vn -0.0204 -0.0274 -0.9994
vn -0.0186 -0.0277 -0.9994
vn -0.0188 -0.0275 -0.9994
vn -0.8841 -0.2976 0.3602
vn -0.7875 0.1646 0.5940
vn 0.4048 -0.9141 -0.0238
vn -0.9015 -0.3698 0.2250
vn -0.7275 -0.1386 -0.6720
vn -0.5768 -0.5089 -0.6391
vn 0.3788 -0.9254 0.0123
vn 0.3785 -0.9255 0.0124
vn 0.3773 -0.9260 0.0127
vn 0.3772 -0.9260 0.0129
vn 0.4614 -0.7276 0.5076
vn 0.0256 0.0594 -0.9979
vn -0.0070 0.0183 -0.9998
vn -0.0405 0.0023 -0.9992
vn 0.3166 -0.8286 -0.4617
vn 0.3517 -0.9348 -0.0491
vn -0.4848 -0.8743 -0.0224
vn -0.2720 -0.2776 0.9214
vn -0.8027 -0.1314 -0.5817
vn -0.2615 -0.9524 0.1566
vn -0.1625 -0.9831 0.0847
vn -0.1510 -0.8503 -0.5043
vn -0.0180 -0.9990 -0.0404
vn 0.0314 0.1117 -0.9932
vn 0.0291 0.1108 -0.9934
vn 0.0310 0.1118 -0.9932
vn 0.0645 0.0175 -0.9978
vn 0.0333 0.2300 -0.9726
vn -0.0271 0.0195 -0.9994
vn -0.0017 -0.7944 -0.6074
vn 0.1293 0.4747 -0.8706
vn -0.0008 -0.0006 -1.0000
vn -0.0011 -0.0047 -1.0000
vn 0.0607 -0.8881 -0.4556
vn 0.0291 -0.1254 -0.9917
vn 0.0162 -0.0220 -0.9996
vn 0.0154 -0.0222 -0.9996
vn 0.0105 -0.0241 -0.9997
vn 0.0097 -0.0244 -0.9997
vn 0.0167 0.0078 -0.9998
vn 0.0075 -0.2322 -0.9726
vn -0.0040 0.2175 -0.9761
vn 0.1804 -0.9830 -0.0354
vn 0.0410 -0.9988 -0.0272
vn 0.0826 -0.4900 -0.8678
vn -0.4314 -0.9019 0.0240
vn 0.0003 -0.0024 -1.0000
vn 0.0013 0.0061 -1.0000
vn 0.0009 0.0029 -1.0000
vn 0.0019 -0.9796 0.2007
vn -0.2027 -0.9791 -0.0158
vn -0.2031 -0.9790 -0.0157
vn -0.2036 -0.9789 -0.0151
vn -0.0311 -0.0063 -0.9995
vn 0.1098 -0.9866 -0.1207
vn 0.2251 -0.0672 -0.9720
vn 0.0957 0.2947 -0.9508
vn 0.1903 -0.9817 0.0074
vn 0.3137 -0.3142 -0.8961
vn 0.3247 0.1673 -0.9309
vn -0.2206 -0.9754 0.0010
vn 0.0377 0.0751 -0.9965
vn 0.0102 -0.1769 -0.9842
vn 0.0456 -0.5039 -0.8626
vn 0.1631 0.3138 -0.9354
vn -0.1662 0.0003 -0.9861
vn -0.1090 0.0323 -0.9935
vn -0.1103 0.0814 -0.9906
vn -0.0136 -0.9944 -0.1047
vn -0.2551 -0.9658 0.0463
vn -0.0239 -0.5493 -0.8353
vn -0.8842 -0.2474 0.3962
vn -0.7445 -0.6367 0.2009
vn -0.9049 0.3014 -0.3004
vn -0.8833 -0.0813 -0.4617
vn 0.1192 -0.9842 0.1312
vn -0.0065 0.0516 -0.9986
vn -0.7242 -0.5704 0.3875
vn -0.0296 0.0328 -0.9990
vn -0.0293 0.0328 -0.9990
vn -0.0335 0.0390 -0.9987
vn 0.0588 -0.0479 -0.9971
vn 0.0657 -0.0410 -0.9970
vn 0.0604 -0.0464 -0.9971
vn -0.0012 -0.0061 -1.0000
vn -0.0080 -0.0008 -1.0000
vn -0.0078 -0.0011 -1.0000
vn -0.0617 0.0299 -0.9976
vn 0.0407 0.1911 -0.9807
vn -0.0142 0.0803 -0.9967
vn -0.0454 0.0073 -0.9989
vn -0.0680 -0.1085 -0.9918
vn 0.1633 -0.9866 -0.0051
vn -0.2046 -0.9787 -0.0144
vn -0.2376 -0.9326 -0.2718
vn 0.1989 0.0873 -0.9761
vn -0.4542 0.8378 -0.3031
vn -0.7128 -0.6141 -0.3388
vn -0.4981 -0.8670 -0.0154
vn -0.1771 -0.9842 0.0052
vn -0.1858 -0.9826 0.0085
vn -0.1841 -0.9829 0.0080
vn -0.7629 -0.0232 -0.6461
vn -0.0286 0.0080 -0.9996
vn 0.0067 0.0042 -1.0000
vn 0.0077 0.0060 -1.0000
vn 0.0072 0.0041 -1.0000
vn 0.9935 -0.0521 -0.1016
vn -0.0860 0.0894 -0.9923
vn -0.0862 0.0876 -0.9924
vn -0.0861 0.0892 -0.9923
vn 0.4152 0.1384 -0.8992
vn -0.0339 -0.9961 -0.0809
vn 0.0983 0.6651 -0.7403
vn 0.1413 -0.0734 -0.9872
vn 0.0953 0.5580 -0.8243
vn -0.3623 -0.9307 -0.0510
vn -0.0833 -0.9951 -0.0542
vn -0.1381 -0.9621 -0.2353
vn -0.3872 -0.3673 -0.8457
vn -0.0129 -0.0419 -0.9990
vn -0.0206 -0.0274 -0.9994
vn -0.0340 0.0398 -0.9986
vn -0.0967 -0.2406 -0.9658
vn 0.8081 0.3963 -0.4358
vn 0.5155 0.1472 -0.8442
vn -0.0781 0.2361 -0.9686
vn 0.1781 -0.0075 -0.9840
vn 0.0065 -0.9694 -0.2454
vn -0.2369 -0.8235 0.5155
vn 0.1081 -0.3192 -0.9415
vn 0.1422 -0.1834 -0.9727
vn 0.2053 -0.0585 -0.9769
vn -0.2208 -0.9606 0.1686
vn -0.0876 -0.9958 -0.0280
vn 0.0845 -0.9964 0.0042
vn -0.2573 -0.9656 0.0374
vn -0.2142 -0.9733 0.0823
vn 0.0091 -0.9802 0.1977
vn -0.0191 -0.8085 -0.5882
vn 0.0302 -0.8713 -0.4898
vn -0.0190 0.0479 -0.9987
vn -0.0134 0.0286 -0.9995
vn -0.0175 -0.0488 -0.9987
vn 0.0668 -0.0398 -0.9970
vn 0.0269 0.1098 -0.9936
vn -0.0052 -0.0198 -0.9998
vn -0.0862 0.0874 -0.9924
vn 0.0463 -0.7267 -0.6854
vn -0.1518 -0.9884 -0.0090
vn -0.3782 -0.6644 -0.6446
vn -0.7917 0.5482 0.2695
vn -0.1747 -0.9846 0.0042
vn 0.0017 0.0086 -1.0000
vn 0.5786 0.7906 -0.2002
vn 0.7371 -0.4772 -0.4786
vn 0.0087 0.0079 -0.9999
vn 0.0587 -0.9957 -0.0720
vn -0.9547 -0.1631 0.2488
vn -0.9387 0.0628 0.3389
vn -0.8679 -0.4785 -0.1331
vn -0.9982 0.0408 -0.0433
vn 0.0641 -0.9972 -0.0382
vn -0.8105 -0.5836 0.0493
vn -0.8436 0.3003 0.4452
vn -0.9249 0.1421 0.3527
vn -0.9249 0.0239 -0.3794
vn -0.9969 -0.0480 0.0616
vn -0.3305 -0.8997 0.2853
vn -0.8689 -0.4944 0.0241
vn -0.9941 -0.1081 0.0080
vn -0.8608 -0.4925 0.1281
vn -0.9416 0.2822 -0.1834
vn 0.1318 -0.9910 0.0214
vn 0.0076 -0.9899 0.1413
vn 0.0875 -0.9890 0.1191
vn 0.1001 -0.1169 -0.9881
vn 0.0833 -0.9917 0.0976
vn 0.0183 -0.0131 -0.9997
vn 0.0183 -0.0132 -0.9997
vn -0.0020 -0.0041 -1.0000
vn -0.0506 -0.0320 -0.9982
vn 0.0007 0.0303 -0.9995
vn -0.0054 0.0101 -0.9999
vn -0.9181 0.0732 0.3894
vn -0.7492 0.1721 0.6396
vn -0.9925 0.1055 0.0620
vn -0.8132 0.0008 0.5820
vn -0.8516 0.2457 0.4631
vn -0.9813 0.0645 0.1816
vn -0.9786 0.1305 0.1593
vn -0.5220 0.7073 0.4766
vn -0.9989 -0.0281 0.0388
vn -0.9999 0.0012 0.0141
vn -0.9971 0.0610 0.0463
vn -0.9955 0.0951 0.0049
vn -0.6542 0.7544 -0.0531
vn 0.2186 -0.0171 -0.9757
vn -0.8266 -0.2230 -0.5166
vn -0.9947 0.0282 -0.0989
vn -0.9901 0.0070 -0.1402
vn -0.6306 -0.7649 -0.1312
vn -0.7171 -0.6325 -0.2927
vn 0.1422 0.4518 -0.8807
vn 0.0676 -0.9053 0.4195
vn -0.5777 -0.1136 0.8083
vn -0.9970 0.0332 0.0705
vn -0.9983 -0.0335 -0.0485
vn 0.4300 -0.8438 -0.3211
vn 0.0095 0.0539 -0.9985
vn 0.0092 0.0529 -0.9986
vn 0.0094 0.0536 -0.9985
vn 0.5541 -0.5928 -0.5844
vn 0.0066 0.0998 -0.9950
vn -0.0389 0.0020 -0.9992
vn -0.8802 -0.2102 0.4256
vn -0.6734 0.0726 0.7357
vn -0.8830 0.2015 0.4240
vn -0.9919 -0.0571 0.1134
vn 0.0083 0.6188 -0.7855
vn -0.7575 -0.6285 -0.1766
vn -0.1426 -0.9898 -0.0028
vn -0.1440 -0.9896 -0.0025
vn -0.1491 -0.9888 -0.0015
vn -0.1509 -0.9886 -0.0012
vn 0.1448 -0.5873 -0.7963
vn -0.0923 -0.3620 -0.9276
vn -0.9505 0.3032 -0.0676
vn -0.6539 0.7470 0.1202
vn 0.1243 0.8130 -0.5688
vn 0.3515 -0.0497 -0.9349
vn 0.4767 0.1698 -0.8625
vn 0.0120 -0.2082 -0.9780
vn -0.0944 0.4713 -0.8769
vn -0.1549 -0.9879 0.0072
vn -0.5682 -0.8054 -0.1687
vn 0.5841 -0.0239 -0.8113
vn 0.0019 0.0090 -1.0000
vn -0.8443 -0.4751 -0.2480
vn 0.0929 0.9136 -0.3960
vn -0.6713 0.0257 0.7407
vn 0.0183 -0.0129 -0.9997
vn -0.0087 -0.0569 -0.9983
vn -0.0217 -0.0614 -0.9979
vn 0.5649 0.8003 -0.2009
vn -0.0367 -0.0959 -0.9947
vn -0.1077 -0.8208 -0.5610
vn -0.3843 -0.4619 -0.7993
vn -0.7285 0.0983 0.6779
vn 0.0039 0.0295 -0.9996
vn 0.0043 0.0302 -0.9995
vn -0.0022 0.0382 -0.9993
vn -0.0031 0.0413 -0.9991
vn -0.7965 -0.5885 -0.1387
vn -0.2444 -0.5049 -0.8278
vn 0.1220 -0.4654 -0.8767
vn 0.0245 -0.9813 -0.1910
vn 0.0569 -0.9980 -0.0275
vn -0.8604 0.4731 -0.1894
vn 0.1326 -0.3040 -0.9434
vn 0.0052 -0.2186 -0.9758
vn 0.0041 -0.2176 -0.9760
vn 0.0107 -0.2255 -0.9742
vn -0.0089 -0.8099 -0.5866
vn 0.1434 -0.9878 -0.0608
vn 0.7586 -0.0930 -0.6448
vn -0.0042 0.0145 -0.9999
vn -0.0030 0.0199 -0.9998
vn -0.0024 0.0166 -0.9999
vn -0.8033 -0.0113 0.5954
vn -0.8901 -0.0967 0.4453
vn -0.9783 0.0049 0.2072
vn -0.9751 0.0052 0.2216
vn -0.9763 0.0306 0.2141
vn -0.9992 0.0389 -0.0096
vn -0.9996 0.0093 -0.0270
vn -1.0000 0.0034 -0.0067
vn -0.9994 0.0199 -0.0286
vn -0.7401 0.0632 0.6695
vn 0.4176 -0.6781 0.6049
vn -0.8605 -0.5052 0.0662
vn 0.0091 0.0526 -0.9986
vn -0.0102 -0.0326 -0.9994
vn 0.3439 -0.5147 -0.7854
vn -0.0292 0.0654 -0.9974
vn -0.0046 -0.0085 -1.0000
vn -0.9523 0.0411 -0.3024
vn -0.9673 0.0325 -0.2515
vn -0.0809 -0.9828 -0.1659
vn -0.9647 0.2606 0.0381
vn -0.9992 0.0388 0.0024
vn -0.8605 -0.4501 -0.2386
vn -0.8578 -0.4539 -0.2412
vn -0.8625 -0.4472 -0.2368
vn 0.0401 0.8573 -0.5132
vn -0.9972 0.0492 -0.0568
vn -0.9838 -0.0079 -0.1789
vn -0.9640 0.0507 -0.2612
vn 0.0670 -0.4301 0.9003
vn -0.9919 0.1255 -0.0171
vn -0.1345 -0.4343 -0.8907
vn -0.0423 -0.1688 -0.9847
vn -0.9762 0.2000 -0.0842
vn 0.1991 -0.8904 -0.4093
vn 0.0114 -0.2268 -0.9739
vn -0.9177 0.3836 -0.1034
vn -0.9401 0.3091 -0.1438
vn -0.9830 0.1834 0.0089
vn -0.1004 -0.2955 -0.9501
vn 0.1847 -0.8987 -0.3977
vn 0.1199 -0.9925 0.0250
vn 0.3397 -0.6186 -0.7085
vn -0.0224 0.1879 -0.9819
vn -0.9747 0.2237 0.0010
vn -0.9630 0.2693 0.0126
vn -0.9372 0.1271 -0.3248
vn 0.1112 -0.9845 0.1355
vn -0.2821 0.0120 0.9593
vn -0.5726 -0.0091 0.8198
vn -0.5863 0.0065 0.8101
vn -0.0090 -0.6058 -0.7956
vn -0.0067 -0.5983 -0.8012
vn -0.0082 -0.6033 -0.7975
vn -0.9986 0.0451 -0.0275
vn -0.9989 0.0405 -0.0252
vn -0.9988 0.0417 -0.0257
vn -0.9999 0.0100 -0.0093
vn -0.9999 0.0111 -0.0128
vn -0.9999 0.0102 -0.0112
vn -0.9299 0.3677 0.0101
vn -0.7432 0.1501 0.6520
vn -0.9985 0.0461 -0.0282
vn -0.9995 0.0300 -0.0029
vn -0.9999 0.0093 -0.0093
vn -0.9999 0.0097 -0.0085
vn -0.8159 -0.5684 0.1059
vn 0.0061 0.0175 -0.9998
vn -0.0336 -0.0708 -0.9969
vn -0.0267 0.0249 -0.9993
vn -0.0006 -0.1633 0.9866
vn 0.1382 -0.1758 0.9747
vn 0.1393 -0.1776 0.9742
vn 0.1395 -0.1773 0.9742
vn 0.0160 0.2444 -0.9696
vn -0.9161 0.0408 -0.3988
vn -0.9134 0.0143 -0.4068
vn -0.9389 0.0115 -0.3441
vn 0.5213 -0.8272 -0.2099
vn -0.6276 0.0515 -0.7768
vn -0.8384 0.0325 -0.5441
vn -0.6701 0.3487 -0.6552
vn -0.8632 -0.4463 -0.2361
vn -0.5731 0.3517 -0.7402
vn -0.3816 0.2413 -0.8922
vn -0.5784 0.5874 -0.5660
vn 0.6854 -0.7127 0.1497
vn -0.9547 0.1408 -0.2622
vn -0.5068 0.6600 -0.5547
vn 0.7016 0.2881 -0.6517
vn 0.2595 -0.9657 -0.0056
vn -0.7041 0.6962 -0.1402
vn 0.6493 -0.6855 -0.3295
vn -0.7490 0.6515 -0.1207
vn 0.4005 -0.1428 -0.9051
vn -0.1047 -0.9945 -0.0044
vn -0.7625 0.5892 -0.2673
vn -0.7905 0.2659 -0.5518
vn -0.7151 0.3341 -0.6140
vn -0.6884 0.7243 -0.0387
vn -0.7476 0.6641 -0.0006
vn -0.1091 -0.6899 -0.7156
vn 0.1962 -0.5425 -0.8168
vn 0.2461 -0.4417 -0.8628
vn 0.2545 -0.8030 -0.5389
vn 0.0032 0.0751 -0.9972
vn 0.1382 -0.0173 -0.9902
vn 0.1103 -0.1783 -0.9778
vn 0.4612 -0.8517 -0.2489
vn -0.4295 0.0181 -0.9029
vn -0.7493 -0.0202 -0.6619
vn -0.1024 -0.9947 0.0080
vn -0.3947 0.0302 -0.9183
vn -0.3676 0.2480 -0.8963
vn -0.4861 0.0258 -0.8735
vn -0.4102 0.0477 -0.9108
vn 0.2146 -0.2889 -0.9330
vn 0.2607 -0.3013 -0.9172
vn 0.2512 -0.2775 -0.9273
vn 0.3170 -0.2254 -0.9213
vn 0.7711 -0.6365 -0.0165
vn -0.7066 0.6231 -0.3354
vn 0.2782 -0.2278 -0.9331
vn 0.6226 -0.7758 0.1019
vn 0.1370 -0.2979 -0.9447
vn 0.0366 -0.8263 0.5620
vn -0.0028 0.0095 -1.0000
vn -0.0064 0.0139 -0.9999
vn -0.0418 -0.9503 -0.3084
vn -0.0061 -0.5956 -0.8033
vn 0.0093 -0.2860 0.9582
vn 0.1718 -0.8628 0.4754
vn 0.0397 0.0349 -0.9986
vn 0.0428 0.0478 -0.9979
vn 0.0397 0.0356 -0.9986
vn 0.0962 -0.0051 -0.9953
vn -0.2226 0.0329 -0.9744
vn -0.2259 0.0325 -0.9736
vn -0.2310 0.0318 -0.9724
vn -0.2343 0.0314 -0.9717
vn -0.1595 0.0092 -0.9872
vn -0.1601 0.0092 -0.9871
vn -0.1610 0.0091 -0.9869
vn 0.0325 -0.0556 -0.9979
vn 0.1739 -0.3461 -0.9219
vn 0.2073 -0.3726 -0.9045
vn 0.0564 -0.2897 -0.9554
vn 0.3539 -0.9350 0.0244
vn -0.1320 -0.9904 0.0399
vn -0.0397 0.1049 -0.9937
vn 0.0253 0.0483 -0.9985
vn -0.0071 -0.0924 0.9957
vn -0.0053 -0.1029 0.9947
vn -0.0065 -0.0958 0.9954
vn -0.0087 0.0007 -1.0000
vn -0.0008 -0.0065 -1.0000
vn 0.0188 -0.0560 -0.9983
vn 0.1005 -0.6899 -0.7169
vn 0.0685 -0.8145 -0.5761
vn -0.1615 0.0091 -0.9868
vn 0.0704 -0.3346 -0.9397
vn 0.0262 -0.3215 -0.9466
vn 0.0259 -0.3209 -0.9468
vn 0.0260 -0.3210 -0.9467
vn 0.3551 -0.9209 0.1606
vn -0.0011 0.0060 -1.0000
vn 0.5128 -0.0017 -0.8585
vn 0.5313 -0.0010 -0.8472
vn 0.5326 -0.0007 -0.8464
vn 0.5348 -0.0001 -0.8450
vn 0.5361 0.0002 -0.8441
vn 0.5448 -0.0009 -0.8385
vn 0.5118 -0.0028 -0.8591
vn 0.5065 -0.8622 0.0075
vn -0.0002 -0.0147 -0.9999
vn -0.0006 -0.0147 -0.9999
vn 0.0058 -0.0188 -0.9998
vn 0.0432 0.0481 -0.9979
vn 0.3464 -0.1829 -0.9201
vn 0.5088 -0.8526 0.1193
vn 0.5850 -0.4784 -0.6550
vn 0.5950 -0.7998 -0.0787
vn 0.2908 -0.8833 0.3678
vn -0.0294 0.1848 -0.9823
vn 0.3143 -0.9481 0.0472
vn -0.0845 -0.9964 0.0082
vn -0.0855 -0.9963 0.0001
vn -0.0845 -0.9964 0.0076
vn -0.0625 -0.1207 -0.9907
vn 0.2189 -0.9280 0.3016
vn 0.2434 -0.9442 0.2220
vn -0.0899 -0.9759 -0.1986
vn 0.0036 -0.0004 -1.0000
vn 0.0018 -0.0002 -1.0000
vn -0.0000 -0.0010 -1.0000
vn 0.0119 -0.0858 -0.9962
vn 0.0117 -0.0868 -0.9962
vn 0.0123 -0.0845 -0.9963
vn -0.0254 0.1029 -0.9944
vn -0.0344 0.0999 -0.9944
vn -0.0352 0.0990 -0.9945
vn -0.0025 -0.0506 -0.9987
vn 0.0739 -0.1070 -0.9915
vn 0.0125 0.2180 -0.9759
vn 0.0094 0.0306 -0.9995
vn -0.0108 0.2484 -0.9686
vn 0.0020 0.0593 -0.9982
vn 0.0007 0.0550 -0.9985
vn 0.0017 0.0583 -0.9983
vn 0.0365 -0.3329 -0.9423
vn 0.0891 -0.3007 -0.9495
vn 0.0899 -0.2996 -0.9498
vn 0.0896 -0.3000 -0.9497
vn 0.0243 -0.2986 -0.9541
vn 0.0060 -0.2360 -0.9717
vn 0.0320 -0.8890 0.4567
vn 0.0152 -0.8177 -0.5754
vn 0.0052 -0.4498 -0.8931
vn -0.0080 -0.0004 -1.0000
vn -0.0014 -0.0010 -1.0000
vn -0.0021 -0.8943 -0.4475
vn 0.0215 -0.9996 -0.0163
vn 0.0757 -0.8248 -0.5603
vn 0.0089 -0.0175 -0.9998
vn 0.0005 -0.9051 0.4251
vn 0.0069 -0.9126 0.4088
vn 0.0710 -0.9808 -0.1819
vn -0.0855 -0.9963 -0.0000
vn -0.0229 0.4875 -0.8729
vn 0.0738 -0.2819 -0.9566
vn 0.0889 -0.3010 -0.9495
vn 0.0599 -0.3242 -0.9441
vn 0.1120 -0.9920 0.0587
vn 0.0674 -0.9975 0.0205
vn 0.0043 0.0894 -0.9960
vn -0.0047 -0.1061 0.9943
vn 0.0220 0.3353 -0.9418
vn -0.0003 -0.1008 0.9949
vn -0.0041 0.5769 -0.8168
vn -0.0174 0.5103 -0.8598
vn -0.0147 -0.2640 -0.9644
vn 0.0018 -0.6599 -0.7514
vn 0.0327 0.0002 -0.9995
vn 0.0229 -0.0087 -0.9997
vn 0.0229 -0.0086 -0.9997
vn 0.0225 -0.0091 -0.9997
vn 0.0037 0.0297 -0.9996
vn 0.0317 -0.7075 -0.7060
vn 0.0034 0.0211 -0.9998
vn 0.0028 0.0209 -0.9998
vn 0.0003 0.0194 -0.9998
vn -0.0004 0.0190 -0.9998
vn 0.0178 0.0049 -0.9998
vn -0.0076 -0.0633 -0.9980
vn 0.0088 -0.2600 -0.9656
vn 0.0300 -0.9141 0.4045
vn 0.0264 -0.3219 -0.9464
vn 0.0117 -0.9846 0.1743
vn 0.0013 0.0099 -0.9999
vn -0.0057 0.0193 -0.9998
vn 0.1774 -0.6965 0.6953
vn 0.0605 -0.8962 -0.4395
vn 0.0613 -0.8967 -0.4384
vn 0.0631 -0.8977 -0.4361
vn 0.0132 -0.4063 -0.9136
vn 0.0102 0.4346 -0.9006
vn 0.0011 -0.0039 -1.0000
vn -0.0087 -0.0018 -1.0000
vn -0.0112 -0.5319 -0.8467
vn -0.0076 -0.5163 -0.8563
vn -0.0101 -0.8778 -0.4790
vn -0.0146 -0.0005 -0.9999
vn -0.0147 -0.0067 -0.9999
vn -0.0146 -0.0015 -0.9999
vn -0.0769 -0.0407 -0.9962
vn -0.0294 -0.9984 0.0492
vn 0.0014 0.0130 -0.9999
vn -0.0071 -0.9756 0.2195
vn -0.1188 -0.8136 0.5692
vn -0.0141 0.6753 -0.7374
vn -0.2691 -0.9631 0.0041
vn -0.0950 -0.9686 0.2298
vn -0.0010 0.1070 -0.9943
vn -0.0106 -0.9818 0.1896
vn 0.0542 -0.6020 -0.7967
vn 0.0589 -0.1859 -0.9808
vn 0.0338 -0.2289 -0.9729
vn -0.0924 -0.9863 -0.1365
vn 0.0313 0.0561 -0.9979
vn -0.0029 0.0242 -0.9997
vn 0.0074 -0.0428 -0.9991
vn -0.0349 0.0996 -0.9944
vn -0.0271 0.0442 -0.9987
vn -0.0490 -0.0194 -0.9986
vn -0.2263 -0.2293 -0.9467
vn -0.1854 -0.0490 -0.9814
vn 0.0126 -0.0835 -0.9964
vn 0.0004 0.0539 -0.9985
vn -0.0017 0.0406 -0.9992
vn 0.0095 -0.0425 -0.9990
vn 0.1210 0.1571 -0.9801
vn -0.0124 0.4470 -0.8945
vn -0.0309 -0.2806 -0.9593
vn -0.1037 -0.9764 0.1894
vn -0.0268 -0.3530 -0.9352
vn -0.0186 -0.2977 -0.9545
vn -0.0183 -0.2986 -0.9542
vn -0.0184 -0.2985 -0.9542
vn -0.0138 -0.3081 -0.9513
vn 0.0138 -0.3126 -0.9498
vn -0.0101 -0.9999 0.0117
vn -0.5250 -0.0003 -0.8511
vn -0.9284 0.0007 -0.3715
vn -0.9175 0.0017 -0.3977
vn -0.9165 0.0021 -0.4000
vn -0.9149 0.0028 -0.4037
vn -0.5123 -0.0009 -0.8588
vn -0.9139 0.0032 -0.4059
vn -0.4928 -0.0002 -0.8701
vn -0.8728 0.0002 -0.4881
vn -0.5103 -0.8596 -0.0254
vn -0.9333 0.3590 0.0062
vn -0.9998 0.0026 -0.0193
vn -0.9999 0.0022 -0.0168
vn -0.9998 0.0035 -0.0185
vn -0.9998 0.0037 -0.0173
vn -0.9999 0.0036 -0.0152
vn -0.0031 -0.0441 -0.9990
vn -0.0147 -0.0082 -0.9999
vn -0.0069 -0.8076 -0.5897
vn -0.0348 0.0994 -0.9944
vn -0.0736 0.0029 -0.9973
vn -0.0844 0.0966 -0.9917
vn 0.0146 -0.0854 -0.9962
vn -0.9139 0.4044 0.0360
vn -0.9190 0.0018 0.3942
vn -0.9175 0.0017 0.3977
vn -0.9153 0.0014 0.4028
vn -0.9139 0.0013 0.4060
vn -0.9112 0.0027 0.4120
vn -0.8579 -0.0009 0.5138
vn -0.5099 -0.8551 0.0937
vn -0.8938 -0.3774 0.2423
vn -0.5737 -0.2797 -0.7698
vn -0.7083 -0.2386 -0.6643
vn -0.8953 -0.2811 -0.3455
vn -0.3166 -0.5973 -0.7369
vn -0.4145 -0.9075 -0.0676
vn -0.6774 -0.6439 0.3559
vn -0.0262 -0.3078 -0.9511
vn -0.8142 -0.3797 0.4392
vn -0.0437 -0.2893 -0.9562
vn -0.0009 -1.0000 0.0051
vn -0.0413 -0.3431 -0.9384
vn -0.0074 -0.3275 -0.9448
vn 0.0927 -0.0203 -0.9955
vn -0.0470 -0.9220 0.3843
vn 0.0004 -0.9855 0.1697
vn -0.9195 -0.2234 0.3234
vn 0.0285 -0.9958 0.0875
vn -0.0156 0.0630 -0.9979
vn -0.0160 0.0632 -0.9979
vn -0.0162 0.0611 -0.9980
vn -0.0010 -0.0067 -1.0000
vn -0.0028 -0.0270 -0.9996
vn -0.2088 -0.1531 -0.9659
vn -0.1008 -0.9939 -0.0439
vn -0.7066 -0.2211 -0.6722
vn 0.2354 0.0419 -0.9710
vn -0.9661 -0.1841 -0.1812
vn -0.5633 -0.8253 -0.0387
vn -0.8992 -0.2872 0.3300
vn -0.6184 0.4238 0.6618
vn -0.3457 -0.9381 0.0206
vn -0.3456 -0.9381 0.0207
vn -0.3452 -0.9383 0.0209
vn -0.0316 -0.3130 -0.9492
vn -0.0329 -0.3224 -0.9460
vn -0.0324 -0.3181 -0.9475
vn 0.0110 -0.9999 -0.0032
vn -0.3101 -0.9418 0.1298
vn 0.0076 0.1113 -0.9938
vn -0.0273 0.0310 -0.9991
vn -0.0021 -0.6192 -0.7853
vn -0.0366 -0.3666 -0.9296
vn -0.9406 0.3287 -0.0850
vn -0.3621 0.3179 0.8762
vn -0.4584 -0.4325 -0.7764
vn -0.4612 -0.4850 -0.7430
vn -0.5260 0.3722 0.7647
vn -0.6778 -0.4921 0.5462
vn -0.9185 0.3434 0.1962
vn -0.8840 0.2448 0.3984
vn -0.9781 0.0546 0.2007
vn -0.6913 -0.7066 -0.1512
vn -0.7805 0.2548 0.5708
vn -0.6765 -0.7249 -0.1294
vn 0.1822 0.0293 -0.9828
vn 0.3079 -0.0224 -0.9511
vn 0.4427 -0.5339 -0.7204
vn 0.0147 -0.9997 0.0186
vn -0.1082 0.0839 -0.9906
vn 0.0127 0.4693 -0.8830
vn 0.0001 -0.9998 -0.0211
vn -0.3551 -0.9169 0.1823
vn -0.3449 -0.9177 0.1973
vn 0.0061 -0.9991 0.0416
vn 0.0290 -0.1133 0.9931
vn -0.0127 -0.9944 0.1053
vn 0.0148 -0.9637 0.2665
vn 0.0638 -0.8980 -0.4353
vn -0.1675 -0.9511 0.2597
vn -0.4290 -0.3737 -0.8224
vn -0.4728 -0.7671 -0.4336
vn -0.0173 0.0499 -0.9986
vn -0.0017 -0.0192 -0.9998
vn -0.2293 0.0393 -0.9726
vn -0.1854 -0.0220 -0.9824
vn -0.2556 -0.0511 -0.9654
vn 0.5972 0.0249 -0.8017
vn 0.5300 0.0319 -0.8474
vn -0.6860 0.3592 0.6327
vn -0.1147 -0.2992 -0.9473
vn -0.8543 0.1288 0.5035
vn -0.9176 -0.3533 -0.1823
vn -0.9608 0.1943 0.1978
vn -0.9755 0.0943 0.1985
vn 0.1230 0.7371 -0.6645
vn -0.3118 -0.3020 -0.9009
vn -0.2216 -0.2715 -0.9366
vn -0.2706 -0.3120 -0.9107
vn -0.9672 -0.1740 -0.1853
vn -0.4458 -0.4107 0.7953
vn -0.6933 -0.7206 0.0027
vn -0.8062 -0.1473 -0.5731
vn -0.8598 0.1908 -0.4736
vn -0.5648 -0.8250 -0.0210
vn 0.7400 0.6340 -0.2247
vn -0.8097 0.0097 -0.5868
vn -0.0331 -0.3232 -0.9457
vn -0.0675 -0.2795 -0.9578
vn -0.6412 -0.7642 0.0700
vn 0.1416 0.2923 -0.9458
vn -0.0262 -0.9768 -0.2125
vn -0.0793 0.9890 -0.1247
vn -0.0794 0.9891 -0.1243
vn -0.0793 0.9890 -0.1251
vn -0.0691 -0.9319 -0.3562
vn 0.0069 -0.3134 0.9496
vn -0.1817 -0.8238 -0.5370
vn 0.1332 -0.4002 0.9067
vn -0.0173 -0.0081 -0.9998
vn -0.0100 -0.0574 -0.9983
vn -0.0020 0.0698 -0.9976
vn -0.3504 -0.8967 -0.2704
vn -0.3150 -0.9491 -0.0055
vn -0.7782 0.4325 -0.4554
vn -0.2118 -0.3127 -0.9260
vn -0.0819 -0.2847 -0.9551
vn -0.0130 0.0198 -0.9997
vn -0.0159 0.0236 -0.9996
vn -0.0132 0.0195 -0.9997
vn -0.3952 -0.8628 -0.3154
vn -0.0350 -0.6540 0.7557
vn -0.0145 0.0112 -0.9998
vn -0.2501 -0.6490 -0.7185
vn 0.2687 -0.0154 -0.9631
vn -0.0478 -0.2057 0.9775
vn 0.0750 0.0394 -0.9964
vn 0.5589 -0.3677 -0.7432
vn 0.6191 -0.5536 -0.5570
vn 0.0312 -0.2801 0.9595
vn -0.2305 -0.6040 0.7629
vn -0.0656 -0.2359 -0.9696
vn 0.0577 -0.9602 -0.2733
vn 0.0303 -0.3889 -0.9208
vn -0.1067 -0.1911 -0.9757
vn -0.2216 0.1003 -0.9700
vn 0.4341 -0.1740 -0.8839
vn 0.9608 0.2513 -0.1170
vn 0.0011 -0.3678 -0.9299
vn -0.0064 0.0167 -0.9998
vn 0.5137 -0.8028 -0.3026
vn -0.2399 -0.7911 0.5627
vn 0.3487 -0.7257 -0.5930
vn -0.7147 -0.6837 -0.1476
vn -0.0069 0.0046 -1.0000
vn -0.0242 -0.0310 -0.9992
vn -0.0157 -0.0344 -0.9993
vn -0.0178 -0.0247 -0.9995
vn -0.0124 -0.0388 -0.9992
vn -0.0131 -0.0387 -0.9992
vn -0.0232 -0.0351 -0.9991
vn -0.7579 -0.3950 -0.5192
vn 0.3689 0.0127 -0.9294
vn 0.0440 -0.8640 -0.5016
vn -0.0054 -0.9902 -0.1398
vn -0.5435 0.2154 0.8113
vn -0.0744 -0.4156 0.9065
vn -0.1792 -0.3699 -0.9116
vn -0.1965 -0.4988 -0.8441
vn -0.2543 -0.3515 -0.9010
vn -0.1130 -0.8723 -0.4757
vn -0.1580 -0.6272 -0.7627
vn 0.7866 0.6123 -0.0796
vn -0.1813 -0.0042 -0.9834
vn -0.2247 0.5631 -0.7953
vn -0.8386 -0.3265 -0.4361
vn -0.0062 0.0114 -0.9999
vn 0.0025 0.0108 -0.9999
vn -0.0801 -0.9915 0.1029
vn -0.8035 -0.5934 -0.0469
vn 0.0145 -0.0018 -0.9999
vn -0.5332 0.8267 -0.1797
vn -0.5233 -0.3884 -0.7585
vn -0.0389 -0.0063 -0.9992
vn -0.0539 0.0169 -0.9984
vn -0.0446 0.0258 -0.9987
vn -0.0459 0.0246 -0.9986
vn 0.0015 0.0210 -0.9998
vn 0.2931 -0.7338 -0.6129
vn 0.9806 0.1463 -0.1307
vn -0.2083 0.0138 -0.9780
vn -0.2023 0.0139 -0.9792
vn -0.1970 0.0133 -0.9803
vn -0.1316 -0.1755 -0.9756
vn -0.3731 -0.5167 -0.7706
vn -0.3276 0.3583 -0.8743
vn 0.2831 -0.4118 -0.8662
vn -0.7071 0.1164 -0.6975
vn -0.7014 0.1231 -0.7021
vn -0.7060 0.1177 -0.6983
vn -0.1112 -0.9937 0.0123
vn -0.7975 -0.6026 -0.0285
vn -0.7980 -0.6020 -0.0280
vn -0.7962 -0.6043 -0.0307
vn -0.0700 -0.7798 -0.6221
vn 0.0001 0.0290 -0.9996
vn -0.0001 0.0293 -0.9996
vn -0.0028 0.0287 -0.9996
vn -0.0213 0.0403 -0.9990
vn -0.4463 -0.2773 -0.8509
vn -0.0436 -0.0474 -0.9979
vn 0.7740 -0.6261 -0.0939
vn -0.0905 -0.9952 -0.0365
vn -0.0909 -0.9952 -0.0371
vn -0.0904 -0.9952 -0.0364
vn -0.4056 -0.3643 -0.8383
vn 0.0213 0.3946 0.9186
vn 0.0316 -0.8096 0.5861
vn -0.2641 -0.8547 -0.4469
vn -0.8697 0.1409 -0.4730
vn 0.1905 -0.3828 -0.9040
vn -0.6718 0.1016 -0.7337
vn -0.0668 -0.9814 0.1798
vn -0.7836 0.6088 -0.1239
vn -0.7776 0.6180 -0.1158
vn -0.7822 0.6107 -0.1238
vn -0.0241 -0.0347 -0.9991
vn -0.7829 0.6094 -0.1254
vn -0.7959 -0.6047 -0.0316
vn 0.0056 0.0126 -0.9999
vn 0.0042 0.0133 -0.9999
vn 0.0059 0.0123 -0.9999
vn -0.4380 0.1828 -0.8802
vn -0.0023 0.0988 -0.9951
vn -0.0169 0.0013 -0.9999
vn -0.0158 0.0008 -0.9999
vn -0.0264 0.0041 -0.9996
vn 0.1541 -0.7692 0.6202
vn -0.3471 -0.4819 -0.8046
vn -0.0673 -0.9197 -0.3868
vn 0.2201 -0.9731 -0.0675
vn 0.2651 -0.4730 -0.8402
vn 0.5287 -0.1732 -0.8310
vn -0.4161 -0.0928 -0.9046
vn 0.0171 -0.9998 -0.0046
vn -0.2850 -0.9020 -0.3242
vn -0.9426 0.2337 0.2383
vn -0.0334 -0.0093 -0.9994
vn -0.7940 -0.6064 -0.0428
vn -0.0443 0.0261 -0.9987
vn 0.0224 -0.0611 -0.9979
vn 0.0274 -0.0572 -0.9980
vn 0.0278 -0.0584 -0.9979
vn -0.5273 -0.3382 -0.7794
vn -0.0338 0.0417 -0.9986
vn -0.0699 -0.9924 -0.1013
vn 0.3485 -0.9194 -0.1822
vn 0.3757 -0.6873 -0.6216
vn 0.2262 -0.8493 0.4771
vn 0.3457 -0.9116 0.2225
vn 0.0070 -0.9947 0.1022
vn -0.0499 -0.9977 -0.0458
vn -0.1226 -0.9922 0.0228
vn -0.4553 -0.4086 -0.7910
vn -0.0050 -0.0033 -1.0000
vn 0.0010 0.0005 -1.0000
vn 0.0008 -0.0008 -1.0000
vn 0.0007 -0.0005 -1.0000
vn 0.0243 -0.9975 0.0662
vn 0.0809 -0.9922 0.0952
vn -0.9536 0.2156 0.2101
vn -0.9648 0.2552 0.0630
vn -0.9279 -0.2683 0.2588
vn -0.0178 0.0148 -0.9997
vn -0.1016 -0.0015 -0.9948
vn 0.0023 0.0149 -0.9999
vn -0.9575 0.1731 -0.2308
vn -0.8560 -0.0443 -0.5151
vn -0.0058 0.2217 -0.9751
vn -0.0051 0.2185 -0.9758
vn -0.0054 0.2196 -0.9756
vn -0.0098 -0.0744 -0.9972
vn -0.0494 -0.7571 -0.6514
vn 0.0986 -0.9949 0.0197
vn 0.1219 0.9809 -0.1515
vn -0.1964 0.0140 -0.9804
vn -0.2374 -0.0893 -0.9673
vn -0.2345 -0.0524 -0.9707
vn -0.2353 -0.0518 -0.9705
vn -0.2339 -0.0529 -0.9708
vn 0.1091 -0.9936 0.0303
vn -0.2744 -0.3909 -0.8786
vn 0.0965 -0.9952 0.0187
vn -0.0175 0.0178 -0.9997
vn -0.0184 -0.0355 -0.9992
vn 0.0046 0.0119 -0.9999
vn -0.7535 0.0377 0.6563
vn -0.0527 -0.0029 -0.9986
vn -0.0899 -0.9953 -0.0358
vn -0.0216 -0.9982 -0.0559
vn 0.0222 -0.9932 -0.1145
vn -0.2424 -0.3377 -0.9095
vn 0.0174 -0.6797 0.7333
vn -0.1606 -0.0657 -0.9848
vn 0.1314 -0.9173 -0.3760
vn 0.0886 -0.8901 -0.4471
vn 0.0835 -0.9654 -0.2472
vn -0.1084 -0.9939 0.0199
vn 0.0980 -0.8930 -0.4393
vn 0.1102 0.5356 -0.8373
vn -0.0233 0.0248 -0.9994
vn 0.0515 -0.9975 -0.0494
vn -0.0326 0.0522 -0.9981
vn -0.0240 -0.0107 -0.9997
vn -0.0060 0.2227 -0.9749
vn 0.0175 -0.0650 -0.9977
vn 0.0079 -0.0345 -0.9994
vn 0.0401 -0.0689 -0.9968
vn 0.0452 0.0814 -0.9957
vn -0.0014 0.0120 -0.9999
vn -0.0114 0.0152 -0.9998
vn -0.0042 0.0139 -0.9999
vn 0.1262 -0.9920 0.0005
vn 0.1247 -0.9922 -0.0037
vn 0.1247 -0.9922 -0.0036
vn 0.1245 -0.9922 -0.0039
vn 0.0217 -0.9967 0.0782
vn 0.4991 -0.6250 0.6002
vn -0.3032 -0.0763 -0.9499
vn 0.4114 -0.7980 0.4404
vn -0.0142 -0.2245 0.9744
vn 0.0006 0.0340 -0.9994
vn -0.0051 0.0258 -0.9997
vn -0.0008 0.0319 -0.9995
vn 0.0173 0.0391 -0.9991
vn -0.0448 0.0017 -0.9990
vn -0.0283 0.0047 -0.9996
vn -0.1331 -0.9910 -0.0131
vn 0.0481 -0.9988 -0.0088
vn -0.1474 -0.9891 0.0004
vn -0.0219 -0.3160 -0.9485
vn 0.7017 -0.0186 -0.7122
vn -0.1415 -0.9768 0.1604
vn -0.0360 -0.0785 -0.9963
vn -0.0291 -0.0770 -0.9966
vn -0.0353 -0.0789 -0.9963
vn -0.0294 -0.0753 -0.9967
vn -0.0737 -0.6033 -0.7941
vn 0.0922 -0.9909 -0.0986
vn -0.3937 -0.1263 -0.9105
vn 0.3419 -0.8783 0.3343
vn -0.0301 0.0779 -0.9965
vn -0.0913 0.1964 -0.9763
vn 0.1307 0.0245 -0.9911
vn 0.0071 -0.9983 -0.0584
vn -0.0501 -0.9931 0.1065
vn -0.2008 -0.4276 -0.8814
vn -0.2632 -0.2472 -0.9325
vn -0.2335 -0.3149 -0.9200
vn -0.0457 0.0343 -0.9984
vn -0.0352 0.0343 -0.9988
vn -0.0359 0.0346 -0.9988
vn -0.0505 -0.0642 -0.9967
vn -0.0463 0.1112 -0.9927
vn -0.0900 0.0082 -0.9959
vn 0.3789 -0.8608 0.3398
vn 0.1787 0.0614 -0.9820
vn 0.3934 -0.7176 -0.5747
vn 0.2589 -0.5175 -0.8156
vn -0.0301 0.0341 -0.9990
vn -0.1018 -0.0472 -0.9937
vn -0.0222 -0.0289 -0.9993
vn -0.0062 0.0244 -0.9997
vn -0.0096 0.0111 -0.9999
vn -0.0106 -0.0167 -0.9998
vn -0.0119 -0.0131 -0.9998
vn -0.0122 -0.0122 -0.9999
vn -0.2888 -0.6870 -0.6668
vn 0.1944 -0.9809 0.0019
vn 0.6741 -0.7285 -0.1215
vn -0.3937 -0.8257 0.4040
vn -0.0044 -0.0041 -1.0000
vn 0.1245 -0.9905 0.0580
vn -0.0827 -0.0141 -0.9965
vn 0.0044 0.0121 -0.9999
vn -0.2804 -0.4576 -0.8438
vn -0.3795 -0.9161 -0.1291
vn -0.3775 -0.9259 0.0123
vn -0.3752 -0.9269 0.0113
vn -0.3699 -0.9290 0.0092
vn -0.3672 -0.9301 0.0081
vn 0.2217 -0.9750 0.0169
vn -0.3303 -0.9217 0.2032
vn 0.2074 -0.9779 0.0256
vn -0.0088 0.0166 -0.9998
vn -0.0076 0.0142 -0.9999
vn -0.0107 0.0185 -0.9998
vn 0.1130 -0.9901 0.0834
vn -0.1406 -0.0091 -0.9900
vn -0.0104 -0.0176 -0.9998
vn -0.0264 0.0261 -0.9993
vn -0.0090 -0.0167 -0.9998
vn 0.2214 -0.9752 -0.0067
vn -0.4434 -0.8069 0.3904
vn 0.1729 0.3561 -0.9183
vn 0.0044 0.0122 -0.9999
vn -0.0029 0.0283 -0.9996
vn 0.1463 -0.0389 -0.9885
vn -0.0178 -0.0233 -0.9996
vn -0.0196 -0.0060 -0.9998
vn -0.0104 0.0063 -0.9999
vn -0.0104 0.0070 -0.9999
vn -0.4114 -0.9079 -0.0797
vn -0.4467 -0.8944 0.0220
vn -0.5034 -0.8332 0.2289
vn -0.5301 -0.5207 0.6692
vn -0.0466 0.0341 -0.9983
vn -0.0081 -0.0004 -1.0000
vn -0.0021 0.0079 -1.0000
vn -0.0077 0.0007 -1.0000
vn -0.0784 0.2648 -0.9611
vn 0.0537 -0.0089 -0.9985
vn 0.0516 0.0005 -0.9987
vn 0.0445 -0.0021 -0.9990
vn 0.0424 -0.0052 -0.9991
vn 0.0087 -0.0041 -1.0000
vn -0.0052 0.0020 -1.0000
vn -0.2981 -0.4531 -0.8402
vn 0.2981 -0.9545 -0.0057
vn 0.2983 -0.9545 -0.0057
vn 0.2974 -0.9547 -0.0059
vn -0.0101 0.0192 -0.9998
vn 0.0117 -0.0052 -0.9999
vn -0.0077 -0.0001 -1.0000
vn -0.0181 0.1125 -0.9935
vn 0.0529 -0.0095 -0.9986
vn 0.0084 0.0344 -0.9994
vn 0.0027 0.0132 -0.9999
vn -0.5357 -0.8384 -0.1004
vn 0.2971 -0.9548 -0.0059
vn 0.3113 -0.9502 0.0154
vn 0.3133 -0.9495 0.0162
vn 0.3037 -0.9527 0.0124
vn -0.6479 -0.7227 0.2407
vn -0.6495 -0.7227 0.2361
vn -0.6492 -0.7227 0.2371
vn -0.4862 -0.5079 0.7111
vn -0.4938 -0.5053 0.7077
vn -0.4842 -0.5088 0.7118
vn -0.0234 0.0109 -0.9997
vn -0.0145 0.0031 -0.9999
vn -0.0151 0.0042 -0.9999
vn 0.0274 0.0455 -0.9986
vn -0.0933 0.3399 -0.9358
vn -0.0287 0.0536 -0.9982
vn -0.0199 0.0557 -0.9982
vn -0.0211 0.0550 -0.9983
vn 0.0781 -0.0156 -0.9968
vn 0.0537 -0.0084 -0.9985
vn 0.0507 -0.0104 -0.9987
vn 0.0506 -0.0082 -0.9987
vn -0.3016 -0.3224 -0.8973
vn -0.5776 -0.8129 -0.0749
vn -0.6093 -0.7926 0.0245
vn -0.6206 -0.7839 0.0204
vn -0.0268 0.0190 -0.9995
vn -0.0189 0.0125 -0.9997
vn -0.0071 0.0196 -0.9998
vn -0.1974 0.3282 -0.9237
vn -0.0198 -0.0093 -0.9998
vn -0.0195 -0.0091 -0.9998
vn -0.0197 -0.0092 -0.9998
vn 0.0423 0.0971 -0.9944
vn 0.0953 -0.0278 -0.9951
vn -0.3671 -0.3574 -0.8588
vn -0.6907 -0.7096 -0.1393
vn -0.7226 -0.6909 0.0230
vn -0.0236 0.0250 -0.9994
vn -0.6066 -0.0599 -0.7927
vn -0.6248 -0.0698 -0.7777
vn -0.7573 0.0387 -0.6519
vn -0.7402 -0.6669 -0.0862
vn -0.7396 -0.6673 -0.0871
vn -0.7465 -0.6592 -0.0910
vn -0.7479 -0.6424 0.1672
vn -0.9748 -0.0391 0.2197
vn -0.8237 0.0654 0.5633
vn -0.0299 0.0112 -0.9995
vn 0.0124 0.0078 -0.9999
vn -0.5159 -0.1705 -0.8395
vn -0.4872 0.1094 -0.8664
vn 0.0540 -0.0076 -0.9985
vn 0.0525 -0.0057 -0.9986
vn 0.0972 0.0244 -0.9950
vn -0.3998 -0.3579 -0.8438
vn -0.9886 -0.0795 -0.1278
vn -0.9672 0.2245 -0.1187
vn -0.9659 0.2306 -0.1175
vn -0.9662 0.2295 -0.1177
vn -0.9866 -0.1633 -0.0018
vn -0.9675 0.2230 -0.1189
vn -0.9878 0.1556 -0.0060
vn -0.9907 -0.1341 0.0235
vn -0.9991 0.0410 -0.0128
vn 0.4271 -0.9042 0.0012
vn 0.4245 -0.9054 -0.0018
vn 0.4292 -0.9032 0.0036
vn -0.9661 -0.2582 0.0018
vn -0.7630 -0.6450 0.0413
vn 0.3877 -0.9216 0.0164
vn -0.9983 -0.0565 0.0160
vn -0.9910 0.1200 0.0599
vn -0.9575 0.2856 0.0406
vn -0.7786 -0.5784 0.2432
vn -0.7880 -0.0649 0.6122
vn -0.8402 0.1802 0.5114
vn -0.8705 0.3314 0.3638
vn -0.7359 -0.5356 0.4142
vn 0.0202 -0.0045 -0.9998
vn 0.0317 -0.0191 -0.9993
vn -0.0350 0.0466 -0.9983
vn -0.0360 0.0471 -0.9982
vn -0.0354 0.0468 -0.9983
vn 0.1133 -0.0151 -0.9934
vn -0.3239 -0.1625 -0.9320
vn -0.3292 -0.1548 -0.9315
vn -0.3268 -0.1591 -0.9316
vn -0.8872 -0.4521 -0.0917
vn -0.8871 -0.4525 -0.0906
vn -0.8869 -0.4536 -0.0876
vn -0.4985 0.1535 -0.8532
vn -0.9353 0.2360 -0.2635
vn -0.4573 0.1261 -0.8803
vn -0.7120 0.3983 -0.5782
vn -0.7468 -0.6587 -0.0916
vn -0.8869 -0.4537 -0.0869
vn -0.9440 0.3242 -0.0605
vn -0.7252 0.6885 0.0036
vn -0.9227 -0.3852 -0.0126
vn -0.8291 -0.5575 0.0426
vn -0.8474 -0.5281 0.0551
vn -0.6574 0.7535 -0.0087
vn -0.9010 -0.4339 0.0055
vn -0.9783 0.2071 0.0053
vn -0.9774 0.2113 0.0093
vn -0.9786 0.2057 0.0043
vn -0.9301 -0.3630 0.0551
vn -0.9786 0.2057 0.0040
vn -0.8231 0.5629 0.0751
vn -0.8307 -0.4242 0.3605
vn -0.9298 0.2393 0.2795
vn -0.9114 0.1603 0.3790
vn -0.9090 0.1623 0.3838
vn -0.9081 0.1631 0.3857
vn -0.7545 -0.4311 0.4948
vn 0.0141 0.0163 -0.9998
vn 0.0139 0.0159 -0.9998
vn 0.0137 0.0151 -0.9998
vn -0.0272 0.0199 -0.9994
vn -0.0347 0.0464 -0.9983
vn 0.4298 -0.9029 0.0044
vn -0.0062 0.0007 -1.0000
vn -0.3738 0.3114 -0.8737
vn -0.0171 -0.0235 -0.9996
vn -0.3738 0.1554 -0.9144
vn -0.4690 -0.3734 -0.8004
vn -0.4158 -0.2606 -0.8713
vn -0.8063 -0.5885 -0.0597
vn -0.9759 0.1396 -0.1676
vn -0.8239 -0.5659 -0.0307
vn -0.9663 0.2563 0.0261
vn -0.9820 0.1889 0.0088
vn -0.9124 0.1596 0.3769
vn -0.9189 0.2201 0.3274
vn -0.0080 -0.0072 -0.9999
vn -0.0202 0.0557 -0.9982
vn -0.4361 -0.4026 -0.8048
vn -0.3245 -0.1633 -0.9317
vn -0.8187 -0.5392 -0.1974
vn -0.8368 0.1801 -0.5170
vn -0.8007 -0.3066 -0.5148
vn -0.9657 0.2588 -0.0217
vn -0.9433 -0.3154 -0.1036
vn -0.9477 0.2933 -0.1257
vn -0.9529 0.3010 0.0356
vn -0.9518 -0.2990 0.0679
vn -0.8557 -0.5173 -0.0160
vn -0.8478 -0.5303 -0.0085
vn -0.8412 -0.5362 0.0701
vn -0.8463 -0.5291 0.0624
vn -0.8452 -0.5306 0.0639
vn -0.8463 -0.5291 0.0621
vn -0.9441 -0.3240 0.0602
vn 0.4507 -0.8927 0.0019
vn -0.8959 0.2412 0.3730
vn -0.9051 -0.3146 0.2862
vn -0.8865 0.1689 0.4308
vn -0.7998 -0.1530 0.5804
vn -0.8016 -0.1251 0.5846
vn 0.8988 0.3495 0.2646
vn 0.8679 -0.0834 -0.4896
vn 0.0986 0.0470 -0.9940
vn 0.0465 -0.0130 -0.9988
vn 0.0456 0.0616 -0.9971
vn -0.0194 -0.0089 -0.9998
vn -0.7385 0.0352 -0.6733
vn -0.6520 0.0543 -0.7563
vn -0.9914 0.1118 -0.0684
vn -0.9884 0.0182 -0.1510
vn -0.9964 -0.0699 -0.0473
vn -0.9689 -0.2443 -0.0393
vn -0.9984 -0.0502 0.0274
vn -0.8383 -0.5451 -0.0108
vn -0.9947 -0.0941 0.0419
vn -0.9900 0.1383 0.0260
vn -0.9925 0.1186 0.0301
vn 0.9200 0.3902 -0.0377
vn 0.9197 0.3905 -0.0395
vn 0.9204 0.3894 -0.0337
vn 0.0032 0.0296 -0.9996
vn 0.5911 -0.8054 -0.0442
vn -0.3525 0.5259 -0.7741
vn -0.0206 0.0175 -0.9996
vn 0.0640 0.0367 -0.9973
vn -0.5703 -0.3546 -0.7409
vn -0.8647 -0.4962 -0.0773
vn 0.5625 -0.8268 0.0002
vn -0.5164 0.8563 -0.0003
vn 0.5743 -0.8186 0.0071
vn 0.5400 -0.8392 0.0640
vn -0.0199 0.0561 -0.9982
vn -0.0417 0.0017 -0.9991
vn -0.0399 0.0014 -0.9992
vn -0.0433 0.0057 -0.9990
vn -0.0303 -0.0077 -0.9995
vn -0.5503 -0.3107 -0.7750
vn -0.8813 -0.4726 0.0033
vn -0.8414 -0.5359 0.0702
vn -0.8441 -0.3878 0.3703
vn -0.0356 0.0089 -0.9993
vn -0.0374 0.0114 -0.9992
vn -0.0374 0.0110 -0.9992
vn -0.0457 0.0037 -0.9990
vn -0.0360 0.0056 -0.9993
vn -0.8747 -0.4790 -0.0739
vn -0.6757 -0.6352 0.3741
vn -0.0598 0.0490 -0.9970
vn 0.0023 0.0703 -0.9975
vn -0.4781 -0.1821 -0.8592
vn -0.5382 -0.3132 -0.7825
vn -0.8491 -0.5123 -0.1291
vn -0.8485 -0.5133 -0.1291
vn -0.8484 -0.5133 -0.1290
vn -0.7297 0.6838 0.0010
vn -0.8457 -0.5336 0.0084
vn -0.8320 -0.5548 0.0013
vn -0.7143 0.6999 -0.0062
vn -0.8119 -0.5402 0.2213
vn -0.5482 0.4575 0.7001
vn -0.0227 0.0502 -0.9985
vn 0.0544 -0.0806 -0.9953
vn -0.2321 0.0865 -0.9688
vn 0.0044 0.0159 -0.9999
vn -0.4047 -0.2037 -0.8915
vn -0.4125 -0.2272 -0.8822
vn -0.6666 0.6634 -0.3399
vn -0.8492 -0.5120 -0.1290
vn -0.8512 -0.4693 0.2352
vn -0.8113 -0.3853 0.4397
vn 0.0760 -0.1027 -0.9918
vn -0.0839 0.2282 -0.9700
vn -0.0304 0.0029 -0.9995
vn -0.0305 0.0030 -0.9995
vn -0.8755 -0.4744 -0.0916
vn -0.8772 -0.4801 -0.0036
vn -0.8752 -0.4837 -0.0066
vn -0.8722 -0.4891 0.0006
vn 0.6367 -0.7711 0.0060
vn -0.8685 -0.4956 0.0019
vn -0.8726 -0.4884 0.0061
vn -0.8769 -0.4807 -0.0023
vn -0.8858 -0.4405 0.1463
vn 0.6492 -0.7600 -0.0310
vn 0.6390 0.4151 -0.6475
vn -0.0389 0.0158 -0.9991
vn -0.0301 0.0026 -0.9995
vn -0.0113 0.0038 -0.9999
vn -0.0127 0.0011 -0.9999
vn -0.0126 0.0010 -0.9999
vn -0.4630 -0.2037 -0.8626
vn -0.8938 -0.4282 -0.1336
vn 0.7104 -0.7038 0.0027
vn 0.7122 -0.7020 0.0034
vn 0.7063 -0.7079 0.0011
vn -0.7667 0.6401 0.0489
vn -0.8628 -0.4970 0.0925
vn -0.6955 0.5984 0.3976
vn -0.7277 -0.4304 0.5341
vn 0.1088 0.1399 -0.9842
vn -0.0090 0.0093 -0.9999
vn -0.0121 0.0018 -0.9999
vn 0.7042 -0.7100 0.0002
vn 0.7030 -0.7111 0.0095
vn -0.6991 -0.3549 0.6207
vn -0.0541 0.0241 -0.9982
vn -0.0538 0.0238 -0.9983
vn -0.0516 0.0260 -0.9983
vn -0.0526 -0.0624 -0.9967
vn -0.1815 0.0079 -0.9834
vn -0.4674 -0.2177 -0.8568
vn -0.8838 -0.3607 -0.2981
vn -0.8471 0.5010 -0.1774
vn -0.8981 0.3833 -0.2158
vn -0.8790 -0.4569 -0.1361
vn -0.9390 -0.3438 -0.0075
vn -0.9390 -0.3439 -0.0075
vn -0.9390 -0.3440 -0.0074
vn -0.9299 -0.3541 0.1000
vn -0.7668 0.4346 0.4724
vn -0.4413 0.0334 -0.8967
vn -0.8354 -0.1515 -0.5283
vn -0.8373 0.4774 -0.2663
vn -0.9559 -0.1886 -0.2251
vn -0.9296 0.3574 -0.0897
vn -0.9411 -0.3380 -0.0085
vn -0.9309 0.3652 -0.0072
vn -0.9417 -0.3362 -0.0088
vn -0.9104 0.4137 0.0046
vn -0.9541 -0.2983 0.0251
vn -0.9555 0.2455 0.1637
vn -0.8843 0.4521 0.1168
vn -0.8254 0.3005 0.4778
vn -0.5974 -0.3537 0.7197
vn -0.0345 0.0125 -0.9993
vn -0.0349 0.0082 -0.9994
vn -0.4203 0.0699 -0.9047
vn -0.8899 0.1211 -0.4398
vn -0.3963 0.0598 -0.9162
vn -0.2884 -0.1509 -0.9455
vn -0.7680 -0.3006 -0.5655
vn -0.9635 0.2411 -0.1165
vn -0.9310 -0.2679 -0.2478
vn -0.9641 -0.2614 -0.0465
vn -0.9608 -0.2756 -0.0317
vn -0.9514 0.3080 0.0024
vn -0.9211 -0.3879 0.0340
vn -0.9498 -0.3079 0.0556
vn -0.8478 -0.3166 0.4254
vn -0.3064 0.0612 -0.9499
vn -0.3018 -0.0159 -0.9532
vn -0.3031 -0.0163 -0.9528
vn -0.3059 -0.0174 -0.9519
vn -0.3072 -0.0180 -0.9515
vn -0.8829 -0.1321 -0.4506
vn -0.8901 0.2462 -0.3836
vn -0.9763 0.2144 -0.0289
vn -0.9661 0.2583 -0.0004
vn -0.9676 -0.2515 0.0226
vn -0.9594 -0.2782 0.0457
vn -0.9785 0.2052 0.0225
vn -0.8514 -0.1018 0.5145
vn -0.9023 -0.2559 0.3470
vn -0.0491 0.0276 -0.9984
vn -0.0488 0.0222 -0.9986
vn -0.3952 0.0226 -0.9183
vn -0.9730 0.0165 -0.2300
vn -0.9842 0.1367 -0.1123
vn -0.9507 0.3077 -0.0373
vn -0.9750 0.1224 -0.1855
vn -0.9923 -0.1186 -0.0348
vn -0.9987 -0.0412 -0.0293
vn -0.9968 -0.0792 -0.0115
vn -0.9969 -0.0784 -0.0101
vn -0.9972 -0.0751 -0.0028
vn -0.9634 0.2682 0.0019
vn -0.9993 -0.0384 0.0008
vn -0.9996 -0.0299 -0.0013
vn -0.9994 -0.0360 0.0001
vn -0.9957 -0.0925 -0.0058
vn -0.9958 -0.0911 -0.0063
vn -0.9957 -0.0922 -0.0059
vn -0.9996 -0.0281 -0.0016
vn -0.9959 -0.0907 -0.0065
vn -0.9972 -0.0744 -0.0015
vn -0.9462 0.3222 0.0314
vn -0.8803 0.2388 0.4099
vn -0.8641 0.0794 0.4969
vn -0.9754 -0.0536 0.2140
vn -0.9754 -0.0534 0.2140
vn -0.9754 -0.0533 0.2140
vn -0.9754 -0.0531 0.2140
vn 0.2970 0.1313 -0.9458
vn 0.0168 0.0234 -0.9996
vn 0.3903 -0.1737 -0.9042
vn 0.2813 -0.1173 -0.9524
vn 0.2026 0.0360 -0.9786
vn 0.3379 0.0413 -0.9403
vn -0.2196 -0.0045 0.9756
vn -0.6278 0.1407 0.7655
vn -0.2636 -0.1142 0.9578
vn -0.0254 -0.0019 0.9997
vn 0.0235 0.0035 0.9997
vn 0.0229 0.0011 0.9997
vn 0.0220 0.0011 0.9998
vn 0.9996 -0.0289 -0.0058
vn 0.9935 0.1130 -0.0132
vn 0.9999 -0.0140 -0.0002
vn 0.9949 -0.0512 0.0872
vn 0.7744 0.0110 -0.6326
vn 0.9490 0.2406 -0.2040
vn 0.9490 0.2407 -0.2039
vn 0.9490 0.2404 -0.2041
vn 0.7884 0.1419 -0.5986
vn 0.8974 -0.0692 -0.4358
vn 0.8932 -0.1199 -0.4333
vn 0.9490 0.2403 -0.2042
vn 0.9944 -0.0685 -0.0803
vn 0.9641 -0.2621 -0.0415
vn 0.9773 0.2118 0.0087
vn 0.9743 -0.2247 -0.0126
vn 0.9912 -0.1320 -0.0107
vn 0.9886 0.1504 -0.0089
vn 0.9383 0.3457 -0.0071
vn 0.9798 -0.1990 -0.0176
vn 0.9983 0.0377 0.0444
vn 0.9854 -0.1257 0.1146
vn 0.9044 0.0631 0.4220
vn 0.8137 0.4626 0.3521
vn 0.9145 -0.1230 0.3854
vn 0.5575 0.0379 0.8293
vn 0.8401 -0.0339 0.5413
vn 0.6909 0.0122 -0.7228
vn 0.9411 -0.1427 -0.3065
vn 0.9411 -0.1458 -0.3049
vn 0.9412 -0.1463 -0.3046
vn 0.9411 -0.1418 -0.3069
vn 0.9599 0.2176 -0.1765
vn 0.9731 -0.2287 -0.0285
vn 0.9762 -0.2166 -0.0105
vn 0.9544 0.2982 0.0141
vn 0.9722 -0.2342 -0.0016
vn 0.9502 0.3091 0.0402
vn 0.8284 0.1935 0.5256
vn 0.5223 -0.8512 0.0525
vn 0.9623 -0.1067 0.2501
vn 0.8005 -0.1663 0.5757
vn 0.3227 0.0244 0.9462
vn -0.0442 -0.0268 0.9987
vn 0.0296 0.0013 0.9996
vn 0.8429 -0.2211 -0.4905
vn 0.8887 -0.2911 -0.3543
vn 0.9297 0.3619 -0.0686
vn 0.9409 -0.3307 -0.0735
vn 0.9378 0.3472 -0.0002
vn 0.9422 -0.3349 0.0054
vn 0.9143 0.3883 0.1151
vn 0.8859 -0.3572 0.2960
vn 0.6304 0.2357 0.7396
vn 0.8632 -0.1750 0.4736
vn 0.1984 0.0343 0.9795
vn 0.2278 -0.0590 0.9719
vn 0.8798 0.4566 -0.1319
vn 0.8874 0.4481 -0.1085
vn 0.9359 -0.3463 -0.0644
vn 0.8791 0.4767 -0.0050
vn 0.9302 -0.3671 -0.0005
vn 0.8936 0.4488 0.0034
vn 0.9435 -0.3313 -0.0088
vn 0.9161 0.3637 0.1688
vn 0.8949 0.4318 0.1127
vn 0.9173 -0.3645 0.1604
vn 0.9343 -0.2731 0.2292
vn 0.5958 0.3033 0.7437
vn 0.4812 0.1640 0.8611
vn 0.4807 0.1620 0.8618
vn 0.4829 0.1704 0.8589
vn 0.1684 0.0644 0.9836
vn 0.3123 -0.0541 0.9484
vn 0.0083 -0.0051 1.0000
vn 0.0098 -0.0053 0.9999
vn 0.0062 -0.0053 1.0000
vn 0.7944 -0.3590 -0.4900
vn 0.8491 0.4981 -0.1762
vn 0.9042 -0.4099 -0.1197
vn 0.9038 -0.4279 -0.0111
vn 0.9257 -0.3492 0.1458
vn 0.4834 0.1724 0.8582
vn 0.4105 -0.1201 0.9039
vn 0.4074 -0.1516 0.9006
vn 0.0303 0.0094 0.9995
vn 0.8733 -0.4821 -0.0699
vn 0.8691 -0.4938 -0.0300
vn 0.7831 0.6219 0.0011
vn 0.8757 -0.4829 0.0068
vn 0.7514 0.6528 0.0964
vn 0.8661 -0.4850 0.1208
vn 0.7273 0.5437 0.4189
vn 0.7623 0.4300 0.4837
vn 0.8508 -0.5012 0.1580
vn 0.5312 0.1342 0.8365
vn 0.0958 0.0808 0.9921
vn 0.0517 -0.0360 0.9980
vn 0.1240 0.0748 0.9895
vn 0.8286 -0.5108 -0.2290
vn 0.7714 0.6273 -0.1068
vn 0.7492 0.6623 -0.0091
vn 0.8911 -0.4409 0.1075
vn 0.1303 -0.0279 0.9911
vn 0.0373 -0.0270 0.9989
vn 0.0107 0.0114 0.9999
vn 0.0169 -0.0045 0.9998
vn 0.0170 -0.0047 0.9998
vn 0.0223 -0.0156 0.9996
vn 0.0224 -0.0067 0.9997
vn 0.0223 -0.0182 0.9996
vn 0.7038 0.7019 0.1094
vn 0.8624 -0.4993 0.0839
vn 0.8623 -0.4993 0.0839
vn 0.8622 -0.4996 0.0842
vn 0.3471 0.4101 0.8434
vn 0.3241 0.6361 0.7002
vn 0.0306 -0.0127 0.9994
vn 0.2423 -0.1446 0.9594
vn 0.0515 0.0432 0.9977
vn 0.0300 0.0135 0.9995
vn 0.5882 0.7119 -0.3836
vn 0.8678 -0.4527 -0.2048
vn 0.8674 -0.4541 -0.2033
vn 0.8677 -0.4530 -0.2045
vn 0.6847 0.7288 -0.0018
vn 0.6890 0.7248 -0.0036
vn 0.6908 0.7231 -0.0044
vn 0.8640 -0.5031 -0.0198
vn 0.8626 -0.4989 0.0835
vn -0.0049 0.0601 0.9982
vn 0.0151 0.0182 0.9997
vn 0.3559 -0.1708 0.9188
vn 0.3549 -0.1698 0.9193
vn 0.3509 -0.1655 0.9217
vn 0.3492 -0.1637 0.9226
vn -0.7265 0.4783 -0.4933
vn 0.8674 -0.4544 -0.2030
vn 0.6830 0.7304 -0.0010
vn 0.6788 0.7314 0.0652
vn 0.5738 0.3159 0.7556
vn 0.6123 -0.6335 -0.4730
vn 0.5620 0.6944 -0.4494
vn 0.7751 -0.6284 -0.0666
vn 0.8252 -0.5646 -0.0147
vn 0.7815 -0.6041 0.1561
vn 0.5076 0.6197 0.5986
vn 0.0004 0.0128 0.9999
vn -0.0023 0.0188 0.9998
vn -0.0050 0.0188 0.9998
vn -0.0042 0.0131 0.9999
vn 0.3635 -0.2761 0.8897
vn 0.3353 -0.2876 0.8971
vn -0.8116 0.5301 0.2457
vn 0.4996 0.7721 -0.3927
vn 0.5792 0.8006 0.1537
vn -0.0318 0.0274 0.9991
vn -0.0390 0.0258 0.9989
vn -0.0415 0.0252 0.9988
vn 0.0044 -0.0047 1.0000
vn 0.0077 -0.0051 1.0000
vn 0.0004 0.0014 1.0000
vn -0.2027 -0.0187 0.9791
vn 0.7082 -0.4759 -0.5215
vn 0.7094 -0.4797 -0.5165
vn 0.7096 -0.4765 -0.5190
vn 0.7100 -0.4807 -0.5146
vn 0.5245 0.8514 -0.0000
vn 0.5103 0.8600 -0.0033
vn 0.6192 0.7650 0.1771
vn 0.8109 -0.5681 0.1405
vn 0.1706 0.5249 0.8339
vn 0.3609 -0.1793 0.9152
vn -0.0066 0.0326 0.9994
vn 0.3996 -0.3036 0.8650
vn -0.7967 0.6013 -0.0607
vn 0.0224 -0.0047 0.9997
vn 0.0101 0.0001 0.9999
vn 0.0588 -0.0222 0.9980
vn 0.9936 0.0440 -0.1042
vn 0.9950 0.0788 -0.0621
vn 0.8171 -0.5726 -0.0668
vn 0.8189 -0.5704 -0.0637
vn 0.8188 -0.5704 -0.0641
vn 0.9892 -0.1455 -0.0182
vn 0.3679 0.9299 -0.0010
vn 0.3689 0.9295 -0.0013
vn 0.3683 0.9297 -0.0011
vn 0.8153 -0.5748 -0.0699
vn 0.9961 0.0873 -0.0105
vn 0.9996 0.0237 0.0142
vn 0.9933 -0.1159 -0.0022
vn 0.8356 -0.5491 -0.0141
vn 0.9986 0.0400 0.0359
vn 0.8413 -0.4819 0.2451
vn 0.9824 0.0347 0.1837
vn 0.1630 0.5497 0.8193
vn -0.0306 0.0277 0.9991
vn 0.0064 0.0025 1.0000
vn 0.0058 0.0044 1.0000
vn 0.0686 0.0166 0.9975
vn 0.8342 0.0879 -0.5444
vn 0.9652 0.2218 -0.1389
vn 0.9365 0.3446 -0.0649
vn 0.9809 -0.1929 -0.0260
vn 0.8261 -0.5606 -0.0570
vn 0.9639 -0.2663 -0.0067
vn 0.3694 0.9293 -0.0014
vn 0.9504 0.3109 0.0098
vn 0.9500 0.3120 0.0096
vn 0.9489 0.3155 0.0088
vn 0.9485 0.3165 0.0085
vn 0.9782 -0.2073 0.0144
vn 0.9570 0.2865 0.0449
vn 0.2898 0.8621 0.4157
vn 0.9105 0.3230 0.2582
vn 0.9292 -0.2534 0.2689
vn 0.8478 0.1065 0.5196
vn 0.3969 -0.0153 0.9177
vn 0.8659 -0.1309 0.4827
vn 0.0236 0.0367 0.9990
vn -0.0035 0.0110 0.9999
vn 0.0346 0.0011 0.9994
vn 0.0492 -0.0075 0.9988
vn -0.5337 0.3398 0.7744
vn 0.7119 -0.4792 -0.5134
vn 0.7195 -0.5018 -0.4801
vn 0.8656 -0.4759 -0.1561
vn 0.2977 0.8520 -0.4306
vn 0.9857 0.1455 -0.0847
vn 0.9606 0.2757 -0.0362
vn 0.3023 0.9270 -0.2222
vn 0.9738 0.2272 -0.0125
vn 0.8985 -0.4388 -0.0088
vn 0.8953 -0.4453 -0.0125
vn 0.8980 -0.4399 -0.0095
vn 0.9749 0.2224 0.0072
vn 0.7776 -0.6287 0.0033
vn 0.9703 0.2415 0.0129
vn 0.8492 -0.5224 0.0773
vn 0.9575 0.1568 0.2421
vn 0.9514 0.2477 0.1829
vn 0.8236 -0.4314 0.3681
vn 0.8246 -0.4357 0.3608
vn 0.8221 -0.4369 0.3650
vn 0.8223 -0.4367 0.3648
vn 0.2384 0.5138 0.8241
vn 0.8244 -0.4952 0.2741
vn 0.4122 0.9100 -0.0454
vn 0.0224 -0.0367 0.9991
vn 0.0230 -0.0352 0.9991
vn 0.0260 -0.0278 0.9993
vn 0.0264 -0.0277 0.9993
vn 0.1960 -0.0199 0.9804
vn 0.7508 -0.4532 -0.4806
vn 0.9285 0.2722 -0.2524
vn 0.1976 0.8200 -0.5371
vn 0.7551 -0.4703 -0.4568
vn 0.9114 0.2390 -0.3351
vn 0.9981 0.0603 -0.0102
vn 0.8690 -0.4922 -0.0508
vn 0.9610 0.2317 0.1512
vn 0.8799 -0.4731 -0.0437
vn 0.8943 -0.4473 -0.0136
vn 0.9639 0.2661 0.0109
vn 0.9653 0.2608 0.0135
vn 0.9634 0.2679 0.0100
vn 0.9655 0.2599 0.0140
vn 0.8907 -0.4534 0.0330
vn 0.8964 -0.4432 -0.0101
vn 0.9214 -0.3885 0.0085
vn 0.9488 0.3064 0.0764
vn 0.8327 -0.5021 0.2333
vn 0.9095 0.2941 0.2938
vn 0.8292 -0.4260 0.3618
vn 0.5231 -0.3558 0.7744
vn 0.8971 0.2459 0.3670
vn -0.0713 -0.1854 0.9801
vn 0.0269 -0.0025 0.9996
vn 0.0143 0.0149 0.9998
vn 0.0234 0.0504 0.9985
vn 0.0169 0.0470 0.9988
vn 0.0267 0.0522 0.9983
vn 0.0642 0.0166 0.9978
vn 0.0242 -0.0005 0.9997
vn 0.1805 -0.2112 0.9606
vn 0.1610 -0.1050 0.9813
vn 0.0500 0.0999 0.9937
vn 0.0271 -0.0042 0.9996
vn 0.0058 -0.0131 0.9999
vn 0.0070 -0.0123 0.9999
vn 0.0077 -0.0124 0.9999
vn 0.7988 -0.5344 -0.2761
vn 0.9162 -0.1411 -0.3751
vn 0.9060 0.2616 -0.3328
vn -0.0185 0.9285 -0.3710
vn 0.9868 -0.1555 -0.0454
vn 0.9888 -0.1458 -0.0311
vn 0.9910 0.0749 -0.1106
vn 0.9190 0.3843 0.0875
vn 0.9751 -0.2212 0.0174
vn 0.9938 0.1113 0.0036
vn 0.9901 0.1398 0.0141
vn 0.8302 -0.5569 -0.0260
vn 0.9931 -0.1168 -0.0060
vn 0.9793 -0.0706 0.1897
vn 0.9973 0.0561 0.0474
vn 0.2561 0.8591 0.4431
vn 0.8694 0.3169 0.3791
vn 0.8077 -0.4358 0.3971
vn 0.3437 0.5907 0.7301
vn 0.2937 0.1039 0.9502
vn 0.2163 -0.2207 0.9510
vn 0.2860 -0.0659 0.9560
vn 0.3059 0.0915 0.9476
vn 0.3909 0.1746 0.9037
vn 0.0155 0.0062 0.9999
vn 0.0176 0.0072 0.9998
vn 0.0175 0.0063 0.9998
vn 0.7966 -0.1735 -0.5790
vn 0.9119 0.2589 -0.3184
vn 0.7637 -0.6125 -0.2038
vn 0.5000 0.7578 -0.4193
vn 0.7681 -0.6393 0.0369
vn 0.8139 0.0668 0.5771
vn 0.7278 -0.5593 0.3967
vn 0.8675 -0.1236 0.4818
vn 0.9453 -0.0793 0.3164
vn -0.0021 0.0275 0.9996
vn -0.0229 -0.0142 0.9996
vn 0.2162 0.0996 0.9713
vn 0.1912 -0.1030 0.9761
vn 0.0152 -0.0059 0.9999
vn 0.0152 -0.0057 0.9999
vn 0.0153 -0.0062 0.9999
vn 0.7395 -0.6199 -0.2624
vn -0.6319 0.7750 -0.0012
vn 0.5334 0.7055 -0.4666
vn 0.7763 -0.6256 -0.0771
vn 0.4629 0.8864 0.0047
vn 0.4381 0.8989 -0.0011
vn -0.6596 0.7516 0.0113
vn 0.7171 -0.6086 0.3398
vn 0.4720 0.6615 0.5828
vn 0.2485 -0.0807 0.9653
vn 0.1476 -0.0199 0.9889
vn 0.0189 -0.0008 0.9998
vn 0.0225 -0.0040 0.9997
vn 0.0175 0.0005 0.9998
vn 0.0893 -0.0755 0.9931
vn 0.0916 -0.0700 0.9933
vn 0.0907 -0.0726 0.9932
vn 0.0921 -0.0695 0.9933
vn -0.6880 0.7044 -0.1747
vn 0.0020 0.0123 0.9999
vn 0.7265 -0.6872 -0.0014
vn 0.5711 0.8209 0.0019
vn 0.1375 0.5388 0.8311
vn 0.0565 0.0182 0.9982
vn 0.0242 -0.0050 0.9997
vn 0.0131 -0.0179 0.9998
vn 0.0132 -0.0171 0.9998
vn 0.0121 -0.0172 0.9998
vn 0.0148 0.0209 0.9997
vn 0.0142 0.0208 0.9997
vn 0.0132 0.0183 0.9997
vn -0.1400 0.0161 0.9900
vn 0.4054 0.9141 -0.0074
vn 0.0024 0.0280 0.9996
vn 0.0063 0.0258 0.9996
vn 0.0025 0.0236 0.9997
vn 0.0111 0.0249 0.9996
vn -0.0521 -0.0075 0.9986
vn -0.5190 0.8546 -0.0165
vn -0.5418 0.8405 -0.0081
vn 0.0720 0.9974 0.0004
vn -0.5439 0.8391 0.0087
vn -0.5427 0.8399 0.0090
vn -0.5402 0.8415 0.0096
vn 0.0192 0.9986 0.0491
vn 0.1133 0.7560 0.6447
vn -0.5390 0.8423 0.0099
vn 0.0765 0.5792 0.8116
vn 0.0152 0.0461 0.9988
vn 0.1096 -0.0658 0.9918
vn 0.1464 -0.1821 0.9723
vn 0.0072 0.0010 1.0000
vn 0.0054 -0.0121 0.9999
vn 0.1486 0.9888 0.0125
vn -0.4398 0.0612 0.8960
vn 0.0088 -0.0133 0.9999
vn 0.1396 0.6479 -0.7488
vn -0.3973 0.9175 -0.0165
vn -0.3893 0.9211 0.0086
vn 0.0926 0.5963 0.7974
vn -0.0117 0.0476 0.9988
vn -0.0100 0.0508 0.9987
vn -0.0121 0.0470 0.9988
vn 0.0176 -0.0171 0.9997
vn 0.0157 -0.0107 0.9998
vn 0.0160 -0.0117 0.9998
vn 0.0193 -0.0034 0.9998
vn 0.1840 -0.1132 0.9764
vn -0.3841 -0.0423 0.9223
vn -0.7920 -0.1785 0.5838
vn -0.2804 0.9546 0.1005
vn -0.4468 -0.0150 0.8945
vn 0.0194 -0.0060 0.9998
vn 0.0078 -0.0131 0.9999
vn -0.3010 0.6963 0.6516
vn -0.8427 -0.4368 0.3148
vn -0.4129 0.9106 0.0174
vn 0.0026 -0.0390 0.9992
vn -0.0022 -0.0342 0.9994
vn -0.0033 -0.0331 0.9994
vn -0.0058 -0.0019 1.0000
vn 0.0180 -0.0179 0.9997
vn 0.0147 0.0036 0.9999
vn 0.0137 0.0032 0.9999
vn 0.0150 0.0036 0.9999
vn 0.1544 -0.1176 0.9810
vn 0.0069 0.9960 -0.0895
vn -0.1041 -0.0856 0.9909
vn 0.0187 0.0008 0.9998
vn 0.0196 -0.0027 0.9998
vn 0.0069 0.0376 0.9993
vn -0.0007 0.0403 0.9992
vn -0.0023 0.0409 0.9992
vn -0.3558 0.9345 -0.0024
vn 0.0793 0.8911 -0.4469
vn 0.1995 0.9717 0.1264
vn -0.9504 0.1526 -0.2709
vn -0.6472 0.0384 0.7613
vn -0.5637 0.8249 -0.0421
vn 0.2264 0.9708 0.0798
vn 0.1621 0.9672 0.1956
vn 0.1089 0.5336 0.8387
vn 0.0122 0.1315 0.9912
vn -0.1126 -0.1159 0.9869
vn -0.0659 -0.3925 0.9174
vn -0.0430 0.9988 -0.0243
vn -0.0898 -0.0738 0.9932
vn -0.1255 0.8404 0.5272
vn 0.1035 -0.0146 0.9945
vn 0.0192 0.0133 0.9997
vn -0.6789 0.2329 0.6963
vn -0.7550 0.6491 -0.0936
vn 0.2127 0.9771 0.0043
vn 0.2130 0.9770 0.0044
vn 0.2134 0.9769 0.0045
vn 0.2136 0.9769 0.0046
vn 0.0148 -0.0286 0.9995
vn 0.0056 -0.0343 0.9994
vn 0.0160 -0.0278 0.9995
vn -0.0079 -0.0400 0.9992
vn -0.0085 -0.0400 0.9992
vn 0.0124 -0.0622 0.9980
vn -0.0659 0.9761 0.2073
vn 0.3561 0.8606 -0.3640
vn -0.1601 0.8448 0.5106
vn -0.2004 0.9727 -0.1172
vn 0.0094 0.0286 0.9995
vn 0.0029 -0.0394 0.9992
vn 0.0164 -0.0063 0.9998
vn 0.0209 -0.0149 0.9997
vn 0.0210 0.0009 0.9998
vn -0.0515 -0.0820 0.9953
vn -0.1930 0.9812 -0.0056
vn 0.0423 -0.0224 0.9989
vn -0.1484 0.9887 -0.0201
vn 0.0334 0.9988 0.0355
vn 0.0116 -0.0247 0.9996
vn -0.0778 -0.3705 0.9256
vn 0.4842 0.7851 -0.3863
vn 0.0706 -0.3645 0.9285
vn -0.0072 -0.7435 0.6687
vn 0.2183 0.4325 0.8748
vn 0.0789 0.5576 -0.8263
vn 0.0264 0.8140 0.5803
vn -0.0227 0.6313 0.7752
vn -0.1814 -0.9777 -0.1059
vn 0.1011 0.9931 -0.0600
vn -0.2272 0.9738 0.0064
vn -0.1872 0.9822 0.0183
vn 0.4096 0.3554 0.8402
vn 0.0040 -0.0203 0.9998
vn 0.0072 -0.0301 0.9995
vn -0.0432 -0.0644 0.9970
vn -0.0361 -0.0807 0.9961
vn 0.0300 0.9992 -0.0282
vn 0.0308 0.9992 -0.0265
vn 0.0311 0.9992 -0.0258
vn -0.0074 -0.0401 0.9992
vn 0.4077 0.8892 -0.2075
vn -0.2223 0.9730 -0.0628
vn 0.4592 0.8883 -0.0003
vn 0.4598 0.8880 -0.0005
vn 0.4582 0.8888 -0.0001
vn 0.4577 0.8891 0.0001
vn -0.0346 0.3974 0.9170
vn -0.1237 -0.2200 0.9676
vn -0.1234 -0.2221 0.9672
vn -0.1243 -0.2145 0.9688
vn -0.2715 -0.8714 0.4086
vn 0.5107 0.8494 0.1329
vn 0.0642 -0.0676 0.9956
vn -0.0087 0.0112 0.9999
vn 0.0014 0.0066 1.0000
vn -0.0065 0.0112 0.9999
vn -0.0006 0.0087 1.0000
vn 0.0047 -0.0025 1.0000
vn 0.0074 0.0006 1.0000
vn 0.0044 -0.0025 1.0000
vn 0.0063 0.0070 1.0000
vn 0.0105 0.0246 0.9996
vn -0.0664 -0.5836 0.8093
vn 0.0080 0.0370 0.9993
vn 0.1717 -0.0140 0.9850
vn 0.3589 0.7379 -0.5716
vn 0.8446 0.5250 -0.1053
vn 0.6775 0.7355 -0.0021
vn -0.1246 -0.2120 0.9693
vn -0.2058 -0.7211 0.6615
vn -0.5442 0.4164 0.7283
vn 0.6563 0.7545 -0.0004
vn -0.3528 0.9356 -0.0159
vn 0.4197 0.8274 0.3731
vn 0.8147 -0.1392 0.5629
vn 0.3835 0.5721 0.7250
vn -0.0095 0.0517 0.9986
vn 0.0138 0.0011 0.9999
vn 0.0142 0.0006 0.9999
vn 0.0099 0.0066 0.9999
vn 0.0232 -0.0103 0.9997
vn -0.0285 0.2808 -0.9593
vn 0.0245 -0.0678 0.9974
vn 0.0087 0.0436 0.9990
vn 0.0068 0.0001 1.0000
vn -0.0344 0.4099 0.9115
vn 0.0069 0.0022 1.0000
vn 0.0823 0.0284 0.9962
vn 0.0773 0.0387 0.9963
vn 0.0761 0.0389 0.9963
vn -0.0484 0.2832 0.9579
vn 0.4396 0.8982 -0.0003
vn 0.4400 0.8980 -0.0003
vn 0.4408 0.8976 -0.0002
vn 0.1973 0.9748 -0.1044
vn -0.2229 0.5584 0.7990
vn -0.1867 0.4369 0.8799
vn -0.1955 0.4425 0.8752
vn -0.1956 0.4425 0.8752
vn -0.1959 0.4428 0.8750
vn -0.1961 0.9481 -0.2504
vn 0.4413 0.8974 -0.0002
vn -0.5571 0.8276 0.0694
vn 0.0145 0.0001 0.9999
vn 0.0377 -0.4285 0.9027
vn -0.0158 0.9851 0.1712
vn 0.0771 0.0396 0.9962
vn 0.1342 -0.0330 0.9904
vn 0.1104 -0.0873 0.9901
vn 0.9801 0.1944 -0.0395
vn 0.9868 0.1530 0.0531
vn 0.8864 -0.4056 0.2230
vn 0.9517 -0.3037 -0.0457
vn 0.7729 -0.1147 -0.6241
vn -0.1981 -0.8571 0.4755
vn 0.0305 -0.0094 0.9995
vn 0.0690 0.8499 0.5224
vn -0.0825 0.7023 0.7070
vn 0.1704 0.9294 0.3273
vn 0.2893 0.9080 -0.3030
vn 0.0780 0.7535 -0.6528
vn 0.0173 0.8792 -0.4761
vn 0.0153 0.0461 0.9988
vn 0.0513 -0.3358 0.9405
vn 0.0500 0.9771 0.2069
vn -0.0292 -0.5819 0.8127
vn 0.0297 0.9991 -0.0288
vn -0.0189 0.9967 -0.0787
vn -0.0091 0.9750 0.2222
vn 0.0164 0.0214 0.9996
vn 0.0130 0.0173 0.9998
vn 0.0174 0.0225 0.9996
vn 0.0834 0.1215 0.9891
vn 0.8124 0.5830 -0.0039
vn 0.8876 0.4267 -0.1735
vn 0.0293 0.8305 0.5562
vn 0.2271 0.8079 0.5438
vn -0.4957 -0.3708 0.7854
vn 0.1534 0.9821 -0.1095
vn -0.5193 0.8468 0.1148
vn 0.2058 0.8907 -0.4053
vn 0.0730 0.8533 -0.5163
vn 0.0061 0.0331 0.9994
vn 0.0135 -0.0186 0.9997
vn -0.0138 -0.0089 0.9999
vn 0.8275 -0.5070 0.2413
vn 0.8118 -0.4413 0.3824
vn 0.1688 -0.0849 0.9820
vn 0.7223 -0.4290 -0.5425
vn -0.8993 0.3164 0.3018
vn -0.3026 -0.0796 0.9498
vn -0.1948 0.9205 0.3386
vn 0.0561 0.4984 0.8651
vn 0.1310 0.6090 0.7823
vn 0.0901 -0.9651 -0.2460
vn 0.5379 0.5996 -0.5926
vn 0.2247 0.8580 -0.4620
vn 0.3014 -0.3111 -0.9013
vn -0.0520 0.9977 -0.0442
vn -0.0066 0.0303 0.9995
vn 0.1043 -0.3077 0.9457
vn -0.0044 -0.2265 0.9740
vn 0.2892 0.0144 0.9572
vn 0.1264 -0.1093 0.9859
vn 0.6973 0.7158 -0.0381
vn 0.9772 -0.1833 -0.1075
vn -0.9182 0.1018 0.3828
vn -0.3177 0.0894 0.9440
vn -0.2140 -0.9741 -0.0737
vn -0.7677 0.6408 0.0083
vn -0.3274 0.9105 0.2525
vn 0.1065 0.9942 -0.0159
vn -0.0653 0.9979 0.0028
vn -0.0567 0.9984 0.0056
vn -0.0660 0.9978 0.0026
vn -0.0117 0.9744 -0.2245
vn 0.0045 0.0627 0.9980
vn -0.0039 0.0612 0.9981
vn 0.0052 0.0628 0.9980
vn 0.0082 0.0015 1.0000
vn -0.5150 -0.4082 0.7538
vn -0.1004 0.9866 0.1286
vn 0.0238 -0.6102 0.7919
vn 0.2008 -0.0884 0.9756
vn 0.0037 -0.0045 1.0000
vn 0.0046 -0.0053 1.0000
vn 0.0038 -0.0043 1.0000
vn 0.2395 0.5832 0.7763
vn 0.0685 -0.2476 0.9664
vn 0.6682 -0.6022 0.4369
vn -0.0018 0.8844 -0.4668
vn -0.0349 0.9991 0.0240
vn -0.5803 0.2073 0.7876
vn 0.1906 -0.1765 0.9657
vn -0.2773 0.9482 0.1550
vn 0.0036 1.0000 0.0015
vn 0.0050 1.0000 0.0005
vn 0.0052 1.0000 0.0003
vn -0.7121 0.6927 0.1147
vn 0.1799 0.8046 -0.5658
vn -0.4575 -0.0498 0.8878
vn 0.0037 -0.0007 1.0000
vn 0.0037 -0.0009 1.0000
vn 0.0026 -0.0023 1.0000
vn 0.1013 -0.0442 0.9939
vn -0.1804 -0.0083 0.9836
vn 0.0069 -0.0380 0.9993
vn 0.4203 0.9061 0.0492
vn -0.6628 0.0656 0.7460
vn 0.0347 0.9987 0.0366
vn -0.6818 -0.0192 0.7313
vn -0.7091 0.0642 0.7022
vn -0.1832 0.5021 0.8452
vn 0.0742 0.1818 0.9805
vn -0.0344 0.1463 0.9886
vn 0.1007 0.3030 0.9477
vn 0.0367 0.0902 0.9952
vn 0.2938 0.9349 0.1992
vn 0.0887 0.8569 0.5077
vn -0.0539 0.9985 0.0065
vn -0.5370 0.8282 0.1606
vn 0.7973 -0.4681 -0.3809
vn 0.6861 0.5818 -0.4369
vn -0.0108 0.8850 0.4655
vn 0.0094 0.5605 0.8281
vn 0.1506 0.9875 -0.0460
vn 0.2035 0.9726 0.1125
vn -0.2873 -0.0111 0.9578
vn -0.2583 0.0015 0.9661
vn 0.3843 0.9098 -0.1570
vn 0.0441 -0.2468 0.9681
vn 0.4038 -0.7866 0.4672
vn 0.3473 0.2088 0.9142
vn 0.5634 0.7685 0.3035
vn 0.0165 0.8080 -0.5889
vn 0.0148 0.8080 -0.5890
vn 0.0346 0.4430 0.8959
vn 0.3327 0.1113 0.9364
vn 0.0053 0.1173 0.9931
vn 0.5803 0.2805 0.7646
vn 0.6581 0.7027 0.2704
vn 0.0033 0.9998 -0.0214
vn 0.5249 0.8446 -0.1051
vn 0.1419 0.3325 0.9324
vn 0.3154 0.7512 -0.5798
vn 0.8742 0.1128 -0.4723
vn 0.0034 1.0000 0.0014
vn -0.0003 0.8342 0.5515
vn -0.0014 0.8358 0.5491
vn -0.0019 0.8367 0.5477
vn 0.0042 -0.0350 0.9994
vn -0.0062 -0.0219 0.9997
vn -0.0033 -0.1081 0.9941
vn -0.5267 0.8495 0.0306
vn 0.0757 -0.0094 0.9971
vn 0.0452 0.4600 0.8868
vn 0.0072 -0.0016 1.0000
vn 0.0832 0.1624 0.9832
vn -0.5811 0.1103 0.8063
vn 0.3872 0.8951 -0.2212
vn 0.4766 -0.4430 -0.7593
vn 0.2801 0.3502 0.8938
vn -0.0117 0.6044 0.7966
vn 0.1378 -0.1757 0.9747
vn 0.9032 -0.0381 0.4275
vn 0.3662 0.8995 0.2382
vn 0.8164 0.5772 -0.0203
vn 0.2694 0.5156 0.8134
vn 0.5997 0.2757 0.7512
vn 0.7553 0.4106 0.5108
vn 0.8080 0.1371 0.5730
vn 0.9959 0.0863 -0.0282
vn 0.3853 0.2913 0.8756
vn 0.9331 -0.1669 -0.3186
vn 0.9115 -0.0925 -0.4009
vn 0.6309 0.7251 -0.2760
vn 0.0031 0.0429 0.9991
vn -0.0041 0.0278 0.9996
vn 0.0043 -0.0964 0.9953
vn -0.0226 -0.2722 0.9620
vn 0.0062 0.9928 0.1193
vn 0.1232 0.8522 -0.5084
vn -0.0263 -0.0155 0.9995
vn -0.0224 -0.0099 0.9997
vn -0.0255 -0.0144 0.9996
vn -0.0217 -0.0088 0.9997
vn -0.8855 0.0038 0.4646
vn 0.9750 0.2088 0.0763
vn -0.0404 -0.0340 0.9986
vn -0.0408 -0.0338 0.9986
vn -0.0423 -0.0334 0.9985
vn -0.0429 -0.0332 0.9985
vn -0.0496 -0.5021 0.8634
vn -0.0056 -0.4938 0.8695
vn 0.0118 0.6203 0.7843
vn 0.0634 0.0039 0.9980
vn 0.0723 -0.0213 0.9972
vn -0.0462 -0.0627 0.9970
vn -0.0269 -0.0506 0.9984
vn 0.0155 0.0595 0.9981
vn 0.0070 0.0023 1.0000
vn 0.3058 0.9459 -0.1085
vn 0.3421 0.3283 0.8804
vn 0.8000 -0.3157 -0.5103
vn 0.1101 -0.4129 0.9041
vn 0.8734 -0.2348 0.4267
vn 0.3066 0.7061 0.6383
vn 0.8751 0.3636 0.3194
vn 0.7572 -0.6515 -0.0465
vn 0.4722 0.2490 0.8456
vn 0.0681 0.2937 0.9535
vn 0.6308 -0.7756 0.0213
vn -0.2905 0.9553 -0.0550
vn 0.5087 0.8494 -0.1408
vn 0.0003 0.0023 1.0000
vn -0.0154 0.8541 -0.5199
vn -0.0199 -0.2067 0.9782
vn -0.0203 -0.3476 0.9374
vn 0.0029 0.9931 -0.1172
vn -0.0265 -0.0867 0.9959
vn 0.0246 0.4013 0.9156
vn 0.1112 0.3330 0.9363
vn 0.0117 0.0157 0.9998
vn 0.3082 0.3904 0.8675
vn 0.1310 0.9734 -0.1881
vn 0.8551 -0.2403 -0.4594
vn 0.4349 0.3596 0.8256
vn 0.9271 -0.3670 -0.0756
vn 0.6906 -0.7225 -0.0326
vn 0.9711 -0.1770 0.1600
vn 0.5485 0.4008 0.7338
vn 0.6090 -0.7663 0.2046
vn 0.0712 0.3153 0.9463
vn -0.3432 0.9270 -0.1514
vn -0.2160 0.9763 -0.0157
vn 0.0023 0.0206 0.9998
vn 0.0088 -0.0121 0.9999
vn 0.0037 -0.0134 0.9999
vn 0.0033 -0.0133 0.9999
vn -0.0056 -0.0137 0.9999
vn 0.0015 0.9956 0.0938
vn 0.0141 -0.0124 0.9998
vn 0.0158 -0.0174 0.9997
vn 0.0156 -0.0168 0.9997
vn 0.0287 -0.0012 0.9996
vn 0.0266 -0.0009 0.9996
vn 0.0299 -0.0014 0.9996
vn -0.5116 -0.8063 0.2970
vn 0.0145 0.0209 0.9997
vn 0.0287 -0.3728 0.9275
vn -0.3207 0.7772 0.5414
vn 0.9172 0.0006 -0.3985
vn 0.9076 -0.0003 -0.4199
vn 0.9097 -0.0015 -0.4152
vn 0.9084 -0.0008 -0.4182
vn 0.9105 -0.0020 -0.4135
vn 0.8930 -0.0007 -0.4500
vn 0.1648 0.4443 0.8806
vn 0.9999 0.0009 -0.0155
vn 1.0000 0.0002 0.0078
vn 1.0000 -0.0000 0.0082
vn 1.0000 -0.0000 0.0081
vn 1.0000 -0.0002 0.0085
vn 0.9992 -0.0014 -0.0409
vn 0.5729 -0.3007 -0.7625
vn 0.8950 0.3568 0.2678
vn 0.8766 0.0019 0.4812
vn 0.8963 0.0002 0.4434
vn 0.8961 -0.0013 0.4439
vn 0.8963 -0.0000 0.4434
vn 0.8961 -0.0014 0.4439
vn 0.8783 -0.0004 0.4781
vn 0.8943 -0.3923 0.2150
vn 0.7944 -0.5815 -0.1754
vn 0.1440 0.2955 0.9444
vn 0.1430 0.2961 0.9444
vn 0.1396 0.2986 0.9441
vn 0.1385 0.2994 0.9440
vn 0.1312 0.3168 0.9394
vn -0.0026 0.0055 1.0000
vn -0.0112 -0.0032 0.9999
vn 0.0024 -0.0025 1.0000
vn 0.0038 -0.0269 0.9996
vn 0.0039 -0.0269 0.9996
vn 0.0005 -0.0619 0.9981
vn -0.0168 -0.2311 0.9728
vn 0.0253 -0.0007 0.9997
vn 0.3019 0.8168 0.4916
vn 0.0340 0.1216 0.9920
vn 0.4979 0.8671 -0.0168
vn 0.2249 0.9730 -0.0529
vn 0.5299 0.8215 0.2105
vn 0.0193 0.7122 -0.7017
vn 0.5166 0.0023 0.8562
vn 0.4938 0.0013 0.8696
vn 0.4932 -0.0071 0.8699
vn 0.4945 0.0006 0.8692
vn 0.4923 -0.0075 0.8704
vn 0.4282 -0.0024 0.9037
vn 0.4620 -0.0008 0.8869
vn 0.0771 0.3454 0.9353
vn 0.6601 -0.3288 0.6754
vn 0.1221 0.8113 -0.5717
vn 0.1018 0.2881 0.9522
vn -0.7871 0.5369 -0.3037
vn 0.0117 0.2576 0.9662
vn -0.1574 0.9675 -0.1978
vn -0.0017 0.1475 0.9891
vn -0.0050 -0.0133 0.9999
vn -0.0052 0.0610 0.9981
vn -0.0246 -0.2487 0.9683
vn 0.0123 -0.0916 0.9957
vn 0.0158 -0.0049 0.9999
vn 0.0191 -0.3027 0.9529
vn 0.0518 0.8434 0.5347
vn 0.0386 0.4301 0.9019
vn 0.1434 0.3600 0.9219
vn 0.0057 -0.0027 1.0000
vn -0.0042 -0.0017 1.0000
vn 0.0030 -0.0096 0.9999
vn 0.0663 0.3254 0.9433
vn 0.0390 0.9992 0.0076
vn 0.3594 -0.6031 0.7121
vn 0.1316 0.9178 -0.3747
vn -0.0213 0.6777 0.7350
vn 0.0093 0.9981 -0.0613
vn 0.0136 -0.0124 0.9998
vn 0.0229 -0.3571 0.9338
vn 0.0008 0.1531 0.9882
vn 0.0068 0.0019 1.0000
vn -0.0023 0.0004 1.0000
vn -0.0031 -0.0009 1.0000
vn 0.0068 -0.6112 0.7914
vn 0.0760 0.2793 0.9572
vn -0.0110 0.9999 -0.0081
vn 0.0003 0.9977 0.0683
vn 0.0017 0.8913 -0.4534
vn -0.0455 -0.2012 0.9785
vn -0.0114 0.9999 0.0105
vn 0.0223 -0.5411 0.8407
vn -0.0180 0.9715 -0.2366
vn -0.0078 0.8473 0.5311
vn 0.0090 0.5929 0.8052
vn -0.0016 0.0194 0.9998
vn -0.0010 0.9256 -0.3786
vn 0.0048 0.8593 0.5114
vn 0.0004 -0.5740 0.8188
vn 0.1374 -0.5825 0.8011
vn -0.0119 0.2927 0.9561
vn 0.0029 0.1149 0.9934
vn -0.0129 0.0455 0.9989
vn -0.0197 0.0490 0.9986
vn -0.0125 0.0453 0.9989
vn -0.0034 0.0044 1.0000
vn 0.0067 -0.2466 0.9691
vn -0.0131 0.6964 -0.7176
vn -0.0082 0.9404 -0.3399
vn 0.0137 0.2537 0.9672
vn 0.0019 -0.0028 1.0000
vn -0.0039 -0.0021 1.0000
vn -0.0022 -0.0041 1.0000
vn 0.0023 0.0006 1.0000
vn 0.0019 -0.0306 0.9995
vn 0.0045 -0.0242 0.9997
vn 0.0658 -0.3326 0.9408
vn 0.0757 0.0531 0.9957
vn -0.0029 0.4874 0.8732
vn 0.0015 -0.0590 0.9983
vn 0.0497 -0.1460 0.9880
vn 0.0077 0.0022 1.0000
vn -0.0128 0.9402 -0.3403
vn 0.0149 -0.0043 0.9999
vn -0.0148 0.3071 0.9516
vn -0.1101 -0.7099 0.6957
vn 0.0089 0.9651 -0.2618
vn 0.0234 0.9404 0.3392
vn 0.0370 0.9982 -0.0468
vn 0.0542 0.9984 -0.0171
vn 0.0328 0.9994 0.0106
vn -0.0042 0.9978 0.0666
vn 0.0025 -0.0082 1.0000
vn 0.0067 -0.0055 1.0000
vn -0.0099 0.8987 0.4385
vn -0.0001 -0.0098 1.0000
vn -0.0000 -0.0101 0.9999
vn -0.0004 -0.0100 0.9999
vn 0.0100 -0.0139 0.9999
vn 0.0122 0.8342 0.5514
vn 0.0178 -0.3807 0.9245
vn -0.0238 -0.0217 0.9995
vn -0.0058 0.1702 0.9854
vn -0.0308 0.9989 -0.0346
vn -0.0300 0.9989 -0.0365
vn -0.0278 0.9987 -0.0423
vn -0.0232 0.4670 0.8840
vn -0.0271 0.9987 -0.0442
vn -0.0291 0.8324 0.5535
vn -0.0043 0.4469 0.8946
vn 0.0118 0.7484 -0.6631
vn -0.0771 0.3697 0.9260
vn 0.0182 0.8080 -0.5889
vn -0.3914 -0.5153 0.7625
vn -0.0719 0.2780 0.9579
vn -0.1452 0.9196 -0.3651
vn 0.0304 0.8034 0.5946
vn 0.0184 0.9998 -0.0057
vn -0.1371 -0.8911 0.4326
vn 0.0121 -0.0073 0.9999
vn 0.0075 0.0266 0.9996
vn 0.0113 0.0298 0.9995
vn 0.0121 0.0304 0.9995
vn 0.0036 -0.0270 0.9996
vn 0.0150 0.9988 0.0474
vn 0.0014 -0.0080 1.0000
vn 0.0038 -0.0658 0.9978
vn 0.0431 0.6288 0.7763
vn -0.0138 -0.0871 0.9961
vn 0.0493 -0.0623 0.9968
vn 0.0492 -0.0617 0.9969
vn 0.0440 -0.0542 0.9976
vn 0.0018 0.1334 0.9911
vn -0.6182 0.7800 0.0964
vn -0.5163 0.4618 0.7213
vn -0.5128 0.0024 0.8585
vn -0.4479 -0.0004 0.8941
vn -0.4506 -0.0017 0.8927
vn -0.4488 -0.0008 0.8936
vn -0.4514 -0.0021 0.8923
vn -0.4249 -0.0030 0.9052
vn -0.0379 0.3105 0.9498
vn -0.7112 -0.3471 0.6113
vn -0.1260 0.7734 -0.6213
vn -0.0624 0.2714 0.9605
vn 0.0071 0.0260 0.9996
vn 0.0039 -0.0043 1.0000
vn 0.4792 0.8579 0.1852
vn -0.0973 0.3609 0.9275
vn 0.0013 0.9809 -0.1943
vn 0.0042 0.9986 -0.0530
vn -0.0820 0.3367 0.9380
vn -0.6064 -0.7815 0.1470
vn -0.0875 0.2500 0.9643
vn -0.0838 0.2915 0.9529
vn 0.0215 0.1471 0.9889
vn 0.0245 -0.0182 0.9995
vn 0.0146 -0.2696 0.9629
vn 0.0669 -0.1894 0.9796
vn 0.0731 -0.1698 0.9828
vn -0.0245 0.9714 -0.2361
vn 0.0426 -0.0520 0.9977
vn 0.0103 -0.0150 0.9998
vn 0.0002 0.0263 0.9997
vn 0.0029 0.0314 0.9995
vn -0.0009 0.0243 0.9997
vn 0.0039 0.0332 0.9994
vn -0.0543 -0.2559 0.9652
vn 0.0506 -0.0632 0.9967
vn 0.0079 0.2879 0.9576
vn 0.4148 0.7403 0.5290
vn 0.0057 0.0131 0.9999
vn -0.2270 0.4755 0.8500
vn -0.3644 0.3966 0.8426
vn 0.4318 0.0186 -0.9018
vn 0.7745 -0.0532 -0.6304
vn -0.1933 0.2381 0.9518
vn -0.1820 0.2639 0.9472
vn -0.3520 0.3865 0.8525
vn -0.2440 0.3308 0.9116
vn -0.0144 0.9999 0.0015
vn -0.0148 0.9999 0.0020
vn -0.0120 0.9999 0.0017
vn 0.5959 0.6972 -0.3986
vn -0.0067 0.9744 -0.2247
vn 0.3593 0.9329 -0.0253
vn -0.0022 0.0061 1.0000
vn 0.0092 -0.0119 0.9999
vn 0.0909 -0.3496 0.9325
vn 0.2794 0.0065 0.9602
vn 0.2859 0.0050 0.9582
vn 0.2836 0.0056 0.9589
vn 0.7526 -0.0019 0.6584
vn 0.9998 0.0182 -0.0050
vn 0.9998 0.0149 -0.0156
vn 0.9998 0.0158 -0.0125
vn 0.9999 0.0141 0.0053
vn 0.9932 -0.0374 -0.1105
vn 0.7501 0.1939 0.6323
vn 0.9994 0.0234 -0.0245
vn 0.9994 0.0266 -0.0232
vn 0.9994 0.0260 -0.0237
vn 0.9993 0.0300 -0.0209
vn 0.9993 0.0307 -0.0203
vn 0.9998 0.0186 -0.0037
vn 0.9998 0.0115 -0.0188
vn 0.9998 0.0119 -0.0171
vn 0.9998 0.0127 -0.0135
vn 0.9998 0.0130 -0.0121
vn -0.2141 0.9679 -0.1315
vn -0.2484 0.9666 -0.0631
vn 0.8974 -0.4242 0.1218
vn 0.9259 0.0376 -0.3758
vn 0.9208 0.0189 -0.3895
vn 0.9574 0.0208 -0.2882
vn 0.9366 0.0167 -0.3500
vn 0.9562 0.0058 -0.2926
vn 0.9194 -0.3755 -0.1169
vn 0.9368 -0.2296 -0.2639
vn -0.5749 0.0131 0.8181
vn 0.7692 0.0197 -0.6388
vn 0.6397 0.0701 -0.7654
vn -0.8324 0.4932 -0.2528
vn 0.7191 0.0850 -0.6897
vn 0.6696 0.2818 -0.6872
vn 0.7496 0.4606 -0.4754
vn 0.7199 0.4986 -0.4828
vn 0.4101 0.4541 0.7910
vn 0.6441 0.7442 -0.1768
vn 0.6500 0.1238 -0.7498
vn 0.8417 0.5323 -0.0900
vn 0.6039 0.7458 -0.2812
vn 0.6962 0.7178 -0.0074
vn 0.3015 0.9525 -0.0418
vn 0.7528 0.6578 -0.0243
vn -0.0100 0.0033 0.9999
vn 0.0176 -0.1414 0.9898
vn -0.0112 0.9846 0.1742
vn -0.0794 0.9891 -0.1241
vn -0.1949 0.9670 0.1640
vn -0.1169 0.9510 -0.2863
vn 0.7426 -0.0516 0.6677
vn 0.9914 -0.0027 0.1306
vn 0.2767 0.0070 0.9609
vn 0.0638 -0.7328 0.6775
vn -0.2031 -0.7903 0.5781
vn -0.1148 -0.0017 0.9934
vn -0.0244 0.5123 0.8584
vn 0.7828 -0.0246 0.6218
vn 0.9926 0.0092 0.1210
vn 0.9995 0.0223 -0.0229
vn 0.9996 0.0162 -0.0210
vn 0.9997 0.0152 -0.0167
vn 0.9991 0.0393 0.0125
vn 0.3089 -0.9395 -0.1477
vn -0.1058 0.3638 0.9254
vn 0.1078 0.8022 0.5872
vn 0.8699 0.0484 -0.4908
vn 0.7752 -0.6286 -0.0628
vn -0.3785 -0.1288 0.9166
vn -0.0245 0.8886 0.4581
vn 0.0819 0.8931 0.4424
vn 0.9920 0.0508 -0.1152
vn 0.7893 -0.6032 -0.1146
vn 0.9731 0.2249 0.0504
vn -0.0863 0.3859 0.9185
vn -0.5517 0.8314 -0.0667
vn 0.6085 0.3377 -0.7181
vn -0.2631 0.2474 0.9325
vn -0.0229 0.8238 0.5664
vn -0.2212 0.9065 0.3596
vn -0.5070 -0.6053 0.6136
vn 0.9941 0.0658 -0.0866
vn 0.9845 0.1568 -0.0789
vn -0.5464 0.2698 0.7929
vn 0.9877 0.1510 -0.0396
vn 0.9102 0.3923 -0.1329
vn 0.9788 0.2050 0.0010
vn 0.9797 0.2003 0.0014
vn 0.9795 0.2013 0.0013
vn 0.9785 0.2064 0.0009
vn 0.9746 0.2234 -0.0135
vn 0.0052 -0.0259 0.9997
vn -0.0014 -0.0186 0.9998
vn -0.0032 -0.0166 0.9999
vn -0.0196 0.0480 0.9987
vn -0.0050 -0.0117 0.9999
vn -0.0057 -0.0078 1.0000
vn -0.0072 0.0005 1.0000
vn -0.0093 -0.0006 1.0000
vn 0.9390 0.1476 -0.3105
vn 0.0028 0.5005 0.8657
vn -0.0116 -0.0664 0.9977
vn 0.0068 0.1571 0.9876
vn 0.2980 -0.0135 0.9545
vn 0.6115 0.0902 0.7861
vn 0.6880 0.1445 0.7112
vn 0.6786 0.1800 0.7121
vn 0.7834 0.4367 0.4423
vn 0.2526 0.0399 0.9667
vn -0.0881 0.2558 0.9627
vn -0.3143 0.0735 0.9465
vn 0.1431 0.1208 0.9823
vn -0.0428 0.1699 0.9845
vn 0.0482 0.9975 0.0509
vn -0.1204 0.9840 0.1315
vn -0.1505 0.3049 0.9404
vn 0.9432 0.3319 -0.0136
vn -0.5510 0.7259 -0.4116
vn 0.8917 0.4249 -0.1560
vn 0.8419 0.0280 -0.5390
vn -0.0010 0.9999 0.0127
vn -0.0012 0.9999 0.0130
vn -0.0018 0.9999 0.0148
vn 0.4297 0.9028 0.0182
vn -0.0021 0.1610 0.9870
vn -0.0316 0.0185 0.9993
vn -0.0075 -0.0036 1.0000
vn 0.9165 -0.1900 -0.3520
vn 0.9433 0.0952 -0.3180
vn 0.9834 0.0252 0.1795
vn 0.9661 -0.0915 0.2414
vn 0.9881 -0.0247 0.1515
vn 0.0875 -0.0341 0.9956
vn 0.0178 0.9906 0.1355
vn 0.6895 0.0391 0.7233
vn 0.5137 0.0957 0.8526
vn 0.7606 -0.6399 -0.1096
vn 0.5406 0.3411 0.7690
vn 0.2030 0.1265 0.9710
vn -0.2350 0.2198 0.9468
vn 0.0294 0.1002 0.9945
vn -0.0890 0.9800 0.1782
vn 0.9262 0.3535 0.1313
vn -0.2974 0.6947 -0.6549
vn -0.0056 0.0090 0.9999
vn 0.1048 0.9945 -0.0002
vn 0.1840 -0.1644 0.9691
vn -0.1104 0.9701 0.2163
vn -0.1313 -0.1900 0.9730
vn -0.0972 0.1071 0.9895
vn -0.0294 -0.3395 0.9401
vn -0.0101 -0.0280 0.9996
vn 0.0397 -0.0011 0.9992
vn 0.0337 0.0016 0.9994
vn 0.0354 0.0008 0.9994
vn -0.0078 -0.8743 -0.4854
vn -0.0147 0.9818 0.1892
vn -0.5095 0.8538 -0.1071
vn -0.5636 -0.4783 0.6735
vn 0.0191 0.9998 0.0031
vn 0.7141 0.0396 0.6989
vn 0.7496 0.0644 0.6588
vn 0.0454 0.9983 0.0372
vn 0.7582 -0.6453 -0.0931
vn 0.6708 0.1244 0.7312
vn 0.6957 -0.5065 0.5093
vn 0.9420 0.0578 0.3306
vn 0.9419 0.0574 0.3308
vn 0.9435 0.0598 0.3258
vn 0.9437 0.0596 0.3254
vn 0.9943 -0.0089 0.1066
vn 0.9876 0.1457 0.0591
vn 0.9517 0.2357 0.1967
vn 0.9831 0.0923 0.1579
vn 0.9977 0.0683 -0.0010
vn 0.8568 0.3951 0.3313
vn 0.9951 0.0710 -0.0687
vn 0.9696 0.2411 0.0404
vn 0.9964 -0.0071 0.0843
vn 0.6711 0.1896 0.7167
vn 0.1552 0.9617 0.2260
vn 0.9900 0.0532 -0.1306
vn 0.0621 0.9981 0.0026
vn 0.0661 0.9978 0.0007
vn 0.0630 0.9980 0.0022
vn -0.2755 0.8926 0.3568
vn -0.7075 0.1161 -0.6971
vn -0.0020 0.9999 0.0153
vn 0.0002 0.8333 0.5529
vn -0.0062 -0.0019 1.0000
vn -0.0082 -0.0020 1.0000
vn 0.1673 0.0906 0.9817
vn 0.1519 -0.1298 0.9798
vn 0.0410 -0.0016 0.9992
vn 0.8962 0.1018 0.4318
vn 0.8443 0.0595 0.5325
vn 0.6420 0.0465 0.7653
vn 0.8718 0.4852 0.0675
vn 0.9261 0.2434 0.2882
vn -0.1527 0.9284 0.3387
vn -0.1989 0.8898 0.4107
vn 0.3051 0.5381 -0.7857
vn 0.3819 0.0673 -0.9217
vn 0.4271 0.3547 -0.8318
vn -0.3235 0.8832 -0.3396
vn 0.0082 0.8633 0.5046
vn -0.0107 0.0035 0.9999
vn -0.0525 -0.4751 0.8784
vn 0.0284 0.9934 0.1112
vn -0.0034 0.9688 0.2480
vn -0.0035 0.9687 0.2484
vn -0.0036 0.9685 0.2490
vn 0.0843 -0.1206 0.9891
vn -0.0037 0.9684 0.2493
vn -0.0128 0.0364 0.9993
vn -0.3379 -0.3181 0.8858
vn -0.3934 -0.4074 0.8242
vn 0.3313 0.2110 0.9196
vn 0.8244 0.3392 0.4531
vn 0.8658 0.2623 0.4262
vn 0.9256 0.2081 0.3160
vn 0.1511 0.4685 0.8704
vn 0.5831 0.2476 0.7738
vn 0.9952 0.0775 -0.0604
vn 0.9786 0.1976 0.0567
vn 0.9817 0.1817 0.0572
vn 0.7842 -0.2199 -0.5803
vn -0.0883 0.9174 0.3881
vn 0.0665 0.9978 0.0006
vn -0.0103 0.0537 0.9985
vn -0.0033 -0.0308 0.9995
vn -0.0050 -0.0255 0.9997
vn -0.0088 -0.0246 0.9997
vn 0.0547 -0.0477 0.9974
vn 0.0384 -0.0996 0.9943
vn 0.0025 0.0066 1.0000
vn -0.0639 -0.0760 0.9951
vn -0.3371 -0.2887 0.8961
vn -0.0129 0.9705 -0.2407
vn 0.0232 0.1852 0.9824
vn -0.0131 0.9999 -0.0010
vn 0.4501 0.7143 0.5359
vn 0.5985 -0.0798 0.7971
vn 0.9932 0.0680 -0.0941
vn 0.9932 0.0691 -0.0940
vn 0.9922 0.0789 -0.0963
vn 0.7424 0.6200 0.2541
vn 0.9921 0.0801 -0.0969
vn 0.8349 0.2497 0.4905
vn -0.2450 0.9118 -0.3297
vn 0.8846 -0.2127 0.4149
vn 0.8328 0.4146 0.3668
vn 0.7621 0.4086 0.5023
vn 0.0220 0.9709 0.2386
vn 0.0087 0.9534 -0.3016
vn 0.0492 0.9982 -0.0334
vn -0.0096 0.0009 1.0000
vn -0.0140 -0.0102 0.9998
vn -0.0148 -0.0112 0.9998
vn -0.1027 -0.3920 0.9142
vn 0.0554 0.5814 -0.8117
vn 0.0917 -0.1128 0.9894
vn -0.8448 0.4246 -0.3256
vn 0.0043 0.7346 -0.6784
vn -0.0255 0.8723 -0.4884
vn 0.4089 -0.2040 0.8895
vn 0.0171 0.9693 0.2451
vn -0.0740 0.3406 -0.9373
vn -0.1469 0.9816 0.1222
vn -0.1625 0.9700 0.1809
vn -0.2353 0.9209 -0.3107
vn 0.6784 0.2945 0.6731
vn 0.1264 0.9072 -0.4012
vn 0.0580 0.7717 -0.6334
vn 0.0071 0.0121 0.9999
vn 0.0110 0.0106 0.9999
vn 0.0027 0.0136 0.9999
vn -0.0057 -0.0022 1.0000
vn -0.0247 0.0663 0.9975
vn -0.8051 -0.1207 0.5808
vn -0.0607 -0.5382 0.8406
vn -0.2844 0.1085 0.9525
vn 0.0981 -0.0630 0.9932
vn 0.1065 -0.8922 0.4388
vn 0.4631 -0.1572 0.8723
vn 0.4354 0.4889 0.7559
vn 0.3373 0.3675 0.8667
vn 0.3210 0.4418 0.8377
vn -0.0253 0.4297 0.9026
vn 0.0385 -0.9610 0.2739
vn 0.1356 -0.2045 0.9694
vn 0.0074 -0.0698 0.9975
vn 0.0139 0.0476 0.9988
vn 0.0202 -0.0092 0.9998
vn 0.0218 -0.0131 0.9997
vn 0.0206 -0.0099 0.9997
vn 0.0223 -0.0143 0.9997
vn -0.4481 -0.0440 0.8929
vn 0.1142 0.9831 0.1429
vn 0.1158 0.9825 0.1461
vn 0.1161 0.9823 0.1467
vn 0.0845 0.9624 -0.2582
vn 0.0284 0.0395 0.9988
vn 0.0711 -0.7602 0.6458
vn 0.4407 0.8867 -0.1396
vn -0.0144 0.0525 0.9985
vn 0.0062 -0.0268 0.9996
vn 0.0236 0.0181 0.9996
vn 0.0163 0.0375 0.9992
vn -0.0190 0.0063 0.9998
vn -0.0193 0.0065 0.9998
vn -0.0117 0.0085 0.9999
vn -0.0075 -0.0032 1.0000
vn -0.0502 -0.5945 0.8025
vn 0.1243 -0.0816 0.9889
vn 0.0128 0.9899 0.1414
vn 0.0147 0.9953 0.0960
vn 0.0055 -0.0014 1.0000
vn -0.0255 0.0432 0.9987
vn -0.0463 0.0143 0.9988
vn 0.1078 0.9938 0.0271
vn 0.1689 -0.6182 0.7677
vn -0.0369 0.9738 0.2246
vn -0.1625 0.8594 -0.4848
vn 0.7377 0.0750 0.6709
vn 0.9899 0.1413 0.0110
vn 0.8727 -0.4840 0.0643
vn 0.9870 0.1606 -0.0060
vn 0.0441 -0.2785 0.9594
vn -0.0163 0.1235 0.9922
vn 0.1497 0.2390 0.9594
vn -0.1450 0.7549 -0.6397
vn 0.2268 -0.6326 0.7405
vn 0.2696 0.0444 0.9620
vn 0.2691 0.0440 0.9621
vn 0.2675 0.0423 0.9626
vn 0.2657 0.0404 0.9632
vn 0.1168 0.8770 0.4661
vn -0.0125 0.9999 -0.0013
vn -0.2360 0.8219 -0.5183
vn 0.2048 0.9788 0.0045
vn 0.1579 0.9872 0.0217
vn -0.0176 -0.0102 0.9998
vn -0.0572 -0.1826 0.9815
vn -0.0624 -0.1874 0.9803
vn -0.0555 -0.1811 0.9819
vn 0.0658 -0.0514 0.9965
vn 0.0262 0.8693 0.4937
vn -0.0012 -0.0020 1.0000
vn -0.1614 -0.0326 0.9863
vn -0.4078 0.6964 -0.5905
vn -0.3694 0.7685 -0.5224
vn 0.1823 0.9831 -0.0156
vn 0.4356 -0.1061 0.8939
vn 0.1137 0.9833 0.1418
vn -0.0508 0.9935 -0.1020
vn -0.1404 0.6746 -0.7247
vn -0.5385 0.8426 0.0085
vn -0.5339 0.8455 0.0088
vn -0.5410 0.8410 0.0084
vn 0.0188 0.9973 0.0707
vn -0.6729 0.7352 -0.0818
vn 0.4966 -0.6273 0.5999
vn 0.5523 -0.0261 0.8333
vn 0.4201 -0.0990 0.9021
vn 0.7658 -0.5664 -0.3045
vn 0.1918 0.8445 -0.5000
vn 0.2053 0.8538 -0.4785
vn 0.5191 -0.1013 0.8487
vn -0.5314 0.8471 0.0089
vn -0.3633 0.3841 0.8488
vn -0.0639 0.0940 0.9935
vn -0.0042 0.0387 0.9992
vn -0.0053 0.0381 0.9993
vn -0.0052 0.0374 0.9993
vn 0.0021 0.0019 1.0000
vn -0.0013 -0.0039 1.0000
vn -0.0014 -0.0037 1.0000
vn -0.0013 -0.0037 1.0000
vn 0.0133 0.0317 0.9994
vn -0.5041 0.7343 -0.4546
vn 0.2897 0.9571 -0.0051
vn -0.4038 0.9126 -0.0644
vn 0.9457 -0.3034 0.1164
vn 0.9620 -0.0090 0.2730
vn 0.6519 0.6871 0.3208
vn 0.9271 0.3724 0.0414
vn 0.8582 0.4370 -0.2692
vn 0.8264 -0.4863 -0.2837
vn 0.8473 -0.0652 -0.5271
vn 0.9589 -0.2837 -0.0023
vn 0.9184 0.0329 0.3942
vn 0.8869 0.3288 0.3245
vn 0.8075 0.5841 -0.0828
vn -0.4388 0.8986 0.0026
vn 0.7461 -0.1893 -0.6384
vn 0.7465 0.1674 -0.6439
vn 0.3292 0.9442 0.0079
vn -0.5360 0.8375 0.1060
vn -0.0647 -0.1893 0.9798
vn 0.0365 -0.2087 0.9773
vn 0.1742 -0.7545 0.6328
vn -0.0042 -0.0288 0.9996
vn -0.0040 0.0038 1.0000
vn -0.3841 0.9189 -0.0895
vn -0.3389 0.9400 0.0397
vn -0.3436 0.5213 0.7811
vn 0.0162 0.0009 0.9999
vn 0.0142 0.0012 0.9999
vn 0.0133 0.0080 0.9999
vn -0.0054 0.0227 0.9997
vn 0.0927 -0.0530 0.9943
vn -0.0107 0.9986 0.0526
vn 0.0614 -0.0031 0.9981
vn -0.0483 -0.0385 0.9981
vn -0.0167 -0.0215 0.9996
vn -0.0938 0.9199 -0.3807
vn -0.1378 0.5217 0.8419
vn 0.1977 -0.0112 0.9802
vn 0.9917 0.0344 0.1238
vn 0.9948 0.0432 0.0919
vn 0.3612 0.9221 -0.1389
vn 0.8153 0.0810 0.5734
vn -0.1933 0.9800 -0.0467
vn 0.3693 0.9291 -0.0184
vn -0.2137 0.9763 0.0329
vn -0.2138 0.9763 0.0328
vn -0.2138 0.9763 0.0329
vn -0.2139 0.9763 0.0327
vn 0.3640 0.9313 0.0136
vn -0.2894 0.9354 0.2034
vn -0.0164 0.0739 0.9971
vn -0.0509 -0.0040 0.9987
vn -0.0225 0.0030 0.9997
vn -0.0236 0.0007 0.9997
vn -0.0226 0.0027 0.9997
vn -0.0199 -0.0089 0.9998
vn -0.1510 -0.0955 0.9839
vn 0.0363 0.0087 0.9993
vn -0.1363 0.8773 -0.4601
vn 0.4479 0.8941 -0.0011
vn 0.0131 0.0079 0.9999
vn 0.0039 0.0475 0.9989
vn 0.0113 0.0106 0.9999
vn -0.1790 -0.1709 0.9689
vn 0.4789 0.8778 -0.0093
vn 0.2258 -0.8000 0.5559
vn -0.0017 0.0001 1.0000
vn -0.0032 0.0016 1.0000
vn 0.5445 0.8381 -0.0336
vn 0.5344 0.8452 0.0033
vn 0.3011 -0.9535 0.0113
vn -0.1710 0.9791 0.1100
vn -0.1009 0.5594 0.8227
vn -0.4874 -0.5233 0.6990
vn -0.0167 -0.0125 0.9998
vn -0.0141 -0.0058 0.9999
vn -0.0192 -0.0131 0.9997
vn -0.0302 -0.0082 0.9995
vn -0.0132 -0.0141 0.9998
vn -0.0156 -0.0142 0.9998
vn -0.0179 -0.0135 0.9997
vn -0.1600 -0.1619 0.9737
vn 0.1852 -0.4095 0.8933
vn -0.2212 0.9067 -0.3591
vn -0.3256 0.9455 0.0066
vn -0.6475 -0.7227 0.2416
vn -0.1860 0.6871 0.7024
vn -0.0475 0.0270 0.9985
vn -0.0237 0.0005 0.9997
vn -0.0165 -0.0083 0.9998
vn -0.0431 0.0736 0.9964
vn 0.1476 0.2286 0.9623
vn -0.0193 0.0061 0.9998
vn -0.0318 -0.0223 0.9992
vn 0.0062 -0.0002 1.0000
vn -0.3760 0.7360 -0.5630
vn 0.6123 0.7898 -0.0362
vn -0.2347 0.9720 0.0108
vn -0.2041 0.9789 0.0025
vn 0.6245 0.7810 0.0001
vn 0.2678 0.7139 0.6471
vn -0.0371 0.0223 0.9991
vn -0.0018 -0.0316 0.9995
vn -0.4147 0.0165 0.9098
vn -0.0084 0.0058 0.9999
vn -0.1161 -0.2274 0.9669
vn 0.6624 0.7490 -0.0135
vn 0.2736 -0.5524 0.7874
vn 0.0021 0.0040 1.0000
vn 0.0165 0.0001 0.9999
vn 0.0799 0.6171 -0.7828
vn -0.4962 -0.5046 0.7065
vn -0.0067 0.0305 0.9995
vn -0.0057 -0.0024 1.0000
vn -0.0020 -0.0082 1.0000
vn -0.0014 -0.0092 1.0000
vn -0.1620 -0.0300 0.9863
vn -0.1617 0.1046 0.9813
vn -0.1340 0.0404 0.9902
vn -0.0167 -0.0076 0.9998
vn 0.0168 0.0256 -0.9995
vn -0.0022 0.0058 1.0000
vn 0.1007 0.0032 -0.9949
vn 0.1017 0.0037 -0.9948
vn 0.1037 0.0045 -0.9946
vn 0.1047 0.0049 -0.9945
vn 0.6713 0.7410 -0.0178
vn 0.7521 0.6583 -0.0316
vn -0.3797 0.9251 -0.0003
vn -0.3720 0.9282 -0.0009
vn -0.3767 0.9263 -0.0005
vn -0.3692 0.9294 -0.0011
vn 0.7469 0.6649 -0.0103
vn -0.7039 -0.2650 0.6591
vn -0.5660 0.8241 0.0238
vn -0.3584 0.0484 0.9323
vn -0.3725 -0.1421 0.9171
vn 0.0190 0.0017 0.9998
vn 0.2946 -0.0901 0.9514
vn -0.0993 0.3551 -0.9295
vn 0.7710 0.6363 -0.0264
vn 0.9984 -0.0554 -0.0122
vn 0.7805 0.6248 -0.0211
vn 1.0000 0.0005 -0.0001
vn 0.9937 0.1121 -0.0015
vn -0.4241 0.2638 0.8663
vn -0.0216 0.0063 0.9997
vn -0.0112 -0.0858 0.9963
vn -0.2700 0.0664 0.9606
vn -0.2697 0.0648 0.9608
vn -0.2673 0.0574 0.9619
vn 0.4909 0.3037 -0.8166
vn 0.0014 -0.0018 1.0000
vn 0.6452 0.2403 -0.7252
vn 0.9825 0.0152 0.1856
vn 0.2451 -0.0694 0.9670
vn -0.0472 0.0017 0.9989
vn 0.4146 0.2466 0.8760
vn -0.5833 0.7005 -0.4112
vn 0.9765 -0.2117 -0.0412
vn 0.9989 -0.0424 -0.0221
vn -0.9376 0.3389 -0.0774
vn 0.9996 0.0014 -0.0300
vn 0.9722 0.2332 -0.0205
vn 0.9916 0.1290 -0.0135
vn 0.9352 0.3542 -0.0055
vn -0.6394 0.7688 -0.0103
vn -0.9571 0.2881 0.0302
vn 0.8396 0.5416 -0.0418
vn 0.9203 0.3907 -0.0199
vn 0.9793 -0.2023 -0.0057
vn 0.8814 0.4719 -0.0197
vn -0.5326 0.8376 0.1216
vn 0.9775 -0.2101 -0.0185
vn 0.9838 0.1790 0.0127
vn -0.3848 0.5615 0.7326
vn -0.3893 0.5632 0.7288
vn -0.3911 0.5639 0.7274
vn -0.6174 -0.3829 0.6872
vn -0.6678 -0.4711 0.5762
vn -0.0111 0.0539 0.9985
vn 0.0037 0.0064 1.0000
vn -0.0005 -0.0291 0.9996
vn -0.0013 -0.0111 0.9999
vn -0.0129 -0.0050 0.9999
vn -0.0122 -0.0034 0.9999
vn 0.9992 -0.0338 0.0211
vn -0.2665 0.0559 0.9622
vn -0.1949 0.0220 0.9806
vn 0.5742 0.1100 -0.8113
vn 0.9747 -0.2133 0.0661
vn -0.0597 0.1282 0.9899
vn -0.4120 0.7762 -0.4773
vn 0.8634 0.5044 -0.0077
vn 0.8686 0.4954 -0.0073
vn 0.8668 0.4986 -0.0074
vn 0.9066 0.4217 -0.0120
vn 0.9711 -0.2376 -0.0213
vn 0.8685 0.4944 -0.0362
vn -0.5678 0.7936 0.2188
vn -0.3830 0.5608 0.7340
vn -0.9309 0.1182 0.3456
vn -0.9285 -0.0590 0.3666
vn 0.0176 0.0416 0.9990
vn 0.0020 -0.0007 1.0000
vn -0.0068 0.0015 1.0000
vn 0.8885 -0.2418 0.3899
vn 0.4877 0.2814 0.8264
vn -0.5759 0.7747 -0.2610
vn 0.9602 -0.2754 -0.0462
vn -0.5415 0.8407 0.0047
vn 0.9508 0.3064 -0.0452
vn 0.9537 0.2977 -0.0428
vn 0.9528 0.3004 -0.0435
vn 0.9717 -0.2356 -0.0167
vn 0.9705 -0.2406 -0.0129
vn 0.9697 -0.2441 -0.0102
vn 0.9446 0.3271 -0.0270
vn 0.9693 -0.2457 -0.0090
vn -0.6146 0.7736 0.1543
vn 0.9206 0.3890 -0.0327
vn -0.0066 -0.0011 1.0000
vn 0.0364 -0.0275 0.9990
vn 0.9297 -0.2372 -0.2817
vn 0.3057 -0.4501 0.8390
vn 0.3063 -0.4511 0.8383
vn 0.3071 -0.4526 0.8372
vn 0.0008 -0.0018 1.0000
vn 0.6315 0.1644 -0.7578
vn 0.9917 -0.1229 -0.0370
vn 0.9915 -0.1246 -0.0376
vn 0.9917 -0.1234 -0.0372
vn 0.9498 0.3095 -0.0461
vn 0.9954 0.0843 -0.0451
vn 0.9946 -0.1033 -0.0127
vn 0.8385 0.5444 -0.0230
vn 0.9981 0.0562 -0.0242
vn 0.9969 0.0767 -0.0154
vn -0.3737 0.5918 0.7142
vn -0.7353 -0.4129 0.5375
vn 0.0029 0.0326 0.9995
vn 0.9925 -0.1223 -0.0024
vn 0.7329 -0.1553 -0.6624
vn 0.3077 -0.4537 0.8364
vn -0.0172 0.0334 0.9993
vn 0.7172 -0.1205 0.6863
vn 0.1946 -0.0194 0.9807
vn 0.1527 0.0911 0.9841
vn 0.8619 0.5070 -0.0078
vn -0.6384 0.7187 -0.2756
vn -0.6252 0.7265 -0.2852
vn 0.8562 0.5166 0.0054
vn 0.8525 0.5227 0.0052
vn 0.8533 0.5215 0.0053
vn 0.9914 -0.1251 -0.0377
vn 0.9984 0.0439 -0.0350
vn 0.8514 0.5246 -0.0047
vn 0.8547 0.5191 -0.0082
vn 0.8550 0.5186 -0.0083
vn -0.6457 0.7467 0.1596
vn -0.2315 -0.1156 0.9659
vn -0.0025 0.0034 1.0000
vn -0.5397 0.5895 0.6010
vn 0.0368 0.0578 0.9977
vn 0.0029 -0.0082 1.0000
vn 0.0046 0.0015 1.0000
vn 0.0030 -0.0076 1.0000
vn 0.0047 0.0020 1.0000
vn -0.6340 0.7732 -0.0153
vn -0.7263 0.6848 0.0592
vn -0.0174 0.0323 0.9993
vn -0.3021 -0.1715 0.9377
vn -0.2582 -0.1105 0.9598
vn -0.7442 0.5678 0.3517
vn 0.8513 0.5246 -0.0046
vn -0.2304 0.4683 0.8530
vn -0.0026 -0.0013 1.0000
vn -0.0033 0.0037 1.0000
vn -0.7199 0.6304 -0.2904
vn -0.7212 0.6270 -0.2946
vn -0.7214 0.6262 -0.2958
vn -0.7440 0.6680 -0.0116
vn -0.0459 -0.0033 0.9989
vn -0.0510 -0.0336 0.9981
vn -0.0596 0.0401 0.9974
vn -0.7195 0.6312 -0.2896
vn 0.8572 0.5149 0.0054
vn -0.7009 0.5337 0.4732
vn -0.1302 -0.0015 0.9915
vn -0.0537 0.1096 0.9925
vn -0.0289 0.0425 0.9987
vn -0.2782 -0.1692 0.9455
vn 0.8519 0.5237 -0.0047
vn -0.4476 0.4041 0.7977
vn -0.8021 0.5972 0.0002
vn -0.8051 0.5932 0.0022
vn -0.8065 0.5912 0.0032
vn -0.8008 0.5990 -0.0007
vn 0.7612 -0.6485 0.0007
vn 0.7640 -0.6452 0.0039
vn 0.7591 -0.6509 0.0050
vn 0.7515 -0.6597 0.0089
vn -0.8611 -0.2916 0.4165
vn -0.0260 -0.0176 0.9995
vn -0.2619 -0.0557 0.9635
vn 0.6868 -0.5354 0.4917
vn 0.7897 0.4625 0.4032
vn 0.7631 -0.6463 0.0056
vn 0.7578 -0.6525 0.0084
vn 0.8786 0.4772 -0.0152
vn 0.8654 0.5011 0.0038
vn -0.7962 -0.1190 0.5932
vn -0.6117 0.2973 0.7331
vn -0.1183 -0.0607 0.9911
vn -0.0460 0.0848 0.9953
vn -0.0391 -0.0430 0.9983
vn -0.1328 -0.0694 0.9887
vn 0.8876 0.4606 -0.0022
vn -0.2050 0.0256 0.9784
vn -0.0430 0.0167 0.9989
vn 0.0341 0.0157 0.9993
vn 0.9171 0.3986 -0.0022
vn 0.9149 0.4036 0.0007
vn 0.9140 0.4056 0.0014
vn 0.8732 -0.4873 -0.0052
vn -0.8438 0.2279 0.4858
vn -0.9118 0.2054 0.3556
vn -0.3341 -0.0397 0.9417
vn -0.2718 -0.0235 0.9621
vn 0.6640 -0.3849 0.6411
vn 0.4940 -0.2681 0.8271
vn 0.9136 0.4065 0.0010
vn 0.8668 -0.4987 0.0070
vn 0.8629 -0.5053 0.0027
vn 0.8620 -0.5068 0.0017
vn 0.9188 0.3948 -0.0033
vn 0.8681 -0.4963 0.0086
vn -0.3636 0.0382 0.9308
vn -0.0055 -0.0016 1.0000
vn 0.9493 0.3144 0.0002
vn 0.9189 -0.3944 0.0004
vn 0.9204 -0.3911 0.0010
vn 0.9212 -0.3892 0.0013
vn 0.9582 0.2857 -0.0116
vn 0.9181 -0.3963 0.0001
vn 0.9567 0.2910 0.0075
vn 0.9580 0.2866 0.0096
vn 0.9564 0.2920 0.0069
vn 0.9585 0.2850 0.0104
vn 0.6695 -0.1224 0.7326
vn 0.9885 0.1508 -0.0058
vn 0.9884 0.1520 -0.0062
vn 0.9875 0.1575 -0.0076
vn 0.9886 0.1503 -0.0058
vn 0.9683 -0.2497 -0.0004
vn 0.9587 -0.2844 -0.0042
vn 0.9906 -0.1369 -0.0029
vn 0.9901 -0.1402 -0.0036
vn 0.9899 -0.1419 -0.0039
vn 0.9908 -0.1352 -0.0026
vn 0.9842 0.1771 0.0012
vn 0.9932 0.1165 0.0089
vn 1.0000 0.0031 -0.0050
vn 1.0000 0.0040 -0.0052
vn 1.0000 0.0027 -0.0049
vn 1.0000 0.0044 -0.0053
vt 0.610109 0.240896
vt 0.322430 0.161391
vt 0.659683 0.153146
vt 0.543658 0.195628
vt 0.554882 0.179509
vt 0.408529 0.505301
vt 0.411761 0.506882
vt 0.452964 0.490566
vt 0.479523 0.208083
vt 0.229073 0.154191
vt 0.559887 0.242534
vt 0.436385 0.158571
vt 0.411411 0.292509
vt 0.465361 0.277868
vt 0.508797 0.454615
vt 0.447535 0.519782
vt 0.525055 0.195437
vt 0.347237 0.576125
vt 0.650392 0.318616
vt 0.539753 0.349212
vt 0.636564 0.160719
vt 0.623678 0.287569
vt 0.650173 0.396498
vt 0.164643 0.004425
vt 0.046269 0.004425
vt 0.125288 0.004425
vt 0.438757 0.356675
vt 0.416022 0.706693
vt 0.514184 0.422497
vt 0.659476 0.290323
vt 0.493250 0.004935
vt 0.468369 0.004425
vt 0.521314 0.010963
vt 0.353494 0.004710
vt 0.659410 0.007467
vt 0.667992 0.455246
vt 0.092353 0.004425
vt 0.260019 0.004425
vt 0.097843 0.004425
vt 0.617626 0.330527
vt 0.673379 0.226228
vt 0.243831 0.036695
vt 0.392111 0.414959
vt 0.407629 0.133752
vt 0.566456 0.650814
vt 0.093205 0.004425
vt 0.045822 0.004425
vt 0.036216 0.004425
vt 0.249743 0.024022
vt 0.584422 0.016018
vt 0.540767 0.444063
vt 0.154208 0.004425
vt 0.031891 0.004425
vt 0.027605 0.004425
vt 0.030197 0.004425
vt 0.486470 0.611134
vt 0.364748 0.008965
vt 0.082984 0.004425
vt 0.331330 0.030557
vt 0.845181 0.198171
vt 0.699845 0.438911
vt 0.438036 0.576522
vt 0.626768 0.038682
vt 0.580408 0.052475
vt 0.393422 0.134390
vt 0.392522 0.254270
vt 0.129453 0.004425
vt 0.060590 0.004425
vt 0.337090 0.387904
vt 0.539851 0.196046
vt 0.036009 0.004425
vt 0.051968 0.004425
vt 0.174271 0.004425
vt 0.107779 0.004425
vt 0.499546 0.040893
vt 0.641381 0.018682
vt 0.557947 0.345810
vt 0.600094 0.399120
vt 0.540012 0.165245
vt 0.578782 0.309500
vt 0.347219 0.440260
vt 0.066033 0.004425
vt 0.534573 0.464418
vt 0.575628 0.268230
vt 0.584088 0.576280
vt 0.095632 0.004425
vt 0.262687 0.517705
vt 0.400265 0.246390
vt 0.554111 0.243208
vt 0.583262 0.221138
vt 0.280515 0.514349
vt 0.671180 0.609832
vt 0.395542 0.561965
vt 0.167930 0.004425
vt 0.333305 0.004425
vt 0.771799 0.123414
vt 0.429223 0.049932
vt 0.455496 0.452271
vt 0.279232 0.451424
vt 0.544645 0.122403
vt 0.494820 0.189800
vt 0.638771 0.152601
vt 0.374520 0.004425
vt 0.524888 0.133928
vt 0.502304 0.433156
vt 0.465141 0.824021
vt 0.409248 0.574309
vt 0.630267 0.688068
vt 0.694072 0.583660
vt 0.573006 0.004480
vt 0.202777 0.260715
vt 0.415262 0.121317
vt 0.408491 0.550557
vt 0.530354 0.126055
vt 0.699988 0.562892
vt 0.362368 0.818642
vt 0.756369 0.016954
vt 0.208776 0.004425
vt 0.081316 0.004425
vt 0.100318 0.004425
vt 0.099774 0.004425
vt 0.047488 0.004425
vt 0.543227 0.010705
vt 0.559220 0.004425
vt 0.395675 0.004425
vt 0.327192 0.004425
vt 0.062195 0.004425
vt 0.534639 0.603421
vt 0.392447 0.249300
vt 0.583015 0.058078
vt 0.546044 0.823489
vt 0.311044 0.004425
vt 0.530461 0.036505
vt 0.402468 0.394693
vt 0.644470 0.443496
vt 0.505263 0.004425
vt 0.468191 0.004425
vt 0.046243 0.004425
vt 0.561215 0.285540
vt 0.024756 0.004425
vt 0.026223 0.004425
vt 0.036094 0.004425
vt 0.429826 0.392790
vt 0.589730 0.435228
vt 0.357318 0.806496
vt 0.378264 0.004425
vt 0.404342 0.004425
vt 0.363859 0.004425
vt 0.155245 0.004425
vt 0.089638 0.004425
vt 0.201750 0.168079
vt 0.584258 0.431369
vt 0.039495 0.004425
vt 0.413668 0.223101
vt 0.040924 0.004425
vt 0.039233 0.004425
vt 0.661325 0.008068
vt 0.131037 0.004425
vt 0.473786 0.115645
vt 0.457346 0.067800
vt 0.584053 0.275258
vt 0.057334 0.004425
vt 0.032321 0.004425
vt 0.140232 0.004425
vt 0.246965 0.156244
vt 0.385164 0.389933
vt 0.533425 0.038386
vt 0.448299 0.012400
vt 0.413824 0.015641
vt 0.578700 0.004425
vt 0.235128 0.004425
vt 0.053516 0.004425
vt 0.477069 0.305950
vt 0.031074 0.004425
vt 0.039559 0.004425
vt 0.394545 0.182676
vt 0.412735 0.421599
vt 0.462746 0.211895
vt 0.729711 0.479429
vt 0.524741 0.122034
vt 0.319070 0.123828
vt 0.300274 0.100016
vt 0.420627 0.408386
vt 0.754343 0.132953
vt 0.609255 0.245865
vt 0.351826 0.300472
vt 0.709166 0.019528
vt 0.411227 0.017593
vt 0.445766 0.007764
vt 0.386456 0.019109
vt 0.569881 0.011082
vt 0.557423 0.048209
vt 0.354391 0.764940
vt 0.037612 0.004425
vt 0.371722 0.861550
vt 0.370668 0.964441
vt 0.566457 0.955927
vt 0.535259 0.734512
vt 0.597266 0.977946
vt 0.736372 0.886665
vt 0.474719 0.923795
vt 0.229613 0.004425
vt 0.610286 0.005141
vt 0.429103 0.734602
vt 0.427689 0.905816
vt 0.459826 0.955471
vt 0.365187 0.971217
vt 0.103423 0.004425
vt 0.500656 0.896748
vt 0.408311 0.963986
vt 0.660688 0.737984
vt 0.031956 0.004425
vt 0.034906 0.004425
vt 0.345894 0.948202
vt 0.415981 0.859798
vt 0.748533 0.922217
vt 0.485543 0.785144
vt 0.883954 0.085828
vt 0.278030 0.020851
vt 0.629823 0.005233
vt 0.413684 0.063395
vt 0.294365 0.054378
vt 0.494304 0.864636
vt 0.383831 0.964809
vt 0.556325 0.447043
vt 0.724519 0.064076
vt 0.406321 0.014904
vt 0.649637 0.004425
vt 0.108610 0.004425
vt 0.476380 0.086167
vt 0.095989 0.004425
vt 0.586168 0.783514
vt 0.470349 0.795607
vt 0.402241 0.439470
vt 0.791380 0.152090
vt 0.547432 0.172693
vt 0.084010 0.004425
vt 0.486076 0.959341
vt 0.046539 0.004425
vt 0.606034 0.944928
vt 0.464031 0.221365
vt 0.104813 0.004425
vt 0.269186 0.091785
vt 0.477169 0.045349
vt 0.398508 0.023882
vt 0.240393 0.501692
vt 0.712832 0.845500
vt 0.943693 0.830217
vt 0.480796 0.774698
vt 0.499567 0.925695
vt 0.697515 0.850379
vt 0.534541 0.811935
vt 0.625440 0.951725
vt 0.242251 0.813966
vt 0.033642 0.004425
vt 0.355832 0.774566
vt 0.555265 0.631582
vt 0.824209 0.110994
vt 0.469591 0.034757
vt 0.537638 0.009199
vt 0.709286 0.065170
vt 0.432864 0.050352
vt 0.333777 0.084413
vt 0.574805 0.410833
vt 0.446391 0.685204
vt 0.429122 0.912864
vt 0.614137 0.962698
vt 0.456028 0.972310
vt 0.511185 0.827085
vt 0.485908 0.926625
vt 0.564244 0.004425
vt 0.439722 0.062566
vt 0.454529 0.014742
vt 0.382807 0.388529
vt 0.375063 0.274387
vt 0.433844 0.512793
vt 0.691904 0.969170
vt 0.287300 0.908145
vt 0.384353 0.696453
vt 0.593509 0.470412
vt 0.451216 0.825722
vt 0.406659 0.834423
vt 0.552209 0.192231
vt 0.573289 0.125602
vt 0.736819 0.736642
vt 0.494633 0.884000
vt 0.784437 0.779697
vt 0.268814 0.490133
vt 0.112930 0.004425
vt 0.755898 0.364479
vt 0.762813 0.093806
vt 0.435500 0.073901
vt 0.572685 0.007515
vt 0.515759 0.010934
vt 0.507755 0.010883
vt 0.436847 0.357363
vt 0.651453 0.441897
vt 0.338602 0.799490
vt 0.439725 0.929873
vt 0.268624 0.130388
vt 0.633797 0.728260
vt 0.465022 0.054506
vt 0.443858 0.033526
vt 0.453092 0.004425
vt 0.301655 0.004425
vt 0.445377 0.197350
vt 0.797349 0.589342
vt 0.765128 0.089166
vt 0.475974 0.894777
vt 0.393845 0.089950
vt 0.641542 0.845149
vt 0.863366 0.896983
vt 0.312328 0.801517
vt 0.567317 0.462528
vt 0.709262 0.897367
vt 0.439644 0.551073
vt 0.754103 0.943618
vt 0.462949 0.325164
vt 0.934392 0.434943
vt 0.625956 0.534392
vt 0.601685 0.769528
vt 0.054042 0.004425
vt 0.609424 0.941529
vt 0.545144 0.014413
vt 0.358881 0.011237
vt 0.424182 0.133674
vt 0.562440 0.469054
vt 0.499559 0.365909
vt 0.544091 0.490385
vt 0.116386 0.877981
vt 0.634401 0.822578
vt 0.532788 0.762917
vt 0.223710 0.784156
vt 0.412734 0.666791
vt 0.499119 0.443008
vt 0.220470 0.170157
vt 0.368775 0.651798
vt 0.699493 0.932266
vt 0.341019 0.900128
vt 0.609047 0.878540
vt 0.291457 0.004425
vt 0.324685 0.862127
vt 0.345373 0.896353
vt 0.268597 0.361749
vt 0.395520 0.588227
vt 0.337773 0.175563
vt 0.635929 0.230074
vt 0.622197 0.036958
vt 0.646624 0.027306
vt 0.713783 0.008021
vt 0.206752 0.004425
vt 0.316958 0.125304
vt 0.639429 0.691611
vt 0.365124 0.857903
vt 0.490199 0.777715
vt 0.491495 0.928691
vt 0.378012 0.123675
vt 0.636575 0.168063
vt 0.581140 0.429302
vt 0.399664 0.502765
vt 0.619800 0.209419
vt 0.419799 0.792717
vt 0.365558 0.842570
vt 0.472889 0.819467
vt 0.354064 0.932289
vt 0.619762 0.942337
vt 0.525316 0.418639
vt 0.645813 0.108383
vt 0.601009 0.338409
vt 0.444835 0.426186
vt 0.281009 0.174397
vt 0.526462 0.453171
vt 0.694247 0.692428
vt 0.205332 0.004425
vt 0.651500 0.930443
vt 0.492880 0.047957
vt 0.411906 0.035260
vt 0.766073 0.097944
vt 0.525127 0.128777
vt 0.504791 0.436060
vt 0.275674 0.004425
vt 0.534309 0.778464
vt 0.401400 0.881611
vt 0.612717 0.436099
vt 0.399486 0.471489
vt 0.698351 0.896813
vt 0.386960 0.373131
vt 0.572179 0.655114
vt 0.570993 0.544208
vt 0.438452 0.723818
vt 0.505963 0.655240
vt 0.470549 0.525774
vt 0.428030 0.660563
vt 0.433112 0.562694
vt 0.669088 0.343608
vt 0.464065 0.154489
vt 0.624895 0.269838
vt 0.639044 0.298256
vt 0.779916 0.220989
vt 0.406193 0.029807
vt 0.711935 0.331268
vt 0.804208 0.015718
vt 0.521249 0.320750
vt 0.098486 0.511252
vt 0.523968 0.107544
vt 0.700181 0.117417
vt 0.222069 0.885521
vt 0.483936 0.287881
vt 0.383352 0.269998
vt 0.319201 0.826086
vt 0.728488 0.845690
vt 0.539421 0.268047
vt 0.413093 0.666862
vt 0.722433 0.347352
vt 0.620546 0.126870
vt 0.509045 0.477448
vt 0.506214 0.455650
vt 0.639835 0.511832
vt 0.719840 0.083578
vt 0.624558 0.756127
vt 0.581924 0.626643
vt 0.805554 0.784192
vt 0.470948 0.596538
vt 0.240667 0.601599
vt 0.373579 0.905296
vt 0.367641 0.882101
vt 0.383733 0.578000
vt 0.407094 0.126362
vt 0.641141 0.882675
vt 0.404651 0.927001
vt 0.441815 0.846264
vt 0.273569 0.896351
vt 0.347232 0.063374
vt 0.572362 0.448256
vt 0.336271 0.265846
vt 0.142150 0.004425
vt 0.373822 0.327906
vt 0.501644 0.174900
vt 0.409473 0.210346
vt 0.392472 0.226586
vt 0.431339 0.416998
vt 0.090971 0.568542
vt 0.483652 0.415061
vt 0.454573 0.878329
vt 0.621657 0.948843
vt 0.368625 0.152790
vt 0.275135 0.479291
vt 0.284863 0.901372
vt 0.452780 0.381224
vt 0.628234 0.566711
vt 0.362262 0.132276
vt 0.273330 0.585657
vt 0.371885 0.119342
vt 0.752200 0.250155
vt 0.139715 0.386368
vt 0.185924 0.004425
vt 0.301987 0.004425
vt 0.603181 0.363506
vt 0.404376 0.158033
vt 0.459969 0.291657
vt 0.582151 0.178903
vt 0.518759 0.079397
vt 0.459624 0.088493
vt 0.357053 0.004425
vt 0.478210 0.504609
vt 0.409280 0.430900
vt 0.298806 0.004425
vt 0.189664 0.004425
vt 0.909564 0.154855
vt 0.536095 0.089976
vt 0.505178 0.681028
vt 0.441891 0.643938
vt 0.209365 0.150241
vt 0.369265 0.021542
vt 0.702483 0.004425
vt 0.346142 0.004425
vt 0.757196 0.251701
vt 0.555268 0.219004
vt 0.600964 0.218720
vt 0.329521 0.083400
vt 0.195908 0.004425
vt 0.628440 0.559017
vt 0.440470 0.879736
vt 0.551006 0.015572
vt 0.362182 0.009808
vt 0.322757 0.038699
vt 0.879225 0.004772
vt 0.693752 0.086133
vt 0.321070 0.004425
vt 0.424225 0.429056
vt 0.480651 0.120633
vt 0.489111 0.191389
vt 0.385467 0.208607
vt 0.511372 0.440391
vt 0.396901 0.417710
vt 0.662257 0.557083
vt 0.586438 0.771629
vt 0.629152 0.264340
vt 0.665327 0.118049
vt 0.393945 0.004425
vt 0.798292 0.142402
vt 0.476086 0.007769
vt 0.400461 0.005328
vt 0.244701 0.020011
vt 0.592838 0.004425
vt 0.362764 0.004425
vt 0.748469 0.136244
vt 0.644701 0.125483
vt 0.572147 0.408036
vt 0.412207 0.636739
vt 0.308921 0.004425
vt 0.312586 0.127474
vt 0.729816 0.357936
vt 0.628933 0.288887
vt 0.306438 0.004425
vt 0.239181 0.055402
vt 0.737516 0.380096
vt 0.452430 0.093352
vt 0.266411 0.075212
vt 0.382443 0.419198
vt 0.682302 0.085606
vt 0.428048 0.415492
vt 0.411561 0.131982
vt 0.612378 0.047835
vt 0.586467 0.005821
vt 0.820113 0.134494
vt 0.256843 0.004425
vt 0.217158 0.004425
vt 0.188547 0.004425
vt 0.389823 0.512558
vt 0.201115 0.353202
vt 0.907941 0.494191
vt 0.730033 0.600529
vt 0.699064 0.906540
vt 0.363158 0.901217
vt 0.562712 0.101882
vt 0.309043 0.004425
vt 0.652025 0.038897
vt 0.371414 0.297695
vt 0.370061 0.344102
vt 0.500247 0.427184
vt 0.495481 0.142983
vt 0.367792 0.004425
vt 0.588498 0.438907
vt 0.183207 0.615121
vt 0.677622 0.096440
vt 0.566630 0.337301
vt 0.828857 0.733288
vt 0.486215 0.541436
vt 0.713328 0.029655
vt 0.313336 0.004425
vt 0.573965 0.005810
vt 0.657260 0.007017
vt 0.568653 0.128959
vt 0.543716 0.338759
vt 0.239159 0.004425
vt 0.427102 0.004425
vt 0.560336 0.456372
vt 0.569968 0.364071
vt 0.627482 0.092785
vt 0.187531 0.075088
vt 0.503427 0.066503
vt 0.293754 0.023606
vt 0.394860 0.014448
vt 0.356545 0.004465
vt 0.627351 0.004425
vt 0.365186 0.004425
vt 0.569205 0.004425
vt 0.733328 0.057383
vt 0.346402 0.341628
vt 0.678670 0.087656
vt 0.376732 0.004425
vt 0.484724 0.092792
vt 0.627216 0.526974
vt 0.612900 0.302929
vt 0.377099 0.086204
vt 0.545983 0.209355
vt 0.895440 0.057836
vt 0.512697 0.109779
vt 0.303353 0.228480
vt 0.897981 0.057793
vt 0.502421 0.115156
vt 0.670550 0.166693
vt 0.581094 0.009347
vt 0.453607 0.004136
vt 0.694189 0.057585
vt 0.550947 0.131204
vt 0.719623 0.004441
vt 0.422503 0.004463
vt 0.219409 0.019819
vt 0.564480 0.006192
vt 0.634107 0.117259
vt 0.858871 0.438937
vt 0.406933 0.825488
vt 0.297504 0.004425
vt 0.713002 0.104306
vt 0.074764 0.083368
vt 0.497025 0.474525
vt 0.596334 0.170730
vt 0.742838 0.020270
vt 0.458916 0.008098
vt 0.319661 0.004425
vt 0.714428 0.440431
vt 0.653552 0.176590
vt 0.288700 0.131102
vt 0.619876 0.565445
vt 0.476834 0.006338
vt 0.305310 0.004425
vt 0.287605 0.464669
vt 0.669916 0.417088
vt 0.610933 0.605316
vt 0.663588 0.616562
vt 0.789851 0.075474
vt 0.270156 0.405345
vt 0.624552 0.409604
vt 0.246809 0.607676
vt 0.336199 0.736377
vt 0.317044 0.004425
vt 0.311669 0.332832
vt 0.564843 0.903655
vt 0.470608 0.890812
vt 0.502852 0.696952
vt 0.389634 0.938296
vt 0.305352 0.004425
vt 0.509059 0.490223
vt 0.629273 0.210705
vt 0.289281 0.004425
vt 0.513599 0.216534
vt 0.033312 0.274775
vt 0.546580 0.127241
vt 0.524155 0.008543
vt 0.462061 0.004425
vt 0.379704 0.507514
vt 0.338364 0.560132
vt 0.328299 0.910891
vt 0.620842 0.090582
vt 0.444784 0.658092
vt 0.750212 0.906047
vt 0.612838 0.661438
vt 0.600002 0.862091
vt 0.462754 0.671385
vt 0.807508 0.294789
vt 0.819613 0.916685
vt 0.316543 0.409419
vt 0.488687 0.439457
vt 0.460857 0.567906
vt 0.528954 0.207547
vt 0.141756 0.745595
vt 0.561188 0.864237
vt 0.435669 0.892617
vt 0.533986 0.930156
vt 0.306244 0.004425
vt 0.400009 0.493765
vt 0.520561 0.338915
vt 0.487687 0.639374
vt 0.498721 0.655205
vt 0.805670 0.126979
vt 0.489396 0.800964
vt 0.280085 0.569834
vt 0.308037 0.391310
vt 0.513492 0.325371
vt 0.507386 0.012854
vt 0.743270 0.897800
vt 0.502087 0.047340
vt 0.464327 0.026819
vt 0.525692 0.170549
vt 0.315230 0.004425
vt 0.496532 0.907399
vt 0.293815 0.886329
vt 0.400093 0.340496
vt 0.531132 0.092604
vt 0.401980 0.053199
vt 0.665909 0.004425
vt 0.146448 0.004425
vt 0.348192 0.727613
vt 0.394437 0.070149
vt 0.865108 0.869684
vt 0.395225 0.886241
vt 0.346119 0.878644
vt 0.346815 0.132447
vt 0.630682 0.787646
vt 0.790696 0.929363
vt 0.556154 0.209327
vt 0.405615 0.690782
vt 0.266331 0.403803
vt 0.368024 0.177598
vt 0.281001 0.084555
vt 0.289734 0.085021
vt 0.551390 0.011466
vt 0.094255 0.004425
vt 0.387382 0.837391
vt 0.353989 0.062328
vt 0.651878 0.846495
vt 0.462076 0.910992
vt 0.669680 0.673361
vt 0.620862 0.289746
vt 0.508617 0.825940
vt 0.308391 0.896703
vt 0.587909 0.611695
vt 0.653323 0.439474
vt 0.538406 0.076238
vt 0.312244 0.031083
vt 0.530043 0.801966
vt 0.326578 0.160007
vt 0.644226 0.036815
vt 0.084999 0.004425
vt 0.113194 0.004425
vt 0.504360 0.707045
vt 0.245569 0.793992
vt 0.501572 0.861941
vt 0.442139 0.714713
vt 0.367990 0.831307
vt 0.444514 0.842436
vt 0.530719 0.967036
vt 0.309907 0.004425
vt 0.333524 0.069240
vt 0.102639 0.004425
vt 0.648585 0.022765
vt 0.702191 0.005361
vt 0.640172 0.122134
vt 0.611180 0.197082
vt 0.747964 0.349420
vt 0.389718 0.702184
vt 0.494269 0.780275
vt 0.281911 0.893477
vt 0.674192 0.455964
vt 0.480424 0.913017
vt 0.401013 0.690547
vt 0.671185 0.930318
vt 0.307254 0.004425
vt 0.220140 0.769570
vt 0.550458 0.732512
vt 0.495663 0.134945
vt 0.544326 0.004560
vt 0.453666 0.165820
vt 0.163560 0.004425
vt 0.476610 0.486817
vt 0.422591 0.422018
vt 0.497758 0.740426
vt 0.311796 0.650606
vt 0.609483 0.922513
vt 0.256152 0.830912
vt 0.728673 0.417003
vt 0.457756 0.049375
vt 0.418963 0.014205
vt 0.092998 0.004425
vt 0.358297 0.900371
vt 0.568955 0.826481
vt 0.462266 0.816953
vt 0.433796 0.579282
vt 0.531198 0.736357
vt 0.359669 0.076519
vt 0.585546 0.198539
vt 0.460884 0.469364
vt 0.600294 0.071013
vt 0.501499 0.048892
vt 0.641931 0.025525
vt 0.362213 0.083146
vt 0.768106 0.040586
vt 0.328108 0.975736
vt 0.215259 0.951065
vt 0.695326 0.739738
vt 0.582987 0.952306
vt 0.628892 0.459439
vt 0.333309 0.885609
vt 0.433701 0.389477
vt 0.408216 0.032088
vt 0.414430 0.677128
vt 0.648054 0.739522
vt 0.265258 0.753383
vt 0.782041 0.427907
vt 0.751383 0.875450
vt 0.384046 0.624397
vt 0.421099 0.637820
vt 0.384725 0.669930
vt 0.570390 0.863040
vt 0.313842 0.004425
vt 0.481791 0.962023
vt 0.697301 0.055873
vt 0.587496 0.025491
vt 0.549205 0.073819
vt 0.360669 0.018900
vt 0.512368 0.019541
vt 0.104707 0.004425
vt 0.714118 0.614939
vt 0.245342 0.741526
vt 0.286294 0.847782
vt 0.497495 0.928319
vt 0.300511 0.004425
vt 0.136155 0.004425
vt 0.313123 0.004425
vt 0.333583 0.023371
vt 0.134227 0.004425
vt 0.756195 0.680771
vt 0.522508 0.936845
vt 0.579684 0.858510
vt 0.536281 0.005585
vt 0.497436 0.068449
vt 0.745146 0.005173
vt 0.673083 0.726203
vt 0.730723 0.693186
vt 0.572925 0.889274
vt 0.357125 0.937354
vt 0.337021 0.168924
vt 0.372277 0.018508
vt 0.344490 0.817297
vt 0.269217 0.944779
vt 0.526586 0.820365
vt 0.373474 0.026035
vt 0.138907 0.004425
vt 0.602903 0.004425
vt 0.114808 0.004425
vt 0.751062 0.203458
vt 0.131094 0.004425
vt 0.314754 0.004425
vt 0.394021 0.820183
vt 0.375084 0.098877
vt 0.717244 0.019556
vt 0.175790 0.004425
vt 0.751950 0.436155
vt 0.732720 0.455457
vt 0.720460 0.134820
vt 0.536662 0.004425
vt 0.039019 0.004425
vt 0.563196 0.725810
vt 0.505789 0.748946
vt 0.339599 0.011755
vt 0.609425 0.004425
vt 0.152653 0.004425
vt 0.112287 0.004425
vt 0.186863 0.004425
vt 0.445115 0.139953
vt 0.313135 0.052191
vt 0.580519 0.009503
vt 0.121813 0.004425
vt 0.683509 0.447223
vt 0.761406 0.440906
vt 0.316580 0.568644
vt 0.374655 0.009493
vt 0.582096 0.056981
vt 0.175808 0.004425
vt 0.463553 0.252444
vt 0.310231 0.004425
vt 0.311223 0.004425
vt 0.281707 0.056410
vt 0.488334 0.006217
vt 0.125139 0.012370
vt 0.563931 0.004425
vt 0.306231 0.004425
vt 0.323308 0.004425
vt 0.414163 0.417608
vt 0.448307 0.073337
vt 0.533271 0.004425
vt 0.265751 0.010300
vt 0.165537 0.004425
vt 0.229253 0.004425
vt 0.378553 0.401242
vt 0.889036 0.005490
vt 0.808037 0.006549
vt 0.300549 0.004425
vt 0.495257 0.012233
vt 0.532022 0.011343
vt 0.733031 0.005835
vt 0.475446 0.011840
vt 0.825258 0.007876
vt 0.421881 0.004425
vt 0.294103 0.004425
vt 0.267486 0.004425
vt 0.350522 0.030643
vt 0.367549 0.032666
vt 0.620725 0.029376
vt 0.391410 0.032378
vt 0.390101 0.497035
vt 0.170244 0.022256
vt 0.528615 0.026837
vt 0.309163 0.004425
vt 0.385342 0.013656
vt 0.379706 0.004425
vt 0.547703 0.622781
vt 0.392305 0.579833
vt 0.075439 0.012885
vt 0.524316 0.010442
vt 0.229785 0.022398
vt 0.471675 0.004569
vt 0.313092 0.017583
vt 0.367798 0.249846
vt 0.556861 0.170701
vt 0.380366 0.321268
vt 0.138584 0.023344
vt 0.279924 0.004425
vt 0.430743 0.180151
vt 0.259445 0.025262
vt 0.236938 0.019523
vt 0.715082 0.109753
vt 0.526835 0.004425
vt 0.310123 0.004425
vt 0.598718 0.615257
vt 0.310545 0.167095
vt 0.446240 0.230583
vt 0.452042 0.004425
vt 0.423146 0.004425
vt 0.553320 0.004425
vt 0.203441 0.004425
vt 0.581504 0.009148
vt 0.629936 0.005943
vt 0.332940 0.004425
vt 0.543435 0.729055
vt 0.349276 0.039202
vt 0.823392 0.005529
vt 0.283713 0.004425
vt 0.171550 0.004425
vt 0.433982 0.007168
vt 0.741092 0.004543
vt 0.500301 0.004425
vt 0.220677 0.022426
vt 0.394557 0.013673
vt 0.374396 0.004425
vt 0.352009 0.004425
vt 0.792833 0.004425
vt 0.271872 0.737512
vt 0.517113 0.733703
vt 0.384998 0.722905
vt 0.560801 0.006206
vt 0.326602 0.009665
vt 0.761904 0.004975
vt 0.643806 0.007679
vt 0.227983 0.019862
vt 0.458706 0.701081
vt 0.387064 0.634472
vt 0.716785 0.204423
vt 0.447652 0.055153
vt 0.624116 0.019213
vt 0.592929 0.008217
vt 0.345766 0.400783
vt 0.688424 0.081472
vt 0.492779 0.060190
vt 0.654819 0.087428
vt 0.303120 0.110695
vt 0.524708 0.004426
vt 0.458831 0.005942
vt 0.278504 0.017811
vt 0.367715 0.014827
vt 0.514946 0.527813
vt 0.825409 0.004539
vt 0.398061 0.013719
vt 0.444116 0.179290
vt 0.359987 0.009008
vt 0.293654 0.017014
vt 0.648537 0.057872
vt 0.281217 0.017762
vt 0.737815 0.040020
vt 0.563457 0.049970
vt 0.716267 0.057774
vt 0.524401 0.059381
vt 0.343071 0.036051
vt 0.914539 0.004438
vt 0.345212 0.015609
vt 0.278715 0.018104
vt 0.600067 0.146950
vt 0.373991 0.028131
vt 0.572950 0.013039
vt 0.375657 0.014188
vt 0.397854 0.013435
vt 0.314723 0.043923
vt 0.265165 0.018061
vt 0.531506 0.576245
vt 0.439935 0.028317
vt 0.402824 0.006335
vt 0.839849 0.005484
vt 0.526112 0.440514
vt 0.428004 0.057833
vt 0.765712 0.042670
vt 0.243186 0.019247
vt 0.489290 0.039464
vt 0.443354 0.607277
vt 0.756690 0.004425
vt 0.462510 0.105356
vt 0.167442 0.022124
vt 0.522911 0.012322
vt 0.330862 0.016828
vt 0.512460 0.064171
vt 0.765778 0.042353
vt 0.325081 0.016284
vt 0.072281 0.027777
vt 0.436773 0.055043
vt 0.770620 0.050115
vt 0.561377 0.016090
vt 0.885320 0.005814
vt 0.463063 0.021675
vt 0.424140 0.026852
vt 0.096399 0.026332
vt 0.471152 0.016747
vt 0.242655 0.023748
vt 0.134486 0.024882
vt 0.146829 0.026135
vt 0.190448 0.541141
vt 0.678495 0.004425
vt 0.543302 0.013836
vt 0.601974 0.004503
vt 0.820811 0.004709
vt 0.548050 0.010800
vt 0.148890 0.023503
vt 0.778518 0.007346
vt 0.850287 0.005100
vt 0.291815 0.017280
vt 0.282996 0.017719
vt 0.298557 0.019478
vt 0.323083 0.037713
vt 0.544925 0.335810
vt 0.198564 0.023605
vt 0.656244 0.057153
vt 0.368325 0.014288
vt 0.762194 0.055791
vt 0.207648 0.030344
vt 0.462147 0.042023
vt 0.330853 0.614897
vt 0.469844 0.395743
vt 0.607629 0.302548
vt 0.692459 0.241481
vt 0.369386 0.488006
vt 0.243801 0.535416
vt 0.459660 0.005019
vt 0.525332 0.004415
vt 0.312450 0.004425
vt 0.211140 0.020487
vt 0.156505 0.024217
vt 0.530049 0.010261
vt 0.459935 0.007846
vt 0.104749 0.004425
vt 0.036347 0.004425
vt 0.072733 0.026512
vt 0.214093 0.004425
vt 0.533120 0.010311
vt 0.233708 0.004425
vt 0.288049 0.023955
vt 0.349637 0.006720
vt 0.040820 0.004425
vt 0.032854 0.004425
vt 0.541535 0.035436
vt 0.200234 0.004425
vt 0.502935 0.011115
vt 0.319000 0.004425
vt 0.509754 0.012281
vt 0.502848 0.268437
vt 0.781943 0.039593
vt 0.211662 0.004425
vt 0.388276 0.037175
vt 0.320130 0.004425
vt 0.185119 0.023778
vt 0.122481 0.025952
vt 0.681730 0.043524
vt 0.031292 0.004425
vt 0.593270 0.045374
vt 0.050403 0.004425
vt 0.775687 0.070911
vt 0.314047 0.004425
vt 0.756345 0.057347
vt 0.286869 0.004425
vt 0.754230 0.004425
vt 0.788258 0.045453
vt 0.492705 0.046386
vt 0.651892 0.049980
vt 0.178506 0.004425
vt 0.734903 0.055708
vt 0.625174 0.004425
vt 0.302818 0.004425
vt 0.332661 0.004425
vt 0.703207 0.225585
vt 0.563815 0.072979
vt 0.628511 0.082599
vt 0.385475 0.031751
vt 0.352432 0.004425
vt 0.427269 0.078117
vt 0.766795 0.078094
vt 0.283976 0.004425
vt 0.757677 0.134206
vt 0.313140 0.004425
vt 0.414878 0.239852
vt 0.073094 0.004425
vt 0.546618 0.192106
vt 0.285260 0.004425
vt 0.578424 0.150057
vt 0.348054 0.004425
vt 0.466567 0.271197
vt 0.044563 0.004425
vt 0.449517 0.004425
vt 0.128377 0.004425
vt 0.100162 0.004425
vt 0.612333 0.146920
vt 0.318975 0.004425
vt 0.223924 0.004425
vt 0.151074 0.004425
vt 0.203058 0.004425
vt 0.307602 0.004425
vt 0.343699 0.233521
vt 0.601557 0.004425
vt 0.346730 0.004425
vt 0.032491 0.004425
vt 0.499882 0.305506
vt 0.428886 0.004425
vt 0.580387 0.165706
vt 0.305711 0.004425
vt 0.151147 0.004425
vt 0.494487 0.004556
vt 0.032126 0.004425
vt 0.399184 0.088246
vt 0.397036 0.007388
vt 0.428958 0.013161
vt 0.313783 0.004425
vt 0.633278 0.007963
vt 0.037051 0.004425
vt 0.409838 0.004425
vt 0.243667 0.004425
vt 0.480579 0.281016
vt 0.511917 0.004425
vt 0.313616 0.004425
vt 0.420726 0.004425
vt 0.615810 0.044479
vt 0.391958 0.006866
vt 0.222671 0.023022
vt 0.659228 0.004772
vt 0.032510 0.004425
vt 0.455256 0.004425
vt 0.431902 0.004481
vt 0.313804 0.004425
vt 0.331327 0.004425
vt 0.313774 0.004425
vt 0.690842 0.175171
vt 0.413977 0.051670
vt 0.518212 0.010812
vt 0.475290 0.251562
vt 0.369335 0.004508
vt 0.674289 0.007208
vt 0.322228 0.004425
vt 0.309270 0.004425
vt 0.085258 0.004425
vt 0.435554 0.004425
vt 0.419989 0.004425
vt 0.309551 0.004425
vt 0.456000 0.687707
vt 0.541292 0.689892
vt 0.837402 0.431066
vt 0.312813 0.004425
vt 0.311803 0.004425
vt 0.155023 0.453586
vt 0.766405 0.088672
vt 0.308774 0.031575
vt 0.501968 0.605443
vt 0.696632 0.348030
vt 0.682152 0.326426
vt 0.724254 0.279794
vt 0.305641 0.004425
vt 0.740358 0.236084
vt 0.497734 0.173661
vt 0.665491 0.711655
vt 0.531137 0.386288
vt 0.808366 0.204109
vt 0.352411 0.170743
vt 0.329761 0.004425
vt 0.308570 0.004425
vt 0.525208 0.673352
vt 0.558598 0.346367
vt 0.414392 0.356133
vt 0.357990 0.651203
vt 0.758494 0.004730
vt 0.769828 0.725427
vt 0.633519 0.223126
vt 0.660296 0.612907
vt 0.505901 0.198623
vt 0.456742 0.326577
vt 0.350327 0.262451
vt 0.401150 0.200393
vt 0.447161 0.215986
vt 0.108974 0.650765
vt 0.502918 0.611175
vt 0.682096 0.963099
vt 0.417543 0.114136
vt 0.560156 0.978353
vt 0.333391 0.016079
vt 0.622043 0.008638
vt 0.305378 0.004425
vt 0.591705 0.669674
vt 0.687521 0.925722
vt 0.379184 0.975702
vt 0.300360 0.940725
vt 0.432885 0.765553
vt 0.374195 0.260907
vt 0.618868 0.008418
vt 0.511908 0.010968
vt 0.485673 0.007486
vt 0.454619 0.311612
vt 0.664388 0.699809
vt 0.645842 0.449773
vt 0.466027 0.533749
vt 0.681597 0.546999
vt 0.712452 0.106839
vt 0.421511 0.247421
vt 0.485093 0.439252
vt 0.732086 0.456249
vt 0.392869 0.831328
vt 0.300191 0.530580
vt 0.391334 0.364677
vt 0.306411 0.004425
vt 0.556231 0.542716
vt 0.461444 0.317275
vt 0.652433 0.689515
vt 0.291750 0.578873
vt 0.579148 0.606086
vt 0.604206 0.930088
vt 0.119392 0.984631
vt 0.411498 0.013339
vt 0.349935 0.207283
vt 0.474740 0.952737
vt 0.250507 0.488557
vt 0.480658 0.717743
vt 0.387699 0.030680
vt 0.561095 0.071309
vt 0.540626 0.006121
vt 0.101878 0.084256
vt 0.623563 0.703867
vt 0.625814 0.312272
vt 0.434426 0.004425
vt 0.678714 0.653718
vt 0.804003 0.888354
vt 0.817035 0.929359
vt 0.513523 0.451883
vt 0.548173 0.312659
vt 0.436363 0.490042
vt 0.720790 0.437253
vt 0.300242 0.446425
vt 0.456645 0.173290
vt 0.316496 0.016489
vt 0.304225 0.004425
vt 0.537423 0.757470
vt 0.470693 0.208585
vt 0.268251 0.690183
vt 0.557805 0.709596
vt 0.343185 0.506776
vt 0.383336 0.498005
vt 0.455989 0.848437
vt 0.609814 0.705501
vt 0.429028 0.635853
vt 0.479545 0.639399
vt 0.385923 0.188420
vt 0.548211 0.154894
vt 0.561713 0.432386
vt 0.388619 0.337645
vt 0.327083 0.004881
vt 0.492268 0.305155
vt 0.453119 0.252494
vt 0.733457 0.413951
vt 0.471241 0.773806
vt 0.729104 0.813005
vt 0.719833 0.006035
vt 0.790233 0.842202
vt 0.547493 0.639056
vt 0.660326 0.220003
vt 0.460495 0.723383
vt 0.506615 0.663556
vt 0.080742 0.888184
vt 0.576360 0.067363
vt 0.660871 0.105962
vt 0.987682 0.057673
vt 0.649306 0.109722
vt 0.193937 0.277689
vt 0.629248 0.062517
vt 0.559433 0.124131
vt 0.675463 0.229128
vt 0.648482 0.007762
vt 0.327366 0.004425
vt 0.691437 0.695065
vt 0.616063 0.074569
vt 0.611505 0.050527
vt 0.530663 0.103068
vt 0.499456 0.106913
vt 0.412625 0.137075
vt 0.625697 0.232174
vt 0.270006 0.673721
vt 0.481180 0.057960
vt 0.565466 0.901664
vt 0.413400 0.041761
vt 0.415308 0.101490
vt 0.699201 0.408348
vt 0.418923 0.327005
vt 0.139556 0.050275
vt 0.099879 0.156075
vt 0.591965 0.504636
vt 0.277802 0.414825
vt 0.644960 0.861129
vt 0.481575 0.174630
vt 0.742900 0.061033
vt 0.632006 0.237712
vt 0.167828 0.030419
vt 0.320693 0.818626
vt 0.524426 0.739362
vt 0.736104 0.660084
vt 0.428669 0.680986
vt 0.470776 0.798873
vt 0.543388 0.707978
vt 0.621742 0.539399
vt 0.601561 0.821041
vt 0.590438 0.790236
vt 0.596117 0.866869
vt 0.782048 0.744102
vt 0.589703 0.139100
vt 0.255458 0.601439
vt 0.296381 0.360492
vt 0.443460 0.134588
vt 0.323271 0.004425
vt 0.540626 0.630311
vt 0.451750 0.744552
vt 0.500211 0.766740
vt 0.661661 0.351448
vt 0.325605 0.183317
vt 0.333472 0.311754
vt 0.597454 0.376315
vt 0.603217 0.616351
vt 0.603838 0.539944
vt 0.525013 0.584759
vt 0.458122 0.566594
vt 0.441975 0.496180
vt 0.559120 0.199277
vt 0.385606 0.512098
vt 0.296740 0.544450
vt 0.527635 0.449785
vt 0.673489 0.873899
vt 0.408734 0.398610
vt 0.483586 0.401805
vt 0.615254 0.375319
vt 0.449830 0.279274
vt 0.453038 0.918680
vt 0.431867 0.388425
vt 0.560425 0.541543
vt 0.629507 0.174287
vt 0.516615 0.129947
vt 0.597332 0.535398
vt 0.672675 0.142087
vt 0.394498 0.886043
vt 0.483882 0.141921
vt 0.469178 0.485177
vt 0.448520 0.135883
vt 0.513110 0.110554
vt 0.527028 0.063591
vt 0.408851 0.013433
vt 0.717124 0.004428
vt 0.720744 0.237046
vt 0.763606 0.539338
vt 0.479012 0.747460
vt 0.413147 0.236985
vt 0.469628 0.219480
vt 0.722444 0.006472
vt 0.609181 0.145648
vt 0.308861 0.729612
vt 0.255370 0.520672
vt 0.661977 0.617383
vt 0.408601 0.651595
vt 0.317987 0.771842
vt 0.435396 0.401266
vt 0.448087 0.806253
vt 0.560430 0.631841
vt 0.299018 0.749261
vt 0.312055 0.749601
vt 0.669821 0.942337
vt 0.903032 0.543832
vt 0.454136 0.905350
vt 0.462385 0.952253
vt 0.194742 0.420453
vt 0.284642 0.029203
vt 0.739280 0.561672
vt 0.330362 0.421885
vt 0.320584 0.400314
vt 0.390452 0.568122
vt 0.461476 0.890188
vt 0.210857 0.596885
vt 0.460894 0.929411
vt 0.289940 0.768459
vt 0.395659 0.013523
vt 0.315598 0.016840
vt 0.517943 0.161468
vt 0.372500 0.448514
vt 0.469664 0.961475
vt 0.509839 0.920202
vt 0.478163 0.943965
vt 0.801522 0.974638
vt 0.434318 0.013012
vt 0.633855 0.183135
vt 0.320730 0.949208
vt 0.428441 0.965663
vt 0.405718 0.013392
vt 0.300250 0.884733
vt 0.666803 0.961145
vt 0.623409 0.285845
vt 0.377797 0.646159
vt 0.247489 0.965047
vt 0.658088 0.111971
vt 0.392256 0.053158
vt 0.788518 0.004701
vt 0.717131 0.540273
vt 0.534715 0.811748
vt 0.354502 0.964401
vt 0.423608 0.113871
vt 0.599568 0.958519
vt 0.536609 0.954249
vt 0.447095 0.954236
vt 0.650818 0.389587
vt 0.387160 0.004425
vt 0.161197 0.440216
vt 0.185860 0.165838
vt 0.566961 0.500143
vt 0.530245 0.876770
vt 0.628110 0.960449
vt 0.428518 0.341465
vt 0.694389 0.124467
vt 0.570406 0.050364
vt 0.509853 0.735075
vt 0.254855 0.236374
vt 0.536753 0.801951
vt 0.686290 0.951141
vt 0.546312 0.952099
vt 0.543953 0.530924
vt 0.472013 0.491171
vt 0.508518 0.424743
vt 0.595418 0.080185
vt 0.786217 0.686717
vt 0.467986 0.484435
vt 0.655777 0.155258
vt 0.639948 0.185409
vt 0.524483 0.417943
vt 0.541459 0.197925
vt 0.333590 0.139174
vt 0.555009 0.010059
vt 0.524002 0.004425
vt 0.495618 0.737301
vt 0.289155 0.020696
vt 0.310193 0.692221
vt 0.458943 0.580333
vt 0.448567 0.305561
vt 0.169273 0.432712
vt 0.443936 0.012613
vt 0.353649 0.015701
vt 0.502945 0.255218
vt 0.850250 0.323159
vt 0.575237 0.268089
vt 0.136707 0.025171
vt 0.759564 0.005247
vt 0.386342 0.247045
vt 0.661644 0.667279
vt 0.314530 0.016852
vt 0.581900 0.240267
vt 0.522177 0.077270
vt 0.540589 0.642899
vt 0.487468 0.422855
vt 0.284479 0.726349
vt 0.801468 0.255537
vt 0.539411 0.276987
vt 0.703327 0.279088
vt 0.780971 0.826172
vt 0.546244 0.209951
vt 0.366434 0.014771
vt 0.387827 0.188084
vt 0.299932 0.666532
vt 0.307213 0.590304
vt 0.677155 0.617676
vt 0.739797 0.609510
vt 0.676308 0.066639
vt 0.233869 0.019883
vt 0.518294 0.177512
vt 0.744231 0.297292
vt 0.386287 0.673677
vt 0.457860 0.071584
vt 0.435075 0.629102
vt 0.454428 0.441351
vt 0.619715 0.199200
vt 0.591924 0.613160
vt 0.292321 0.032354
vt 0.426779 0.013672
vt 0.317526 0.409473
vt 0.561737 0.220414
vt 0.395415 0.553636
vt 0.440858 0.643410
vt 0.538520 0.169873
vt 0.176930 0.022077
vt 0.241765 0.031871
vt 0.698851 0.254583
vt 0.555454 0.499897
vt 0.147335 0.030973
vt 0.492539 0.587437
vt 0.399808 0.482477
vt 0.591367 0.036265
vt 0.673090 0.256579
vt 0.736416 0.139593
vt 0.250344 0.483948
vt 0.499928 0.220218
vt 0.194321 0.168772
vt 0.553794 0.339965
vt 0.506058 0.169857
vt 0.438415 0.180282
s 1
usemtl material_0
f 2/1/1 3/2/2 5/3/3
f 2/1/1 5/3/3 6/4/4
f 1/5/5 2/1/5 6/4/5
f 6/4/6 5/3/6 7/6/6
f 6/4/7 7/6/7 13/7/7
f 7/6/8 5/3/9 8/8/10
f 9/9/11 1/5/11 6/4/11
f 4/10/12 10/11/12 11/12/12
f 3/2/13 4/10/14 5/3/15
f 15/13/16 9/9/16 12/14/16
f 5/3/15 4/10/14 11/12/17
f 9/9/18 6/4/18 12/14/18
f 5/3/9 11/12/19 8/8/10
f 12/14/20 6/4/21 13/7/22
f 12/14/23 14/15/24 22/16/25
f 12/14/20 13/7/22 14/15/26
f 13/7/27 7/6/27 14/15/27
f 10/11/28 16/17/29 11/12/30
f 22/16/25 15/13/31 12/14/23
f 11/12/30 16/17/29 8/8/32
f 8/8/32 16/17/29 17/18/33
f 10/11/34 19/19/34 16/17/34
f 18/20/35 15/13/35 22/16/35
f 19/19/36 29/21/36 16/17/36
f 39/22/37 18/20/37 22/16/37
f 39/22/38 22/16/38 36/23/38
f 29/21/39 17/18/39 16/17/39
f 26/24/40 28/25/40 52/26/40
f 19/19/41 38/27/41 29/21/41
f 17/18/42 29/21/42 70/28/42
f 22/16/43 14/15/43 64/29/43
f 14/15/44 7/6/45 64/29/46
f 7/6/45 8/8/47 64/29/46
f 50/30/48 18/20/48 39/22/48
f 51/31/49 40/32/50 52/26/51
f 40/32/52 26/24/52 52/26/52
f 54/33/53 42/34/54 84/35/55
f 84/35/55 42/34/54 40/32/56
f 50/30/57 39/22/58 55/36/59
f 36/23/60 22/16/60 64/29/60
f 8/8/47 17/18/61 64/29/46
f 84/35/62 40/32/50 51/31/49
f 52/26/63 41/37/63 65/38/63
f 41/37/64 53/39/64 65/38/64
f 86/40/65 50/30/65 55/36/65
f 55/36/59 39/22/58 90/41/66
f 66/42/67 54/33/67 84/35/67
f 38/27/68 74/43/69 29/21/70
f 29/21/70 69/44/71 70/28/72
f 70/28/72 69/44/71 80/45/73
f 90/41/74 39/22/74 36/23/74
f 53/39/75 75/46/76 65/38/77
f 75/46/78 67/47/78 85/48/78
f 76/49/79 66/42/79 93/50/79
f 93/50/80 66/42/80 84/35/80
f 29/21/70 74/43/69 69/44/71
f 88/51/81 86/40/81 55/36/81
f 55/36/82 90/41/82 88/51/82
f 52/26/51 65/38/83 51/31/49
f 65/38/77 75/46/76 94/52/84
f 95/53/85 79/54/85 96/55/85
f 69/44/86 97/56/87 80/45/88
f 36/23/89 64/29/90 90/41/91
f 64/29/46 17/18/61 70/28/92
f 93/50/93 84/35/94 105/57/95
f 84/35/94 51/31/96 105/57/95
f 94/52/97 75/46/97 106/58/97
f 75/46/98 85/48/98 106/58/98
f 114/59/99 76/49/99 93/50/99
f 90/41/100 109/60/100 88/51/100
f 64/29/90 110/61/101 90/41/91
f 70/28/102 80/45/102 111/62/102
f 107/63/103 114/59/103 115/64/103
f 74/43/104 124/65/105 69/44/86
f 86/40/106 88/51/106 103/66/106
f 64/29/90 70/28/107 110/61/101
f 51/31/96 65/38/108 105/57/95
f 94/52/109 106/58/109 122/67/109
f 106/58/110 113/68/110 122/67/110
f 103/66/111 125/69/112 121/70/113
f 95/53/114 116/71/115 123/72/116
f 103/66/111 88/51/117 125/69/112
f 116/71/118 118/73/118 141/74/118
f 125/69/119 88/51/119 109/60/119
f 110/61/101 70/28/107 111/62/120
f 114/59/121 93/50/121 129/75/121
f 129/75/122 93/50/122 158/76/122
f 74/43/104 104/77/123 124/65/105
f 93/50/93 105/57/95 158/76/124
f 135/78/125 139/79/125 128/80/125
f 135/78/126 138/81/126 139/79/126
f 123/72/127 130/82/127 122/67/127
f 128/80/128 140/83/128 137/84/128
f 128/80/129 139/79/130 174/85/131
f 131/86/132 116/71/132 141/74/132
f 142/87/133 137/84/133 140/83/133
f 128/80/134 174/85/134 140/83/134
f 109/60/135 90/41/135 152/88/135
f 145/89/136 137/84/136 155/90/136
f 155/90/137 137/84/138 191/91/139
f 191/91/139 137/84/138 142/87/140
f 174/85/131 139/79/130 143/92/141
f 124/65/142 169/93/142 111/62/142
f 142/87/143 140/83/143 174/85/143
f 122/67/144 146/94/144 180/95/144
f 148/96/145 129/75/145 183/97/145
f 136/98/146 154/99/146 161/100/146
f 139/79/147 138/81/147 162/101/147
f 104/77/148 136/98/148 161/100/148
f 121/70/149 125/69/150 144/102/151
f 104/77/152 161/100/153 124/65/154
f 131/86/155 141/74/156 164/103/157
f 181/104/158 155/90/158 191/91/158
f 125/69/150 168/105/159 144/102/151
f 139/79/160 162/101/160 143/92/160
f 124/65/154 161/100/153 169/93/161
f 143/92/162 162/101/162 171/106/162
f 125/69/163 109/60/164 168/105/165
f 109/60/164 152/88/166 168/105/165
f 191/91/167 142/87/167 173/107/167
f 143/92/168 171/106/168 175/108/168
f 110/61/101 111/62/120 192/109/169
f 105/57/170 65/38/171 179/110/172
f 94/52/173 122/67/173 180/95/173
f 154/99/174 177/111/174 184/112/174
f 177/111/175 155/90/175 181/104/175
f 129/75/176 158/76/177 183/97/178
f 177/111/179 181/104/179 184/112/179
f 154/99/180 184/112/180 161/100/180
f 138/81/181 178/113/181 162/101/181
f 161/100/182 184/112/182 188/114/182
f 181/104/183 191/91/183 190/115/183
f 184/112/184 181/104/184 190/115/184
f 161/100/185 188/114/186 169/93/187
f 188/114/186 192/109/188 169/93/187
f 188/114/189 184/112/189 192/109/189
f 184/112/190 190/115/190 192/109/190
f 191/91/191 173/107/191 190/115/191
f 175/108/192 171/106/192 208/116/192
f 174/85/193 143/92/193 175/108/193
f 158/76/194 105/57/195 216/117/196
f 65/38/171 94/52/197 180/95/198
f 198/118/199 157/119/199 199/120/199
f 157/119/200 200/121/200 199/120/200
f 157/119/201 182/122/201 200/121/201
f 162/101/202 208/116/202 171/106/202
f 111/62/203 169/93/203 192/109/203
f 192/109/204 190/115/204 173/107/204
f 105/57/205 179/110/205 217/123/205
f 65/38/171 180/95/198 266/124/206
f 146/94/207 197/125/207 180/95/207
f 218/126/208 198/118/208 199/120/208
f 182/122/209 201/127/209 200/121/209
f 196/128/210 222/129/210 178/113/210
f 183/97/178 158/76/177 219/130/211
f 178/113/212 222/129/212 162/101/212
f 162/101/213 227/131/213 208/116/213
f 173/107/214 142/87/214 174/85/214
f 218/126/215 199/120/215 239/132/215
f 219/130/216 158/76/216 241/133/216
f 158/76/194 216/117/196 241/133/217
f 144/102/218 168/105/218 250/134/218
f 162/101/219 222/129/219 227/131/219
f 168/105/220 152/88/220 250/134/220
f 173/107/221 174/85/221 256/135/221
f 216/117/222 105/57/222 217/123/222
f 180/95/223 197/125/223 258/136/223
f 218/126/224 239/132/224 267/137/224
f 201/127/225 240/138/225 200/121/225
f 222/129/226 196/128/226 262/139/226
f 244/140/227 205/141/228 263/142/229
f 227/131/230 222/129/230 262/139/230
f 152/88/231 90/41/91 274/143/232
f 110/61/101 192/109/169 302/144/233
f 192/109/169 173/107/234 256/135/235
f 175/108/236 208/116/236 234/145/236
f 179/110/172 65/38/171 266/124/206
f 197/125/237 237/146/237 258/136/237
f 237/146/238 259/147/238 258/136/238
f 259/147/239 238/148/239 267/137/239
f 238/148/240 218/126/240 267/137/240
f 199/120/241 200/121/242 276/149/241
f 200/121/243 240/138/243 268/150/243
f 144/102/244 250/134/244 215/151/244
f 90/41/91 110/61/101 330/152/245
f 239/132/241 199/120/241 276/149/241
f 240/138/246 269/153/246 268/150/246
f 250/134/247 152/88/247 282/154/247
f 263/142/248 264/155/248 279/156/248
f 217/123/249 179/110/249 291/157/249
f 276/149/250 200/121/250 285/158/250
f 261/159/251 219/130/251 286/160/251
f 270/161/252 261/159/252 286/160/252
f 263/142/253 287/162/253 260/163/253
f 287/162/254 263/142/254 288/164/254
f 304/165/255 215/151/255 306/166/255
f 295/167/256 216/117/257 217/123/258
f 275/168/259 217/123/259 291/157/259
f 266/124/260 308/169/260 179/110/260
f 266/124/261 180/95/261 309/170/261
f 180/95/262 258/136/262 309/170/262
f 239/132/263 276/149/263 292/171/263
f 200/121/264 268/150/264 293/172/264
f 268/150/265 269/153/265 293/172/265
f 270/161/266 286/160/266 296/173/266
f 294/174/267 260/163/267 287/162/267
f 263/142/268 279/156/268 288/164/268
f 291/157/269 179/110/269 308/169/269
f 259/147/270 267/137/270 258/136/270
f 269/153/271 294/174/272 293/172/273
f 241/133/274 216/117/257 295/167/256
f 269/153/275 260/163/275 294/174/275
f 215/151/276 250/134/276 306/166/276
f 288/164/277 279/156/277 310/175/277
f 282/154/278 152/88/278 341/176/278
f 256/135/235 537/177/279 192/109/169
f 311/178/280 312/179/280 303/180/280
f 313/181/281 303/180/281 283/182/281
f 303/180/282 312/179/282 283/182/282
f 312/179/283 284/183/283 283/182/283
f 314/184/284 315/185/284 257/186/284
f 295/167/285 217/123/285 318/187/285
f 275/168/286 291/157/286 307/188/286
f 308/169/287 266/124/287 319/189/287
f 258/136/288 267/137/289 432/190/290
f 267/137/291 239/132/292 363/191/293
f 363/191/293 239/132/292 292/171/294
f 286/160/295 219/130/295 321/192/295
f 219/130/296 241/133/296 321/192/296
f 250/134/297 341/176/297 306/166/297
f 250/134/298 282/154/298 341/176/298
f 175/108/299 234/145/299 299/193/299
f 285/158/300 200/121/300 293/172/300
f 294/174/272 320/194/301 293/172/273
f 241/133/274 295/167/256 321/192/302
f 337/195/303 338/196/303 324/197/303
f 337/195/304 324/197/304 339/198/304
f 324/197/305 340/199/305 325/200/305
f 325/200/306 340/199/306 356/201/306
f 288/164/307 310/175/307 346/202/307
f 341/176/308 152/88/231 274/143/232
f 90/41/91 330/152/245 274/143/232
f 362/203/309 258/136/310 432/190/311
f 350/204/312 351/205/312 335/206/312
f 351/205/313 352/207/313 335/206/313
f 294/174/314 287/162/314 349/208/314
f 350/204/315 335/206/315 336/209/315
f 336/209/316 355/210/316 354/211/316
f 339/198/317 325/200/317 356/201/317
f 287/162/318 288/164/319 349/208/320
f 288/164/319 359/212/321 349/208/320
f 288/164/322 346/202/322 359/212/322
f 318/187/323 217/123/323 275/168/323
f 309/170/324 258/136/324 362/203/324
f 432/190/290 267/137/289 363/191/325
f 320/194/326 294/174/326 364/213/326
f 294/174/327 349/208/327 364/213/327
f 350/204/328 336/209/328 354/211/328
f 353/214/329 337/195/329 367/215/329
f 354/211/330 355/210/330 368/216/330
f 337/195/331 339/198/331 367/215/331
f 367/215/332 339/198/332 369/217/332
f 339/198/333 356/201/333 369/217/333
f 313/181/334 283/182/334 371/218/334
f 308/169/335 319/189/336 377/219/337
f 393/220/338 363/191/338 292/171/338
f 375/221/339 286/160/339 321/192/339
f 376/222/340 321/192/340 295/167/340
f 390/223/341 369/217/341 356/201/341
f 340/199/342 439/224/342 356/201/342
f 302/144/233 192/109/169 537/177/279
f 256/135/235 174/85/343 671/225/344
f 371/218/345 283/182/345 382/226/345
f 291/157/346 308/169/346 383/227/346
f 266/124/347 309/170/348 319/189/349
f 319/189/349 309/170/348 411/228/350
f 411/228/351 309/170/351 362/203/351
f 293/172/352 320/194/352 394/229/352
f 375/221/353 321/192/353 384/230/353
f 364/213/354 349/208/354 386/231/354
f 354/211/355 388/232/355 350/204/355
f 354/211/356 368/216/356 388/232/356
f 367/215/357 369/217/357 387/233/357
f 175/108/358 299/193/359 626/234/360
f 313/181/361 371/218/361 391/235/361
f 304/165/362 306/166/363 392/236/364
f 285/158/365 293/172/365 394/229/365
f 364/213/366 386/231/366 395/237/366
f 388/232/367 368/216/367 397/238/367
f 368/216/368 355/210/368 397/238/368
f 349/208/369 359/212/369 398/239/369
f 390/223/370 356/201/370 399/240/370
f 356/201/371 439/224/371 399/240/371
f 341/176/372 402/241/372 306/166/372
f 330/152/245 110/61/101 302/144/233
f 275/168/373 307/188/373 318/187/373
f 394/229/374 320/194/374 412/242/374
f 320/194/375 364/213/375 412/242/375
f 384/230/376 321/192/376 413/243/376
f 432/190/377 363/191/377 414/244/377
f 363/191/378 415/245/378 414/244/378
f 415/245/379 363/191/379 393/220/379
f 350/204/380 388/232/380 396/246/380
f 438/247/381 369/217/381 421/248/381
f 369/217/382 390/223/382 421/248/382
f 440/249/383 401/250/383 400/251/383
f 440/249/384 400/251/384 442/252/384
f 400/251/385 401/250/385 422/253/385
f 446/254/386 400/251/386 422/253/386
f 398/239/387 359/212/387 423/255/387
f 299/193/388 357/256/388 496/257/388
f 428/258/389 391/235/389 371/218/389
f 295/167/390 318/187/391 410/259/392
f 308/169/393 377/219/394 383/227/395
f 411/228/396 362/203/397 450/260/398
f 276/149/399 285/158/399 394/229/399
f 413/243/400 321/192/400 452/261/400
f 321/192/401 376/222/401 452/261/401
f 376/222/402 295/167/402 434/262/402
f 432/190/403 414/244/403 435/263/403
f 386/231/404 349/208/404 398/239/404
f 392/236/364 306/166/363 457/264/405
f 459/265/406 387/233/406 438/247/406
f 399/240/407 439/224/407 492/266/407
f 401/250/408 441/267/408 443/268/408
f 442/252/409 400/251/409 445/269/409
f 400/251/410 446/254/410 445/269/410
f 457/264/411 306/166/412 402/241/413
f 446/254/414 422/253/414 447/270/414
f 341/176/415 274/143/415 402/241/415
f 174/85/343 175/108/358 671/225/344
f 393/220/416 292/171/417 433/271/418
f 414/244/419 415/245/419 451/272/419
f 415/245/420 393/220/421 453/273/422
f 436/274/423 416/275/423 413/243/423
f 396/246/424 388/232/424 458/276/424
f 379/277/425 437/278/425 474/279/425
f 388/232/426 397/238/426 458/276/426
f 397/238/427 379/277/427 474/279/427
f 438/247/428 421/248/428 459/265/428
f 493/280/429 442/252/429 462/281/429
f 442/252/430 445/269/430 462/281/430
f 446/254/431 447/270/431 480/282/431
f 362/203/432 469/283/432 450/260/432
f 362/203/309 432/190/311 469/283/433
f 295/167/390 410/259/392 434/262/434
f 432/190/435 435/263/435 469/283/435
f 435/263/436 414/244/436 470/284/436
f 470/284/437 414/244/437 451/272/437
f 474/279/438 437/278/438 473/285/438
f 458/276/439 397/238/439 474/279/439
f 459/265/440 421/248/440 477/286/440
f 476/287/441 440/249/441 478/288/441
f 421/248/442 390/223/442 477/286/442
f 390/223/443 399/240/443 477/286/443
f 477/286/444 399/240/444 492/266/444
f 440/249/445 442/252/445 478/288/445
f 442/252/446 493/280/446 478/288/446
f 386/231/447 398/239/447 479/289/447
f 445/269/448 446/254/448 480/282/448
f 445/269/449 480/282/449 462/281/449
f 779/290/450 428/258/450 484/291/450
f 428/258/451 371/218/451 484/291/451
f 371/218/452 382/226/452 485/292/452
f 318/187/453 307/188/453 488/293/453
f 307/188/454 291/157/454 488/293/454
f 291/157/455 383/227/455 488/293/455
f 377/219/394 489/294/456 383/227/395
f 377/219/337 319/189/336 489/294/457
f 319/189/458 411/228/458 600/295/458
f 393/220/421 433/271/459 453/273/422
f 412/242/460 364/213/460 395/237/460
f 459/265/461 491/296/461 506/297/461
f 459/265/462 477/286/462 491/296/462
f 476/287/463 490/298/463 460/299/463
f 457/264/411 402/241/413 465/300/464
f 175/108/358 626/234/360 671/225/344
f 299/193/359 496/257/465 626/234/360
f 435/263/466 467/301/466 469/283/466
f 487/302/467 415/245/467 500/303/467
f 433/271/418 292/171/417 501/304/468
f 395/237/469 386/231/469 502/305/469
f 547/306/470 471/307/470 523/308/470
f 547/306/471 455/309/471 471/307/471
f 523/308/472 471/307/472 552/310/472
f 503/311/473 504/312/473 527/313/473
f 396/246/474 458/276/474 471/307/474
f 552/310/475 471/307/475 458/276/475
f 455/309/476 505/314/476 472/315/476
f 505/314/477 506/297/477 473/285/477
f 473/285/478 506/297/478 532/316/478
f 532/316/479 506/297/479 510/317/479
f 490/298/480 476/287/480 478/288/480
f 507/318/481 490/298/481 478/288/481
f 532/316/482 510/317/482 509/319/482
f 506/297/483 491/296/483 510/317/483
f 491/296/484 477/286/484 510/317/484
f 462/281/485 480/282/485 495/320/485
f 495/320/486 480/282/486 514/321/486
f 479/289/487 398/239/487 516/322/487
f 480/282/488 447/270/488 515/323/488
f 398/239/489 423/255/489 516/322/489
f 383/227/490 489/294/491 544/324/490
f 450/260/398 521/325/492 411/228/396
f 450/260/493 469/283/493 522/326/493
f 292/171/494 276/149/494 501/304/494
f 276/149/495 394/229/495 501/304/495
f 455/309/496 524/327/496 526/328/496
f 524/327/497 525/329/497 526/328/497
f 455/309/498 526/328/498 505/314/498
f 525/329/499 527/313/499 526/328/499
f 503/311/500 528/330/500 504/312/500
f 526/328/501 506/297/501 505/314/501
f 506/297/502 526/328/502 418/331/502
f 418/331/503 526/328/503 530/332/503
f 526/328/504 527/313/504 530/332/504
f 527/313/505 507/318/505 530/332/505
f 527/313/506 504/312/506 507/318/506
f 507/318/507 504/312/507 508/333/507
f 504/312/508 529/334/508 508/333/508
f 458/276/509 474/279/509 578/335/509
f 474/279/510 473/285/510 532/316/510
f 530/332/511 507/318/511 533/336/511
f 530/332/512 533/336/512 534/337/512
f 507/318/513 478/288/513 533/336/513
f 478/288/514 493/280/514 533/336/514
f 513/338/515 535/339/515 512/340/515
f 423/255/516 517/341/516 516/322/516
f 538/342/517 539/343/517 540/344/517
f 540/344/518 539/343/518 559/345/518
f 540/344/519 559/345/519 518/346/519
f 499/347/520 453/273/520 543/348/520
f 410/259/521 318/187/522 751/349/523
f 453/273/524 545/350/524 543/348/524
f 453/273/525 433/271/525 545/350/525
f 501/304/526 394/229/526 546/351/526
f 565/352/527 547/306/527 523/308/527
f 547/306/528 567/353/528 524/327/528
f 524/327/529 569/354/529 551/355/529
f 569/354/530 548/356/530 551/355/530
f 436/274/531 413/243/531 549/357/531
f 565/352/532 523/308/532 552/310/532
f 392/236/533 457/264/534 449/358/535
f 449/358/535 457/264/534 531/359/536
f 552/310/537 458/276/537 578/335/537
f 474/279/538 532/316/538 555/360/538
f 529/334/539 554/361/539 494/362/539
f 529/334/540 494/362/540 511/363/540
f 477/286/541 615/364/541 556/365/541
f 477/286/542 492/266/542 615/364/542
f 492/266/543 534/337/543 615/364/543
f 510/317/544 556/365/544 509/319/544
f 510/317/545 477/286/545 556/365/545
f 531/359/546 457/264/546 465/300/546
f 493/280/547 495/320/547 514/321/547
f 515/323/548 583/366/548 514/321/548
f 274/143/232 330/152/245 625/367/549
f 540/344/550 518/346/550 558/368/550
f 466/369/551 696/370/551 560/371/551
f 565/352/552 566/372/552 547/306/552
f 488/293/553 383/227/490 544/324/490
f 489/294/554 319/189/554 600/295/554
f 450/260/555 522/326/555 521/325/555
f 522/326/556 469/283/556 564/373/556
f 394/229/557 412/242/557 546/351/557
f 412/242/558 395/237/558 572/374/558
f 546/351/559 412/242/559 572/374/559
f 569/354/560 570/375/560 548/356/560
f 601/376/561 434/262/562 571/377/563
f 434/262/562 410/259/564 571/377/563
f 607/378/565 565/352/565 552/310/565
f 607/378/566 552/310/566 574/379/566
f 474/279/567 555/360/567 614/380/567
f 555/360/568 509/319/568 614/380/568
f 386/231/569 579/381/569 502/305/569
f 494/362/570 554/361/570 581/382/570
f 509/319/571 556/365/571 618/383/571
f 534/337/572 533/336/573 662/384/574
f 533/336/575 493/280/575 580/385/575
f 493/280/576 514/321/576 580/385/576
f 514/321/577 583/366/577 582/386/577
f 402/241/578 274/143/579 586/387/580
f 589/388/581 562/389/581 592/390/581
f 589/388/582 590/391/582 562/389/582
f 590/391/583 593/392/583 562/389/583
f 593/392/586 591/394/586 599/395/586
f 593/392/587 598/396/587 562/389/587
f 593/392/588 595/397/588 598/396/588
f 595/397/589 593/392/589 599/395/589
f 596/398/590 566/372/590 565/352/590
f 520/399/591 543/348/591 597/400/591
f 596/398/592 565/352/592 638/401/592
f 318/187/522 701/402/593 751/349/523
f 489/294/594 600/295/594 544/324/594
f 543/348/595 545/350/595 597/400/595
f 376/222/596 601/376/596 452/261/596
f 376/222/597 434/262/597 601/376/597
f 595/397/598 599/395/598 603/403/598
f 599/395/599 639/404/599 603/403/599
f 572/374/600 395/237/600 502/305/600
f 550/405/601 562/389/601 606/406/601
f 562/389/602 598/396/602 606/406/602
f 638/401/603 565/352/604 607/378/605
f 551/355/606 548/356/606 604/407/606
f 598/396/607 609/408/607 608/409/607
f 598/396/608 595/397/608 609/408/608
f 595/397/609 603/403/609 609/408/609
f 503/311/610 553/410/610 610/411/610
f 598/396/611 608/409/611 606/406/611
f 552/310/612 578/335/612 574/379/612
f 578/335/613 474/279/613 614/380/613
f 608/409/614 617/412/614 606/406/614
f 614/380/615 509/319/615 618/383/615
f 615/364/616 534/337/572 662/384/574
f 554/361/617 616/413/617 619/414/617
f 581/382/618 554/361/618 619/414/618
f 550/405/619 606/406/619 557/415/619
f 662/384/620 533/336/620 620/416/620
f 533/336/621 580/385/621 620/416/621
f 579/381/622 386/231/622 479/289/622
f 580/385/623 582/386/623 620/416/623
f 582/386/624 535/339/624 581/382/624
f 557/415/625 606/406/625 622/417/625
f 606/406/626 617/412/626 622/417/626
f 557/415/627 622/417/627 624/418/627
f 540/344/628 558/368/628 627/419/628
f 371/218/632 485/292/633 484/291/634
f 591/394/635 629/421/636 639/404/637
f 640/424/638 629/421/639 631/423/640
f 632/425/641 635/426/641 638/401/641
f 635/426/642 636/427/642 596/398/642
f 599/395/643 591/394/635 639/404/637
f 639/404/644 629/421/644 640/424/644
f 631/423/640 632/425/645 638/401/646
f 635/426/647 596/398/647 638/401/647
f 631/423/640 638/401/646 640/424/638
f 318/187/648 488/293/648 701/402/648
f 521/325/649 522/326/649 641/428/649
f 433/271/650 501/304/650 545/350/650
f 568/429/651 567/353/651 644/430/651
f 569/354/652 602/431/653 645/432/654
f 413/243/655 452/261/655 646/433/655
f 639/404/656 640/424/656 648/434/656
f 640/424/657 638/401/657 648/434/657
f 648/434/658 638/401/658 649/435/658
f 572/374/659 502/305/659 647/436/659
f 603/403/660 639/404/660 651/437/660
f 639/404/661 648/434/661 651/437/661
f 649/435/662 638/401/662 688/438/662
f 638/401/603 607/378/605 688/438/663
f 609/408/664 655/439/664 654/440/664
f 609/408/665 603/403/665 655/439/665
f 609/408/666 654/440/666 658/441/666
f 553/410/667 612/442/667 610/411/667
f 608/409/668 609/408/668 657/443/668
f 657/443/669 609/408/669 658/441/669
f 612/442/670 577/444/670 611/445/670
f 502/305/671 579/381/671 647/436/671
f 617/412/672 608/409/672 657/443/672
f 614/380/673 618/383/673 659/446/673
f 617/412/674 657/443/674 664/447/674
f 618/383/675 556/365/675 663/448/675
f 531/359/676 465/300/676 621/449/676
f 619/414/677 616/413/677 666/450/677
f 581/382/678 619/414/678 665/451/678
f 619/414/679 666/450/679 665/451/679
f 617/412/680 664/447/680 622/417/680
f 622/417/681 664/447/681 667/452/681
f 465/300/682 402/241/682 670/453/682
f 537/177/279 256/135/235 671/225/344
f 558/368/683 518/346/683 627/419/683
f 627/419/684 518/346/684 675/454/684
f 518/346/685 561/455/685 675/454/685
f 410/259/686 751/349/686 571/377/686
f 501/304/687 546/351/687 683/456/687
f 546/351/688 642/457/688 683/456/688
f 572/374/689 647/436/689 642/457/689
f 648/434/690 649/435/690 685/458/690
f 685/458/691 649/435/691 688/438/691
f 449/358/692 531/359/692 676/459/692
f 653/460/693 651/437/693 648/434/693
f 603/403/694 689/461/694 655/439/694
f 603/403/695 651/437/695 689/461/695
f 651/437/696 653/460/696 689/461/696
f 574/379/697 690/462/697 706/463/697
f 574/379/698 578/335/698 690/462/698
f 578/335/699 614/380/699 690/462/699
f 690/462/700 614/380/700 659/446/700
f 647/436/701 579/381/701 687/464/701
f 657/443/702 658/441/702 692/465/702
f 615/364/703 662/384/703 660/466/703
f 579/381/704 479/289/704 691/467/704
f 620/416/705 581/382/705 665/451/705
f 516/322/706 517/341/706 778/468/706
f 402/241/707 586/387/707 670/453/707
f 274/143/579 625/367/708 586/387/580
f 540/344/709 627/419/709 742/469/709
f 484/291/634 485/292/633 695/470/710
f 594/473/712 597/400/712 700/474/712
f 545/350/713 501/304/714 702/475/715
f 501/304/716 683/456/716 682/476/716
f 653/460/717 648/434/718 704/477/719
f 704/477/719 648/434/718 705/478/720
f 648/434/721 685/458/722 705/478/723
f 685/458/724 688/438/724 734/479/724
f 688/438/725 607/378/725 706/463/725
f 607/378/726 574/379/726 706/463/726
f 660/466/727 662/384/727 737/480/727
f 687/464/728 691/467/728 709/481/728
f 621/449/729 465/300/729 670/453/729
f 624/418/730 622/417/730 667/452/730
f 626/234/731 496/257/731 714/482/731
f 539/343/732 538/342/733 715/483/734
f 701/402/735 488/293/735 752/484/735
f 784/485/736 411/228/396 521/325/492
f 521/325/737 641/428/737 724/486/737
f 597/400/738 545/350/738 700/474/738
f 700/474/739 545/350/739 785/487/739
f 685/458/722 734/479/740 705/478/723
f 659/446/741 660/466/741 737/480/741
f 662/384/742 620/416/743 739/488/744
f 691/467/745 479/289/745 740/489/745
f 625/367/549 330/152/245 741/490/746
f 302/144/233 537/177/279 330/152/245
f 718/491/747 719/492/747 745/493/747
f 745/493/748 719/492/749 746/494/750
f 746/494/750 719/492/749 747/495/751
f 719/492/752 720/496/752 747/495/752
f 747/495/753 720/496/753 748/497/753
f 720/496/754 723/498/754 750/499/754
f 600/295/755 411/228/756 784/485/757
f 501/304/714 682/476/758 702/475/715
f 683/456/759 642/457/759 725/500/759
f 723/498/760 733/501/760 750/499/760
f 729/502/761 730/503/761 725/500/761
f 730/503/762 703/504/762 758/505/762
f 758/505/763 703/504/763 760/506/763
f 790/507/764 689/461/764 759/508/764
f 709/481/765 691/467/765 740/489/765
f 621/449/766 736/509/767 531/359/768
f 665/451/769 666/450/769 763/510/769
f 479/289/770 764/511/770 740/489/770
f 479/289/771 516/322/771 764/511/771
f 742/469/772 627/419/772 765/512/772
f 745/493/773 746/494/774 768/513/775
f 724/486/776 641/428/777 753/514/778
f 545/350/779 702/475/780 785/487/781
f 682/476/782 683/456/782 769/515/782
f 683/456/783 725/500/783 769/515/783
f 646/433/784 452/261/784 771/516/784
f 704/477/785 705/478/785 774/517/785
f 655/439/786 689/461/786 790/507/786
f 689/461/787 653/460/788 759/508/789
f 688/438/790 706/463/790 789/518/790
f 690/462/791 659/446/792 777/519/793
f 620/416/794 665/451/794 739/488/794
f 665/451/795 763/510/795 957/520/795
f 764/511/796 516/322/796 778/468/796
f 765/512/797 627/419/797 780/521/797
f 627/419/798 675/454/798 780/521/798
f 768/513/775 746/494/774 782/522/799
f 782/522/799 746/494/774 747/495/800
f 720/496/801 750/499/801 783/523/801
f 594/473/802 700/474/802 803/524/802
f 700/474/803 785/487/803 803/524/803
f 848/525/804 600/295/755 784/485/757
f 750/499/805 733/501/805 783/523/805
f 783/523/806 733/501/806 878/526/806
f 730/503/807 758/505/807 787/527/807
f 676/459/808 531/359/768 736/509/767
f 654/440/809 655/439/809 790/507/809
f 789/518/810 706/463/810 777/519/810
f 706/463/811 690/462/791 777/519/793
f 777/519/812 659/446/812 737/480/812
f 709/481/813 792/528/813 791/529/813
f 709/481/814 740/489/814 792/528/814
f 624/418/815 667/452/815 958/530/815
f 715/483/734 538/342/733 797/531/816
f 675/454/817 588/532/817 800/533/817
f 717/534/818 635/426/818 801/535/818
f 718/491/819 745/493/819 804/536/819
f 804/536/820 745/493/820 768/513/820
f 769/515/821 725/500/821 805/537/821
f 725/500/822 787/527/822 805/537/822
f 452/261/823 601/376/824 771/516/825
f 601/376/824 806/538/826 771/516/825
f 601/376/561 571/377/563 806/538/827
f 725/500/828 730/503/828 787/527/828
f 653/460/829 704/477/830 857/539/831
f 857/539/831 704/477/830 788/540/832
f 705/478/833 734/479/833 807/541/833
f 807/541/834 734/479/834 688/438/834
f 688/438/835 789/518/835 808/542/835
f 708/543/836 709/481/836 791/529/836
f 662/384/742 739/488/744 737/480/837
f 740/489/838 764/511/838 792/528/838
f 330/152/245 537/177/279 1187/544/839
f 626/234/840 714/482/840 811/545/840
f 797/531/841 765/512/841 812/546/841
f 765/512/842 780/521/843 812/546/844
f 780/521/845 675/454/845 816/547/845
f 675/454/846 800/533/846 816/547/846
f 747/495/800 748/497/847 821/548/848
f 748/497/849 720/496/849 821/548/849
f 821/548/850 720/496/850 822/549/850
f 720/496/851 783/523/851 822/549/851
f 488/293/852 544/324/853 824/550/854
f 682/476/855 769/515/855 826/551/855
f 758/505/856 830/552/856 787/527/856
f 705/478/857 807/541/857 774/517/857
f 758/505/858 760/506/858 830/552/858
f 830/552/859 760/506/859 832/553/859
f 761/554/860 654/440/860 833/555/860
f 791/529/861 792/528/861 835/556/861
f 792/528/862 764/511/862 838/557/862
f 795/558/863 624/418/863 958/530/863
f 779/290/864 484/291/864 796/559/864
f 484/291/865 695/470/865 840/560/865
f 695/470/866 815/561/866 840/560/866
f 840/560/867 815/561/867 841/562/867
f 782/522/799 747/495/800 821/548/848
f 803/524/868 785/487/868 937/563/868
f 571/377/869 751/349/869 806/538/869
f 752/484/870 488/293/870 847/564/870
f 544/324/871 600/295/871 848/525/871
f 785/487/781 702/475/780 825/565/872
f 702/475/873 682/476/873 850/566/873
f 682/476/874 851/567/874 850/566/874
f 826/551/875 769/515/875 852/568/875
f 769/515/876 805/537/876 852/568/876
f 753/514/778 827/569/877 724/486/776
f 759/508/789 653/460/788 857/539/878
f 704/477/879 774/517/879 788/540/879
f 807/541/880 688/438/880 808/542/880
f 790/507/881 759/508/881 858/570/881
f 654/440/882 790/507/882 833/555/882
f 789/518/883 777/519/883 881/571/883
f 791/529/884 835/556/884 859/572/884
f 884/573/885 737/480/885 885/574/885
f 885/574/886 737/480/887 861/575/888
f 737/480/887 739/488/889 861/575/888
f 665/451/890 957/520/890 739/488/890
f 621/449/891 670/453/891 862/576/891
f 804/536/892 768/513/892 867/577/892
f 804/536/893 867/577/893 868/578/893
f 868/578/894 867/577/895 869/579/896
f 768/513/897 782/522/897 867/577/897
f 782/522/897 821/548/897 867/577/897
f 869/579/896 867/577/895 870/580/898
f 867/577/899 821/548/899 822/549/899
f 867/577/900 822/549/900 870/580/900
f 822/549/901 783/523/901 870/580/901
f 804/536/902 868/578/902 873/581/902
f 873/581/903 868/578/903 874/582/904
f 868/578/903 869/579/905 874/582/904
f 869/579/905 870/580/906 874/582/904
f 874/582/904 870/580/906 875/583/907
f 488/293/908 824/550/908 847/564/908
f 544/324/853 848/525/909 824/550/854
f 937/563/910 785/487/910 828/584/910
f 785/487/781 825/565/872 828/584/911
f 825/565/912 702/475/912 849/585/912
f 702/475/913 850/566/913 849/585/913
f 682/476/914 826/551/914 851/567/914
f 804/536/915 873/581/915 855/586/915
f 873/581/916 874/582/917 855/586/918
f 855/586/918 874/582/917 877/587/919
f 874/582/920 875/583/920 877/587/920
f 877/587/921 875/583/921 878/526/921
f 783/523/922 878/526/922 870/580/922
f 875/583/923 870/580/923 878/526/923
f 852/568/924 805/537/924 876/588/924
f 852/568/925 876/588/925 879/589/925
f 879/589/926 876/588/926 880/590/926
f 805/537/927 787/527/927 876/588/927
f 876/588/928 787/527/928 830/552/928
f 880/590/929 830/552/929 832/553/929
f 789/518/930 881/571/930 808/542/930
f 896/591/931 880/590/931 832/553/931
f 881/571/932 777/519/932 883/592/932
f 676/459/933 736/509/933 882/593/933
f 777/519/934 737/480/934 883/592/934
f 883/592/935 737/480/935 884/573/935
f 763/510/936 794/594/936 957/520/936
f 838/557/937 778/468/937 809/595/937
f 796/559/938 484/291/938 888/596/938
f 840/560/939 841/562/939 817/597/939
f 676/459/940 871/598/940 843/599/940
f 751/349/941 701/402/942 1060/600/943
f 784/485/736 521/325/492 890/601/944
f 521/325/945 724/486/945 890/601/945
f 851/567/946 826/551/946 908/602/946
f 872/603/947 853/604/947 891/605/947
f 826/551/948 852/568/948 879/589/948
f 853/604/949 854/606/949 891/605/949
f 879/589/950 880/590/950 893/607/950
f 876/588/951 830/552/951 880/590/951
f 893/607/952 880/590/952 896/591/952
f 893/607/953 896/591/953 859/572/953
f 893/607/954 835/556/955 898/608/954
f 835/556/955 792/528/956 898/608/954
f 861/575/957 739/488/958 925/609/959
f 926/610/960 736/509/960 621/449/960
f 792/528/961 838/557/961 898/608/961
f 958/530/962 667/452/962 810/611/962
f 330/152/245 1187/544/839 741/490/746
f 626/234/963 811/545/963 902/612/963
f 888/596/964 484/291/964 904/613/964
f 484/291/965 840/560/965 904/613/965
f 816/547/966 800/533/966 818/614/966
f 846/615/967 907/616/967 911/617/967
f 908/602/968 826/551/968 910/618/968
f 826/551/969 879/589/969 910/618/969
f 846/615/970 911/617/970 892/619/970
f 911/617/971 909/620/971 892/619/971
f 909/620/972 912/621/972 892/619/972
f 892/619/973 912/621/973 916/622/973
f 912/621/974 913/623/974 916/622/974
f 910/618/975 879/589/975 917/624/975
f 892/619/976 916/622/976 894/625/976
f 917/624/977 879/589/977 893/607/977
f 857/539/978 788/540/978 774/517/978
f 807/541/979 808/542/979 915/626/979
f 808/542/980 881/571/980 915/626/980
f 676/459/981 882/593/981 871/598/981
f 858/570/982 759/508/982 857/539/982
f 833/555/983 790/507/983 858/570/983
f 882/593/984 736/509/984 926/610/984
f 898/608/985 838/557/985 927/627/985
f 838/557/986 809/595/986 927/627/986
f 621/449/987 862/576/987 926/610/987
f 715/483/988 797/531/988 930/628/988
f 797/531/989 812/546/989 930/628/989
f 796/559/990 888/596/990 931/629/990
f 812/546/844 780/521/843 930/628/991
f 840/560/992 817/597/992 904/613/992
f 780/521/993 816/547/993 933/630/993
f 816/547/994 818/614/994 933/630/994
f 806/538/995 751/349/941 1060/600/943
f 848/525/804 784/485/757 1016/631/996
f 849/585/997 850/566/997 942/632/997
f 850/566/998 851/567/998 942/632/998
f 942/632/999 851/567/999 908/602/999
f 946/633/1000 807/541/1000 914/634/1000
f 857/539/1001 774/517/1001 946/633/1001
f 916/622/1002 944/635/1002 894/625/1002
f 881/571/1003 883/592/1003 981/636/1003
f 919/637/1004 947/638/1004 920/639/1004
f 947/638/1005 918/640/1005 920/639/1005
f 920/639/1006 983/641/1006 949/642/1006
f 983/641/1007 948/643/1007 949/642/1007
f 834/644/1008 833/555/1008 921/645/1008
f 883/592/1009 884/573/1009 951/646/1009
f 951/646/1010 884/573/1010 922/647/1010
f 922/647/1011 884/573/1011 885/574/1011
f 922/647/1012 885/574/1012 953/648/1012
f 953/648/1013 885/574/1013 924/649/1013
f 893/607/1014 898/608/1014 917/624/1014
f 953/648/1015 924/649/1015 954/650/1015
f 924/649/1016 885/574/1016 955/651/1016
f 898/608/1017 950/652/1017 917/624/1017
f 887/653/1018 921/645/1018 987/654/1018
f 924/649/1019 955/651/1019 954/650/1019
f 739/488/958 956/655/1020 925/609/959
f 739/488/1021 957/520/1021 956/655/1021
f 898/608/1022 927/627/1022 950/652/1022
f 958/530/1023 810/611/1023 928/656/1023
f 930/628/1024 780/521/1024 961/657/1024
f 800/533/1025 1013/658/1026 962/659/1027
f 780/521/1028 933/630/1028 961/657/1028
f 767/660/1029 803/524/1029 995/661/1029
f 937/563/1030 828/584/1030 968/662/1030
f 909/620/1031 911/617/1031 974/663/1031
f 771/516/1032 806/538/1032 975/664/1032
f 724/486/1033 827/569/1033 976/665/1033
f 827/569/1034 941/666/1034 976/665/1034
f 910/618/1035 917/624/1035 1022/667/1035
f 917/624/1036 950/652/1036 1022/667/1036
f 949/642/1037 948/643/1037 986/668/1037
f 885/574/1038 861/575/1038 989/669/1038
f 861/575/1039 925/609/1039 1030/670/1039
f 670/453/1040 586/387/1041 1012/671/1042
f 803/524/1043 937/563/1043 994/672/1043
f 803/524/1044 994/672/1044 995/661/1044
f 784/485/1045 890/601/1045 1040/673/1045
f 937/563/1046 968/662/1046 994/672/1046
f 908/602/1047 969/674/1047 942/632/1047
f 974/663/1048 911/617/1048 997/675/1048
f 828/584/1049 825/565/1049 968/662/1049
f 908/602/1050 910/618/1050 969/674/1050
f 881/571/1051 981/636/1051 979/676/1051
f 918/640/1052 947/638/1052 998/677/1052
f 983/641/1053 985/678/1053 982/679/1053
f 922/647/1054 1000/680/1054 951/646/1054
f 922/647/1055 953/648/1055 1002/681/1055
f 953/648/1056 954/650/1056 1002/681/1056
f 861/575/1057 1030/670/1057 989/669/1057
f 954/650/1058 955/651/1058 1004/682/1058
f 925/609/1059 1057/683/1059 1030/670/1059
f 925/609/1060 956/655/1060 1006/684/1060
f 862/576/1061 670/453/1061 1012/671/1061
f 586/387/580 625/367/708 959/685/1062
f 961/657/1063 993/686/1063 930/628/1063
f 904/613/1064 905/687/1064 888/596/1064
f 961/657/1065 933/630/1065 993/686/1065
f 1039/688/1066 994/672/1066 1017/689/1066
f 824/550/1067 848/525/1067 1016/631/1067
f 1016/631/1068 784/485/1069 1040/673/1070
f 724/486/1071 976/665/1072 890/601/1073
f 994/672/1074 968/662/1074 1017/689/1074
f 825/565/1075 849/585/1075 942/632/1075
f 969/674/1076 910/618/1076 1018/690/1076
f 910/618/1077 1022/667/1077 1018/690/1077
f 1024/691/1078 982/679/1078 998/677/1078
f 983/641/1079 982/679/1079 1024/691/1079
f 981/636/1080 883/592/1080 1025/692/1080
f 883/592/1081 1026/693/1081 1025/692/1081
f 883/592/1082 951/646/1082 1026/693/1082
f 922/647/1083 1002/681/1083 1000/680/1083
f 1002/681/1084 954/650/1084 1031/694/1084
f 1003/695/1085 897/696/1085 1027/697/1085
f 954/650/1086 1004/682/1086 1031/694/1086
f 1004/682/1087 955/651/1087 1029/698/1087
f 925/609/1088 1006/684/1088 1032/699/1088
f 625/367/708 741/490/1089 959/685/1062
f 1187/544/839 537/177/279 1034/700/1090
f 888/596/1091 905/687/1091 1036/701/1091
f 1039/688/1092 1017/689/1092 1061/702/1092
f 701/402/1093 752/484/1093 847/564/1093
f 941/666/1094 966/703/1094 1041/704/1094
f 1061/702/1095 1017/689/1095 1044/705/1095
f 942/632/1096 1043/706/1096 1042/707/1096
f 942/632/1097 969/674/1098 1043/706/1099
f 825/565/1100 942/632/1100 1042/707/1100
f 979/676/1101 981/636/1101 1025/692/1101
f 1023/708/1102 1001/709/1102 999/710/1102
f 951/646/1103 1053/711/1104 1026/693/1105
f 951/646/1106 1000/680/1106 1053/711/1106
f 1068/712/1107 1002/681/1107 1031/694/1107
f 989/669/1108 1055/713/1108 1029/698/1108
f 989/669/1109 1030/670/1109 1055/713/1109
f 1003/695/1110 1058/714/1111 1032/699/1112
f 950/652/1113 927/627/1113 1028/715/1113
f 1059/716/1114 1039/688/1115 1061/702/1116
f 969/674/1117 1018/690/1117 1076/717/1117
f 806/538/1118 1060/600/1119 1062/718/1120
f 941/666/1121 1041/704/1121 976/665/1121
f 1017/689/1122 968/662/1122 1044/705/1122
f 968/662/1123 825/565/1123 1077/719/1123
f 1019/720/1124 1025/692/1124 1063/721/1124
f 1022/667/1125 950/652/1126 1028/715/1127
f 1025/692/1128 1026/693/1128 1052/722/1128
f 1051/723/1129 1066/724/1129 1054/725/1129
f 1051/723/1130 1056/726/1130 1066/724/1130
f 1002/681/1131 1068/712/1131 1000/680/1131
f 1029/698/1132 1055/713/1132 1070/727/1132
f 1057/683/1133 925/609/1133 1071/728/1133
f 1032/699/1134 1058/714/1134 1091/729/1134
f 927/627/1135 809/595/1135 1094/730/1135
f 1037/731/1136 1074/732/1137 1075/733/1138
f 890/601/1073 976/665/1072 1121/734/1139
f 1041/704/1140 1037/731/1136 1075/733/1138
f 1100/735/1141 1059/716/1114 1061/702/1116
f 975/664/1142 806/538/1143 1062/718/1144
f 1041/704/1145 1075/733/1145 976/665/1145
f 1044/705/1146 968/662/1146 1077/719/1146
f 1077/719/1147 825/565/1148 1078/736/1149
f 1063/721/1150 1025/692/1150 1079/737/1150
f 1000/680/1151 1084/738/1151 1053/711/1151
f 1000/680/1152 1068/712/1152 1084/738/1152
f 1056/726/1153 1057/683/1153 1087/739/1153
f 1057/683/1154 1071/728/1154 1087/739/1154
f 1031/694/1155 1086/740/1155 1068/712/1155
f 1029/698/1156 1070/727/1156 1069/741/1156
f 1071/728/1157 925/609/1157 1089/742/1157
f 925/609/1158 1032/699/1158 1089/742/1158
f 1074/732/1159 1099/743/1159 1075/733/1159
f 1040/673/1160 890/601/1160 1121/734/1160
f 1100/735/1161 1061/702/1161 1104/744/1161
f 1043/706/1099 969/674/1098 1076/717/1162
f 1102/745/1163 976/665/1164 1075/733/1165
f 1104/744/1166 1061/702/1166 1044/705/1166
f 825/565/1167 1042/707/1167 1078/736/1167
f 1018/690/1168 1022/667/1168 1130/746/1168
f 1079/737/1169 1025/692/1169 1052/722/1169
f 1053/711/1170 1084/738/1170 1107/747/1170
f 1066/724/1171 1056/726/1171 1083/748/1171
f 1056/726/1172 1087/739/1172 1083/748/1172
f 1071/728/1173 1111/749/1173 1087/739/1173
f 1071/728/1174 1089/742/1174 1111/749/1174
f 927/627/1175 1094/730/1175 1028/715/1175
f 1032/699/1176 1091/729/1176 1089/742/1176
f 537/177/279 1096/750/1177 1034/700/1178
f 537/177/279 671/225/344 1096/750/1177
f 626/234/360 902/612/1179 1173/751/1180
f 888/596/1181 1036/701/1181 1115/752/1181
f 843/599/1182 871/598/1182 1116/753/1182
f 1099/743/1183 1074/732/1183 1118/754/1183
f 1099/743/1184 1118/754/1184 1122/755/1184
f 1118/754/1185 1100/735/1185 1122/755/1185
f 701/402/1186 847/564/1186 1119/756/1186
f 824/550/1187 1016/631/1187 1120/757/1187
f 976/665/1188 1102/745/1188 1121/734/1188
f 1099/743/1189 1122/755/1189 1103/758/1189
f 1122/755/1190 1100/735/1190 1104/744/1190
f 646/433/1191 771/516/1192 1101/759/1193
f 771/516/1194 975/664/1194 1101/759/1194
f 1076/717/1195 1018/690/1195 1130/746/1195
f 871/598/1196 882/593/1196 1116/753/1196
f 1053/711/1197 1107/747/1197 1124/760/1197
f 1026/693/1105 1053/711/1104 1125/761/1198
f 1086/740/1199 1069/741/1199 1137/762/1199
f 1069/741/1200 1070/727/1201 1108/763/1200
f 1069/741/1200 1108/763/1200 1137/762/1202
f 1146/764/1203 926/610/1203 1012/671/1203
f 1089/742/1204 1091/729/1204 1141/765/1204
f 926/610/1205 862/576/1205 1012/671/1205
f 1012/671/1042 586/387/1041 1095/766/1206
f 847/564/1207 824/550/1207 1129/767/1207
f 975/664/1142 1062/718/1144 1101/759/1208
f 1103/758/1209 1122/755/1209 1104/744/1209
f 1042/707/1210 1043/706/1210 1078/736/1210
f 1130/746/1211 1022/667/1125 1028/715/1127
f 1079/737/1212 1052/722/1212 1132/768/1212
f 1052/722/1213 1133/769/1213 1132/768/1213
f 1052/722/1214 1026/693/1214 1133/769/1214
f 1065/770/1215 1082/771/1215 1134/772/1215
f 1026/693/1216 1125/761/1216 1133/769/1216
f 1082/771/1217 1085/773/1217 1148/774/1217
f 1086/740/1218 1137/762/1218 1136/775/1218
f 1111/749/1219 1089/742/1219 1164/776/1219
f 1028/715/1220 1094/730/1220 1140/777/1220
f 1089/742/1221 1141/765/1221 1164/776/1221
f 1141/765/1222 1091/729/1222 1153/778/1222
f 586/387/1041 959/685/1223 1095/766/1206
f 1036/701/1224 1128/779/1224 1115/752/1224
f 701/402/1225 1119/756/1225 1215/780/1225
f 847/564/1226 1129/767/1226 1119/756/1226
f 646/433/1191 1101/759/1193 1123/781/1227
f 1075/733/1165 1144/782/1228 1102/745/1163
f 1075/733/1229 1103/758/1229 1144/782/1229
f 1104/744/1230 1044/705/1230 1160/783/1230
f 1044/705/1231 1077/719/1231 1160/783/1231
f 1043/706/1232 1145/784/1233 1078/736/1234
f 1116/753/1235 882/593/1236 1146/764/1237
f 882/593/1236 926/610/1238 1146/764/1237
f 1136/775/1239 1137/762/1239 1149/785/1239
f 1138/786/1240 1087/739/1240 1152/787/1240
f 1137/762/1241 1108/763/1241 1151/788/1241
f 1087/739/1242 1111/749/1242 1152/787/1242
f 1094/730/1243 1092/789/1243 1195/790/1243
f 1043/706/1244 1076/717/1245 1145/784/1246
f 1103/758/1247 1104/744/1247 1144/782/1247
f 1104/744/1248 1160/783/1248 1144/782/1248
f 1077/719/1147 1078/736/1149 1160/783/1249
f 1130/746/1250 1028/715/1250 1169/791/1250
f 1148/774/1251 1085/773/1251 1136/775/1251
f 1028/715/1252 1140/777/1252 1169/791/1252
f 1137/762/1253 1151/788/1253 1149/785/1253
f 1141/765/1254 1153/778/1254 1164/776/1254
f 1094/730/1255 1195/790/1255 1140/777/1255
f 824/550/1256 1120/757/1257 1129/767/1258
f 1120/757/1257 1167/792/1259 1129/767/1258
f 1076/717/1260 1130/746/1260 1168/793/1260
f 1132/768/1261 1133/769/1261 1161/794/1261
f 1133/769/1262 1125/761/1262 1171/795/1262
f 1148/774/1263 1136/775/1263 1170/796/1263
f 1120/757/1264 1016/631/1264 1189/797/1264
f 1123/781/1265 1101/759/1265 1177/798/1265
f 1144/782/1266 1160/783/1266 1178/799/1266
f 1161/794/1267 1133/769/1267 1182/800/1267
f 1182/800/1268 1133/769/1268 1183/801/1268
f 1183/801/1269 1133/769/1269 1184/802/1269
f 1133/769/1270 1171/795/1270 1184/802/1270
f 1151/788/1271 1194/803/1271 1149/785/1271
f 1209/804/1272 1012/671/1273 1095/766/1274
f 1129/767/1275 1167/792/1275 1188/805/1275
f 1167/792/1276 1120/757/1276 1189/797/1276
f 1102/745/1277 1144/782/1277 1121/734/1277
f 1170/796/1278 1136/775/1278 1185/806/1278
f 1184/802/1279 1171/795/1279 1193/807/1279
f 1136/775/1280 1149/785/1280 1205/808/1280
f 1149/785/1281 1194/803/1281 1205/808/1281
f 701/402/1282 1215/780/1282 1060/600/1282
f 1119/756/1283 1129/767/1283 1216/809/1283
f 1016/631/1068 1040/673/1070 1189/797/1284
f 1145/784/1246 1076/717/1245 1200/810/1285
f 1076/717/1286 1168/793/1286 1200/810/1286
f 1121/734/1287 1201/811/1288 1040/673/1289
f 1168/793/1290 1130/746/1290 1218/812/1290
f 1116/753/1291 1146/764/1291 1211/813/1291
f 1185/806/1292 1136/775/1292 1205/808/1292
f 1195/790/1293 1208/814/1293 1222/815/1293
f 626/234/360 1173/751/1180 1298/816/1294
f 1115/752/1295 1128/779/1295 1210/817/1295
f 1216/809/1296 1129/767/1296 1188/805/1296
f 1101/759/1208 1062/718/1144 1217/818/1297
f 1200/810/1298 1168/793/1298 1218/812/1298
f 1130/746/1299 1169/791/1299 1218/812/1299
f 1169/791/1300 1140/777/1301 1220/819/1302
f 1140/777/1301 1222/815/1303 1220/819/1302
f 1146/764/1304 1012/671/1304 1221/820/1304
f 1140/777/1305 1195/790/1305 1222/815/1305
f 1012/671/1306 1209/804/1306 1221/820/1306
f 1187/544/1307 1034/700/1308 1237/821/1309
f 671/225/344 626/234/360 1298/816/1294
f 1128/779/1310 1212/822/1310 1210/817/1310
f 1119/756/1311 1216/809/1311 1215/780/1311
f 1121/734/1287 1144/782/1312 1201/811/1288
f 1144/782/1313 1178/799/1313 1224/823/1313
f 1178/799/1314 1160/783/1314 1224/823/1314
f 1211/813/1315 1146/764/1315 1221/820/1315
f 1222/815/1316 1208/814/1316 1247/824/1316
f 1173/751/1317 1207/825/1317 1246/826/1317
f 1062/718/1144 1230/827/1318 1217/818/1297
f 1062/718/1120 1060/600/1119 1230/827/1319
f 1188/805/1320 1167/792/1320 1189/797/1320
f 1189/797/1284 1040/673/1070 1231/828/1321
f 1040/673/1322 1201/811/1322 1231/828/1322
f 1160/783/1323 1078/736/1234 1242/829/1324
f 1078/736/1234 1145/784/1233 1242/829/1324
f 1169/791/1325 1220/819/1325 1218/812/1325
f 1220/819/1326 1222/815/1326 1232/830/1326
f 1232/830/1327 1222/815/1327 1247/824/1327
f 1247/824/1328 1208/814/1328 1235/831/1328
f 1209/804/1272 1095/766/1274 1257/832/1329
f 1230/827/1330 1060/600/1331 1215/780/1332
f 1177/798/1333 1101/759/1333 1241/833/1333
f 1216/809/1334 1188/805/1335 1239/834/1336
f 1188/805/1335 1189/797/1337 1239/834/1336
f 1144/782/1338 1224/823/1338 1201/811/1338
f 1160/783/1339 1242/829/1339 1224/823/1339
f 1200/810/1340 1218/812/1340 1243/835/1340
f 1211/813/1341 1221/820/1342 1245/836/1343
f 1187/544/1307 1237/821/1309 1252/837/1344
f 1034/700/1345 1096/750/1345 1226/838/1345
f 1230/827/1330 1215/780/1332 1254/839/1346
f 1177/798/1347 1241/833/1347 1240/840/1347
f 1215/780/1348 1216/809/1334 1239/834/1336
f 1145/784/1349 1255/841/1349 1242/829/1349
f 1145/784/1350 1200/810/1350 1255/841/1350
f 1218/812/1351 1220/819/1351 1243/835/1351
f 1211/813/1341 1245/836/1343 1260/842/1352
f 1221/820/1353 1209/804/1354 1257/832/1355
f 1232/830/1356 1247/824/1357 1266/843/1358
f 1267/844/1359 1266/843/1360 1235/831/1361
f 741/490/1362 1187/544/1363 1252/837/1364
f 1173/751/1365 1246/826/1365 1298/816/1365
f 1241/833/1366 1101/759/1366 1262/845/1366
f 1101/759/1367 1217/818/1368 1262/845/1369
f 1269/846/1370 1201/811/1370 1270/847/1370
f 1263/848/1371 1201/811/1372 1224/823/1373
f 1255/841/1374 1200/810/1374 1243/835/1374
f 1243/835/1375 1220/819/1375 1264/849/1375
f 1264/849/1376 1220/819/1376 1265/850/1376
f 1220/819/1377 1232/830/1377 1265/850/1377
f 959/685/1378 741/490/1362 1251/851/1379
f 1096/750/1177 671/225/344 1298/816/1294
f 1215/780/1380 1239/834/1380 1254/839/1380
f 1240/840/1381 1241/833/1381 1271/852/1381
f 1239/834/1382 1189/797/1383 1286/853/1384
f 1201/811/1385 1269/846/1385 1272/854/1385
f 1201/811/1386 1263/848/1386 1270/847/1386
f 1255/841/1387 1243/835/1387 1273/855/1387
f 1273/855/1388 1243/835/1388 1264/849/1388
f 1315/856/1389 1264/849/1389 1265/850/1389
f 1095/766/1206 959/685/1223 1284/857/1390
f 1269/846/1391 1270/847/1391 1291/858/1391
f 1291/858/1392 1270/847/1392 1279/859/1392
f 1270/847/1393 1263/848/1393 1279/859/1393
f 1273/855/1394 1264/849/1395 1315/856/1396
f 1300/860/1397 1265/850/1397 1266/843/1397
f 1297/861/1398 1302/862/1398 1282/863/1398
f 1297/861/1399 1282/863/1399 1249/864/1399
f 1251/851/1379 741/490/1362 1252/837/1364
f 1239/834/1400 1286/853/1400 1254/839/1400
f 1231/828/1401 1201/811/1401 1272/854/1401
f 1272/854/1402 1269/846/1402 1291/858/1402
f 1279/859/1403 1263/848/1403 1288/865/1403
f 1224/823/1373 1280/866/1404 1263/848/1371
f 1224/823/1373 1242/829/1405 1280/866/1404
f 1242/829/1406 1255/841/1406 1310/867/1406
f 1255/841/1407 1273/855/1407 1289/868/1407
f 1291/858/1408 1279/859/1408 1293/869/1408
f 1279/859/1409 1288/865/1410 1294/870/1411
f 1293/869/1412 1279/859/1412 1295/871/1412
f 1295/871/1413 1279/859/1409 1294/870/1411
f 1294/870/1414 1288/865/1414 1296/872/1414
f 1293/869/1415 1295/871/1415 1297/861/1415
f 1295/871/1416 1294/870/1416 1296/872/1416
f 1260/842/1417 1245/836/1418 1287/873/1419
f 1293/869/1420 1297/861/1420 1299/874/1420
f 1315/856/1421 1265/850/1421 1300/860/1421
f 1287/873/1422 1245/836/1422 1257/832/1422
f 1297/861/1423 1295/871/1423 1302/862/1423
f 1295/871/1424 1296/872/1424 1302/862/1424
f 1296/872/1425 1301/875/1425 1302/862/1425
f 1300/860/1426 1266/843/1426 1351/876/1426
f 1299/874/1427 1297/861/1427 1249/864/1427
f 1302/862/1428 1301/875/1428 1282/863/1428
f 1282/863/1429 1301/875/1429 1303/877/1429
f 1351/876/1430 1266/843/1430 1276/878/1430
f 1034/700/1431 1306/879/1431 1305/880/1431
f 1034/700/1432 1226/838/1432 1306/879/1432
f 1257/832/1433 1095/766/1434 1284/857/1435
f 1231/828/1436 1272/854/1436 1308/881/1436
f 1272/854/1437 1291/858/1438 1327/882/1439
f 1327/882/1440 1291/858/1441 1312/883/1442
f 1263/848/1443 1311/884/1443 1288/865/1443
f 1288/865/1444 1311/884/1444 1313/885/1444
f 1263/848/1445 1280/866/1445 1311/884/1445
f 1290/886/1446 1271/852/1446 1314/887/1446
f 1315/856/1396 1289/868/1447 1273/855/1394
f 1312/883/1442 1291/858/1441 1293/869/1448
f 1288/865/1449 1313/885/1449 1296/872/1449
f 1290/886/1450 1314/887/1450 1281/888/1450
f 1312/883/1451 1293/869/1451 1335/889/1451
f 1315/856/1452 1300/860/1452 1349/890/1452
f 1351/876/1453 1349/890/1453 1300/860/1453
f 1281/888/1454 1314/887/1454 1316/891/1454
f 1335/889/1455 1293/869/1455 1299/874/1455
f 1296/872/1456 1313/885/1457 1317/892/1458
f 1335/889/1459 1299/874/1459 1336/893/1459
f 1296/872/1456 1317/892/1458 1301/875/1460
f 1281/888/1461 1316/891/1461 1337/894/1461
f 1299/874/1462 1249/864/1462 1336/893/1462
f 1301/875/1463 1317/892/1463 1303/877/1463
f 1317/892/1464 1320/895/1465 1303/877/1466
f 1340/896/1467 1351/876/1467 1276/878/1467
f 1383/897/1468 1034/700/1469 1305/880/1470
f 959/685/1378 1251/851/1379 1284/857/1471
f 1257/832/1433 1284/857/1435 1355/898/1472
f 1260/842/1417 1287/873/1419 1285/899/1473
f 1254/839/1346 1286/853/1474 1230/827/1330
f 1280/866/1475 1309/900/1475 1328/901/1475
f 1189/797/1284 1231/828/1321 1362/902/1476
f 1311/884/1477 1280/866/1477 1328/901/1477
f 1310/867/1478 1255/841/1478 1329/903/1478
f 1329/903/1479 1255/841/1479 1289/868/1479
f 1329/903/1480 1289/868/1480 1315/856/1480
f 1311/884/1481 1330/904/1481 1313/885/1481
f 1329/903/1482 1315/856/1482 1349/890/1482
f 1313/885/1483 1330/904/1483 1334/905/1483
f 1313/885/1484 1334/905/1484 1317/892/1484
f 1317/892/1464 1334/905/1485 1320/895/1465
f 1320/895/1486 1334/905/1486 1339/906/1486
f 1096/750/1177 1298/816/1294 1394/907/1487
f 1262/845/1369 1217/818/1368 1375/908/1488
f 1308/881/1489 1272/854/1489 1347/909/1489
f 1347/909/1490 1272/854/1437 1327/882/1439
f 1347/909/1491 1327/882/1491 1312/883/1491
f 1328/901/1492 1309/900/1492 1348/910/1492
f 1310/867/1493 1329/903/1493 1363/911/1493
f 1328/901/1494 1348/910/1494 1330/904/1494
f 1363/911/1495 1329/903/1495 1349/890/1495
f 1330/904/1496 1348/910/1496 1364/912/1496
f 1330/904/1497 1364/912/1497 1354/913/1497
f 1366/914/1498 1349/890/1498 1351/876/1498
f 1347/909/1499 1312/883/1499 1380/915/1499
f 1380/915/1500 1312/883/1500 1335/889/1500
f 1380/915/1501 1335/889/1502 1371/916/1503
f 1371/916/1503 1335/889/1502 1336/893/1504
f 1366/914/1505 1351/876/1505 1370/917/1505
f 1287/873/1506 1257/832/1506 1355/898/1506
f 1334/905/1507 1354/913/1507 1339/906/1507
f 1370/917/1508 1351/876/1508 1340/896/1508
f 1339/906/1509 1354/913/1509 1358/918/1509
f 1358/918/1510 1370/917/1510 1268/919/1510
f 1370/917/1511 1340/896/1511 1268/919/1511
f 1383/897/1512 1305/880/1512 1352/920/1512
f 1305/880/1513 1306/879/1513 1338/921/1513
f 1394/907/1514 1298/816/1514 1381/922/1514
f 1387/923/1515 1231/828/1515 1388/924/1515
f 1231/828/1516 1308/881/1516 1388/924/1516
f 1286/853/1384 1189/797/1383 1362/902/1517
f 1309/900/1518 1310/867/1518 1348/910/1518
f 1348/910/1519 1310/867/1519 1363/911/1519
f 1364/912/1520 1348/910/1520 1365/925/1520
f 1348/910/1521 1363/911/1521 1365/925/1521
f 1365/925/1522 1363/911/1522 1366/914/1522
f 1363/911/1523 1349/890/1523 1366/914/1523
f 1365/925/1524 1366/914/1524 1369/926/1524
f 1347/909/1525 1380/915/1525 1401/927/1525
f 1366/914/1526 1370/917/1526 1369/926/1526
f 1364/912/1527 1365/925/1527 1354/913/1527
f 1354/913/1528 1365/925/1528 1369/926/1528
f 1383/897/1529 1352/920/1530 1368/928/1531
f 1237/821/1532 1383/897/1532 1419/929/1532
f 1285/899/1533 1287/873/1533 1367/930/1533
f 1361/931/1534 1262/845/1534 1375/908/1534
f 1217/818/1535 1230/827/1535 1398/932/1535
f 1362/902/1536 1231/828/1536 1387/923/1536
f 1391/933/1537 1308/881/1537 1347/909/1537
f 1391/933/1538 1347/909/1538 1401/927/1538
f 1287/873/1539 1378/934/1539 1367/930/1539
f 1376/935/1540 1379/936/1540 1356/937/1540
f 1287/873/1541 1355/898/1541 1378/934/1541
f 1355/898/1542 1373/938/1542 1378/934/1542
f 1375/908/1488 1217/818/1368 1398/932/1543
f 1230/827/1544 1286/853/1545 1389/939/1546
f 1286/853/1547 1362/902/1547 1390/940/1547
f 1388/924/1548 1308/881/1548 1391/933/1548
f 1401/927/1549 1380/915/1549 1402/941/1549
f 1380/915/1501 1371/916/1503 1402/941/1550
f 1402/941/1551 1371/916/1551 1360/942/1551
f 1252/837/1552 1237/821/1553 1404/943/1554
f 1230/827/1544 1389/939/1546 1398/932/1555
f 1389/939/1546 1286/853/1545 1390/940/1556
f 1399/944/1557 1391/933/1557 1401/927/1557
f 1402/941/1558 1360/942/1558 1410/945/1558
f 1355/898/1559 1284/857/1559 1412/946/1559
f 1362/902/1560 1387/923/1560 1414/947/1560
f 1387/923/1561 1388/924/1561 1399/944/1561
f 1388/924/1562 1391/933/1562 1399/944/1562
f 1416/948/1563 1399/944/1564 1401/927/1565
f 1376/935/1566 1400/949/1566 1379/936/1566
f 1416/948/1567 1401/927/1567 1402/941/1567
f 1416/948/1568 1402/941/1568 1417/950/1568
f 1379/936/1569 1400/949/1569 1418/951/1569
f 1417/950/1570 1402/941/1570 1410/945/1570
f 1403/952/1571 1341/953/1571 1321/954/1571
f 1404/943/1572 1237/821/1572 1419/929/1572
f 1355/898/1573 1412/946/1573 1373/938/1573
f 1375/908/1574 1398/932/1574 1413/955/1574
f 1390/940/1575 1362/902/1575 1414/947/1575
f 1414/947/1576 1387/923/1576 1415/956/1576
f 1387/923/1577 1399/944/1577 1415/956/1577
f 1375/908/1578 1413/955/1578 1400/949/1578
f 1415/956/1579 1399/944/1564 1416/948/1563
f 1417/950/1580 1410/945/1580 1427/957/1580
f 1434/958/1581 1427/957/1581 1410/945/1581
f 1373/938/1582 1412/946/1582 1422/959/1582
f 1413/955/1583 1398/932/1583 1423/960/1583
f 1398/932/1584 1389/939/1585 1443/961/1584
f 1415/956/1586 1416/948/1586 1439/962/1586
f 1439/962/1587 1416/948/1588 1425/963/1589
f 1367/930/1590 1378/934/1590 1324/964/1590
f 1425/963/1591 1416/948/1591 1417/950/1591
f 1425/963/1589 1417/950/1592 1449/965/1593
f 1427/957/1594 1449/965/1594 1417/950/1594
f 1378/934/1595 1373/938/1595 1422/959/1595
f 1419/929/1596 1421/966/1596 1404/943/1596
f 1423/960/1597 1398/932/1597 1424/967/1597
f 1398/932/1584 1443/961/1584 1424/967/1598
f 1389/939/1599 1390/940/1600 1444/968/1601
f 1429/969/1602 1414/947/1602 1415/956/1602
f 1429/969/1603 1415/956/1603 1439/962/1603
f 1324/964/1604 1378/934/1605 1432/970/1606
f 1418/951/1607 1431/971/1607 1426/972/1607
f 1449/965/1608 1427/957/1608 1440/973/1608
f 1426/972/1609 1431/971/1609 1428/974/1609
f 1440/973/1610 1427/957/1610 1434/958/1610
f 1404/943/1611 1421/966/1611 1450/975/1611
f 1443/961/1612 1389/939/1599 1438/976/1613
f 1405/977/1614 1324/964/1604 1432/970/1606
f 1439/962/1587 1425/963/1589 1449/965/1593
f 1378/934/1615 1422/959/1615 1432/970/1615
f 1452/978/1616 1440/973/1616 1434/958/1616
f 1284/857/1617 1251/851/1618 1412/946/1619
f 1444/968/1620 1390/940/1620 1445/979/1620
f 1390/940/1621 1414/947/1621 1445/979/1621
f 1445/979/1622 1414/947/1622 1429/969/1622
f 1445/979/1623 1429/969/1623 1457/980/1623
f 1423/960/1624 1446/981/1624 1430/982/1624
f 1423/960/1625 1424/967/1625 1446/981/1625
f 1429/969/1626 1439/962/1626 1457/980/1626
f 1448/983/1627 1439/962/1628 1449/965/1629
f 1449/965/1630 1440/973/1630 1469/984/1630
f 1433/985/1631 1431/971/1631 1451/986/1631
f 1424/967/1632 1443/961/1632 1456/987/1632
f 1389/939/1599 1444/968/1601 1438/976/1613
f 1444/968/1633 1445/979/1633 1455/988/1633
f 1424/967/1634 1456/987/1634 1446/981/1634
f 1455/988/1635 1445/979/1635 1457/980/1635
f 1446/981/1636 1456/987/1636 1458/989/1636
f 1457/980/1637 1439/962/1628 1448/983/1627
f 1446/981/1638 1458/989/1638 1459/990/1638
f 1457/980/1637 1448/983/1627 1468/991/1639
f 1446/981/1640 1459/990/1640 1431/971/1640
f 1469/984/1641 1448/983/1641 1449/965/1641
f 1431/971/1642 1459/990/1642 1451/986/1642
f 1459/990/1643 1461/992/1643 1451/986/1643
f 1461/992/1644 1441/993/1644 1451/986/1644
f 1478/994/1645 1469/984/1645 1436/995/1645
f 1251/851/1646 1252/837/1552 1462/996/1647
f 1456/987/1648 1443/961/1648 1465/997/1648
f 1465/997/1649 1467/998/1649 1456/987/1649
f 1443/961/1650 1438/976/1650 1465/997/1650
f 1444/968/1651 1455/988/1651 1466/999/1651
f 1455/988/1652 1457/980/1652 1466/999/1652
f 1458/989/1653 1456/987/1653 1467/998/1653
f 1466/999/1654 1457/980/1654 1474/1000/1654
f 1474/1000/1655 1457/980/1655 1476/1001/1655
f 1457/980/1656 1468/991/1656 1476/1001/1656
f 1459/990/1657 1458/989/1657 1461/992/1657
f 1468/991/1658 1448/983/1658 1469/984/1658
f 1468/991/1659 1469/984/1659 1470/1002/1659
f 1470/1002/1660 1469/984/1660 1478/994/1660
f 1252/837/1552 1404/943/1554 1462/996/1647
f 1465/997/1661 1438/976/1661 1472/1003/1661
f 1438/976/1662 1444/968/1663 1473/1004/1664
f 1473/1004/1664 1444/968/1663 1466/999/1665
f 1473/1004/1666 1466/999/1666 1474/1000/1666
f 1465/997/1667 1472/1003/1667 1467/998/1667
f 1458/989/1668 1467/998/1668 1475/1005/1668
f 1458/989/1669 1475/1005/1669 1461/992/1669
f 1485/1006/1670 1476/1001/1670 1468/991/1670
f 1485/1006/1671 1468/991/1671 1470/1002/1671
f 1475/1005/1672 1477/1007/1672 1461/992/1672
f 1487/1008/1673 1485/1006/1673 1478/994/1673
f 1485/1006/1674 1470/1002/1674 1478/994/1674
f 1412/946/1619 1251/851/1618 1495/1009/1675
f 1251/851/1618 1462/996/1676 1495/1009/1675
f 1472/1003/1677 1438/976/1677 1473/1004/1677
f 1472/1003/1678 1473/1004/1678 1480/1010/1678
f 1467/998/1679 1472/1003/1679 1480/1010/1679
f 1475/1005/1680 1467/998/1680 1481/1011/1680
f 1467/998/1681 1480/1010/1681 1481/1011/1681
f 1473/1004/1682 1482/1012/1682 1480/1010/1682
f 1473/1004/1683 1474/1000/1683 1482/1012/1683
f 1474/1000/1684 1476/1001/1685 1482/1012/1686
f 1475/1005/1687 1481/1011/1687 1483/1013/1687
f 1481/1011/1688 1480/1010/1689 1483/1013/1690
f 1480/1010/1691 1482/1012/1692 1484/1014/1693
f 1483/1013/1690 1480/1010/1689 1484/1014/1694
f 1484/1014/1693 1482/1012/1692 1485/1006/1695
f 1482/1012/1686 1476/1001/1685 1485/1006/1696
f 1475/1005/1697 1483/1013/1697 1477/1007/1697
f 1477/1007/1698 1483/1013/1698 1471/1015/1698
f 1471/1015/1699 1483/1013/1699 1487/1008/1699
f 1483/1013/1700 1484/1014/1701 1487/1008/1702
f 1484/1014/1701 1485/1006/1703 1487/1008/1702
f 1404/943/1704 1488/1016/1704 1462/996/1704
f 1495/1009/1705 1462/996/1705 1496/1017/1705
f 1412/946/1706 1492/1018/1706 1486/1019/1706
f 1412/946/1707 1495/1009/1707 1492/1018/1707
f 1462/996/1708 1490/1020/1708 1496/1017/1708
f 1496/1017/1709 1490/1020/1709 1497/1021/1709
f 1/5/1710 3/2/1710 2/1/1710
f 3/2/1711 10/11/1711 4/10/1711
f 18/20/1712 9/9/1712 15/13/1712
f 9/9/1713 3/2/1713 1/5/1713
f 9/9/1714 10/11/1715 3/2/1716
f 27/1022/1717 23/1023/1717 21/1024/1717
f 20/1025/1718 24/1026/1718 27/1022/1718
f 24/1026/1719 23/1023/1719 27/1022/1719
f 24/1026/1720 25/1027/1720 23/1023/1720
f 27/1022/1721 26/24/1721 40/32/1721
f 20/1025/1722 27/1022/1723 42/34/1724
f 27/1022/1725 40/32/1725 42/34/1725
f 27/1022/1726 21/1024/1726 26/24/1726
f 21/1024/1727 28/25/1727 26/24/1727
f 44/1028/1728 20/1025/1722 42/34/1724
f 31/1029/1729 30/1030/1729 28/25/1729
f 21/1024/1730 31/1029/1730 28/25/1730
f 44/1028/1731 32/1031/1731 20/1025/1731
f 21/1024/1732 23/1023/1732 31/1029/1732
f 31/1029/1733 33/1032/1733 30/1030/1733
f 47/1033/1734 32/1031/1734 44/1028/1734
f 32/1031/1735 24/1026/1735 20/1025/1735
f 23/1023/1736 34/1034/1736 31/1029/1736
f 34/1034/1737 33/1032/1737 31/1029/1737
f 25/1027/1738 34/1034/1738 23/1023/1738
f 47/1033/1739 35/1035/1739 32/1031/1739
f 32/1031/1740 35/1035/1740 24/1026/1740
f 25/1027/1741 37/1036/1741 34/1034/1741
f 35/1035/1742 37/1036/1742 24/1026/1742
f 37/1036/1743 25/1027/1743 24/1026/1743
f 28/25/1744 41/37/1744 52/26/1744
f 30/1030/1745 41/37/1746 28/25/1747
f 30/1030/1745 43/1037/1748 41/37/1746
f 54/33/1749 44/1028/1749 42/34/1749
f 30/1030/1750 57/1038/1750 43/1037/1750
f 30/1030/1751 33/1032/1751 57/1038/1751
f 45/1039/1752 47/1033/1752 44/1028/1752
f 33/1032/1753 59/1040/1753 57/1038/1753
f 46/1041/1754 47/1033/1754 45/1039/1754
f 46/1041/1755 35/1035/1755 47/1033/1755
f 34/1034/1756 48/1042/1756 33/1032/1756
f 48/1042/1757 59/1040/1757 33/1032/1757
f 37/1036/1758 48/1042/1758 34/1034/1758
f 35/1035/1759 49/1043/1759 37/1036/1759
f 50/30/1760 9/9/1760 18/20/1760
f 83/1044/1761 10/11/1715 9/9/1714
f 43/1037/1762 53/39/1762 41/37/1762
f 43/1037/1763 67/47/1763 53/39/1763
f 56/1045/1764 44/1028/1764 54/33/1764
f 43/1037/1765 57/1038/1765 67/47/1765
f 44/1028/1766 56/1045/1766 45/1039/1766
f 59/1040/1767 58/1046/1767 57/1038/1767
f 60/1047/1768 46/1041/1768 45/1039/1768
f 59/1040/1769 62/1048/1769 58/1046/1769
f 61/1049/1770 35/1035/1770 46/1041/1770
f 48/1042/1771 62/1048/1771 59/1040/1771
f 63/1050/1772 49/1043/1772 35/1035/1772
f 49/1043/1773 48/1042/1773 37/1036/1773
f 87/1051/1774 54/33/1774 66/42/1774
f 87/1051/1775 56/1045/1775 54/33/1775
f 57/1038/1776 77/1052/1776 67/47/1776
f 78/1053/1777 56/1045/1777 87/1051/1777
f 58/1046/1778 77/1052/1778 57/1038/1778
f 78/1053/1779 45/1039/1779 56/1045/1779
f 58/1046/1780 68/1054/1780 77/1052/1780
f 78/1053/1781 71/1055/1781 45/1039/1781
f 71/1055/1782 60/1047/1782 45/1039/1782
f 72/1056/1783 68/1054/1783 58/1046/1783
f 62/1048/1784 72/1056/1784 58/1046/1784
f 73/1057/1785 61/1049/1785 46/1041/1785
f 73/1057/1786 46/1041/1787 60/1047/1788
f 61/1049/1789 63/1050/1789 35/1035/1789
f 49/1043/1790 62/1048/1790 48/1042/1790
f 83/1044/1791 19/19/1792 10/11/1793
f 67/47/1794 75/46/1794 53/39/1794
f 87/1051/1795 66/42/1795 76/49/1795
f 67/47/1796 77/1052/1796 85/48/1796
f 68/1054/1797 79/54/1797 77/1052/1797
f 72/1056/1798 81/1058/1798 68/1054/1798
f 71/1055/1799 73/1057/1786 60/1047/1788
f 82/1059/1800 81/1058/1800 72/1056/1800
f 62/1048/1801 82/1059/1801 72/1056/1801
f 83/1044/1761 9/9/1714 50/30/1802
f 77/1052/1803 95/53/1803 85/48/1803
f 79/54/1804 95/53/1804 77/1052/1804
f 87/1051/1805 89/1060/1805 78/1053/1805
f 68/1054/1806 96/55/1806 79/54/1806
f 98/1061/1807 78/1053/1807 89/1060/1807
f 81/1058/1808 96/55/1808 68/1054/1808
f 78/1053/1809 100/1062/1809 71/1055/1809
f 98/1061/1810 100/1062/1810 78/1053/1810
f 81/1058/1811 91/1063/1811 96/55/1811
f 100/1062/1812 73/1057/1812 71/1055/1812
f 73/1057/1813 101/1064/1813 61/1049/1813
f 49/1043/1814 92/1065/1814 62/1048/1814
f 92/1065/1815 82/1059/1815 62/1048/1815
f 85/48/1816 95/53/1816 106/58/1816
f 107/63/1817 87/1051/1817 76/49/1817
f 107/63/1818 89/1060/1818 87/1051/1818
f 96/55/1819 91/1063/1819 99/1066/1819
f 100/1062/1820 101/1064/1820 73/1057/1820
f 102/1067/1821 92/1065/1821 49/1043/1821
f 86/40/1822 83/1044/1822 50/30/1822
f 112/1068/1823 38/27/1824 19/19/1792
f 112/1068/1825 74/43/1826 38/27/1827
f 89/1060/1828 126/1069/1828 98/1061/1828
f 99/1066/1829 116/71/1830 96/55/1831
f 126/1069/1832 119/1070/1832 98/1061/1832
f 119/1070/1833 100/1062/1833 98/1061/1833
f 101/1064/1834 108/1071/1834 61/1049/1834
f 81/1058/1835 82/1059/1835 91/1063/1835
f 103/66/1836 121/70/1836 86/40/1836
f 121/70/1837 83/1044/1837 86/40/1837
f 112/1068/1823 19/19/1792 83/1044/1791
f 114/59/1838 107/63/1838 76/49/1838
f 106/58/1839 95/53/1840 113/68/1841
f 115/64/1842 89/1060/1843 107/63/1844
f 96/55/1845 116/71/115 95/53/114
f 99/1066/1829 118/73/1846 116/71/1830
f 61/1049/1847 108/1071/1847 63/1050/1847
f 63/1050/1848 102/1067/1848 49/1043/1848
f 82/1059/1849 120/1072/1850 91/1063/1851
f 91/1063/1851 120/1072/1850 99/1066/1852
f 97/56/1853 111/62/1853 80/45/1853
f 95/53/1840 123/72/1854 113/68/1841
f 115/64/1842 117/1073/1855 89/1060/1843
f 69/44/86 124/65/105 97/56/87
f 117/1073/1856 126/1069/1856 89/1060/1856
f 127/1074/1857 119/1070/1857 126/1069/1857
f 123/72/1858 122/67/1858 113/68/1858
f 129/75/1859 115/64/1859 114/59/1859
f 123/72/1860 131/86/1860 130/82/1860
f 116/71/1861 131/86/1861 123/72/1861
f 118/73/1862 132/1075/1862 141/74/1862
f 133/1076/1863 127/1074/1863 126/1069/1863
f 92/1065/1864 134/1077/1865 82/1059/1866
f 134/1077/1865 120/1072/1867 82/1059/1866
f 120/1072/1868 118/73/1868 99/1066/1868
f 120/1072/1869 132/1075/1869 118/73/1869
f 74/43/1870 136/98/1870 104/77/1870
f 129/75/1871 148/96/1871 115/64/1871
f 117/1073/1872 133/1076/1872 126/1069/1872
f 119/1070/1873 101/1064/1874 100/1062/1875
f 83/1044/1876 236/1078/1877 112/1068/1878
f 137/84/1879 135/78/1879 128/80/1879
f 122/67/1880 130/82/1881 146/94/1882
f 130/82/1881 147/1079/1883 146/94/1882
f 148/96/1884 149/1080/1884 115/64/1884
f 115/64/1885 149/1080/1885 117/1073/1885
f 149/1080/1886 133/1076/1886 117/1073/1886
f 132/1075/1887 151/1081/1887 141/74/1887
f 150/1082/1888 127/1074/1888 133/1076/1888
f 153/1083/1889 151/1081/1889 132/1075/1889
f 108/1071/1890 102/1067/1890 63/1050/1890
f 120/1072/1891 153/1083/1891 132/1075/1891
f 124/65/1892 111/62/1892 97/56/1892
f 112/1068/1825 136/98/1893 74/43/1826
f 156/1084/1894 137/84/1894 145/89/1894
f 137/84/1895 156/1084/1895 135/78/1895
f 159/1085/1896 160/1086/1896 157/119/1896
f 185/1087/1897 160/1086/1897 159/1085/1897
f 164/103/1898 147/1079/1899 130/82/1900
f 160/1086/1901 163/1088/1901 157/119/1901
f 148/96/1902 186/1089/1903 149/1080/1904
f 131/86/1905 164/103/1898 130/82/1900
f 185/1087/1906 165/1090/1906 160/1086/1906
f 165/1090/1907 166/1091/1907 160/1086/1907
f 166/1091/1908 163/1088/1908 160/1086/1908
f 141/74/156 167/1092/1909 164/103/157
f 170/1093/1910 166/1091/1910 165/1090/1910
f 141/74/1911 151/1081/1911 167/1092/1911
f 170/1093/1912 172/1094/1912 166/1091/1912
f 149/1080/1913 150/1082/1913 133/1076/1913
f 108/1071/1914 101/1064/1874 119/1070/1873
f 176/1095/1915 83/1044/1876 121/70/1916
f 138/81/1917 135/78/1917 156/1084/1917
f 198/118/1918 159/1085/1918 157/119/1918
f 198/118/1919 185/1087/1919 159/1085/1919
f 203/1096/1920 185/1087/1920 198/118/1920
f 163/1088/1921 182/122/1921 157/119/1921
f 164/103/1922 202/1097/1922 147/1079/1922
f 163/1088/1923 187/1098/1923 182/122/1923
f 186/1089/1903 189/1099/1924 149/1080/1904
f 203/1096/1925 206/1100/1926 185/1087/1927
f 206/1100/1926 165/1090/1928 185/1087/1927
f 166/1091/1929 187/1098/1929 163/1088/1929
f 206/1100/1930 170/1093/1930 165/1090/1930
f 189/1099/1931 211/1101/1931 149/1080/1931
f 212/1102/1932 170/1093/1932 206/1100/1932
f 166/1091/1933 195/1103/1933 187/1098/1933
f 212/1102/1934 172/1094/1934 170/1093/1934
f 212/1102/1935 195/1103/1935 172/1094/1935
f 172/1094/1936 195/1103/1936 166/1091/1936
f 193/1104/1937 102/1067/1937 108/1071/1937
f 134/1077/1865 153/1083/1938 120/1072/1867
f 112/1068/1939 154/99/1939 136/98/1939
f 155/90/1940 156/1084/1940 145/89/1940
f 138/81/1941 196/128/1941 178/113/1941
f 146/94/1882 147/1079/1883 197/125/1942
f 147/1079/1943 202/1097/1943 197/125/1943
f 182/122/1944 221/1105/1944 201/127/1944
f 183/97/1945 223/1106/1945 148/96/1945
f 225/1107/1946 203/1096/1946 218/126/1946
f 218/126/1947 203/1096/1947 198/118/1947
f 223/1106/1948 186/1089/1948 148/96/1948
f 204/1108/1949 203/1096/1949 225/1107/1949
f 187/1098/1950 205/141/1951 182/122/1952
f 204/1108/1953 206/1100/1953 203/1096/1953
f 167/1092/1954 207/1109/1954 164/103/1954
f 228/1110/1955 206/1100/1955 204/1108/1955
f 187/1098/1956 209/1111/1956 205/141/1956
f 228/1110/1957 210/1112/1957 206/1100/1957
f 210/1112/1958 212/1102/1958 206/1100/1958
f 195/1103/1959 213/1113/1960 187/1098/1961
f 187/1098/1961 213/1113/1960 209/1111/1962
f 211/1101/1963 150/1082/1963 149/1080/1963
f 151/1081/1964 207/1109/1964 167/1092/1964
f 150/1082/1965 278/1114/1965 127/1074/1965
f 102/1067/1966 193/1104/1967 92/1065/1968
f 193/1104/1967 194/1115/1969 92/1065/1968
f 214/1116/1970 195/1103/1970 212/1102/1970
f 202/1097/1971 237/146/1971 197/125/1971
f 238/148/1972 225/1107/1972 218/126/1972
f 219/130/1973 223/1106/1973 183/97/1973
f 202/1097/1974 220/1117/1974 237/146/1974
f 224/1118/1975 225/1107/1975 238/148/1975
f 224/1118/1976 204/1108/1976 225/1107/1976
f 202/1097/1977 245/1119/1977 220/1117/1977
f 246/1120/1978 204/1108/1978 224/1118/1978
f 164/103/1979 245/1119/1979 202/1097/1979
f 182/122/1952 205/141/1951 221/1105/1980
f 249/1121/1981 204/1108/1982 246/1120/1983
f 204/1108/1982 249/1121/1981 228/1110/1984
f 209/1111/1985 226/1122/1985 205/141/1985
f 164/103/1986 248/1123/1986 245/1119/1986
f 207/1109/1987 248/1123/1987 164/103/1987
f 249/1121/1988 229/1124/1988 228/1110/1988
f 207/1109/1989 230/1125/1989 248/1123/1989
f 231/1126/1990 228/1110/1990 229/1124/1990
f 209/1111/1962 213/1113/1960 226/1122/1991
f 207/1109/1992 233/1127/1992 230/1125/1992
f 231/1126/1993 210/1112/1993 228/1110/1993
f 251/1128/1994 278/1114/1994 150/1082/1994
f 127/1074/1995 327/1129/1995 119/1070/1995
f 119/1070/1996 327/1129/1996 108/1071/1996
f 327/1129/1997 232/1130/1998 108/1071/1999
f 232/1130/2000 193/1104/2000 108/1071/2000
f 194/1115/2001 134/1077/2001 92/1065/2001
f 153/1083/2002 207/1109/2002 151/1081/2002
f 214/1116/2003 213/1113/2003 195/1103/2003
f 215/151/2004 121/70/2004 144/102/2004
f 235/1131/2005 176/1095/2005 121/70/2005
f 176/1095/1915 236/1078/1877 83/1044/1876
f 156/1084/2006 196/128/2007 138/81/2008
f 221/1105/2009 240/138/2009 201/127/2009
f 220/1117/2010 242/1132/2010 237/146/2010
f 242/1132/2011 224/1118/2011 238/148/2011
f 219/130/2012 186/1089/2012 223/1106/2012
f 220/1117/2013 243/1133/2013 242/1132/2013
f 245/1119/2014 243/1133/2014 220/1117/2014
f 243/1133/2015 246/1120/2015 242/1132/2015
f 246/1120/2016 224/1118/2016 242/1132/2016
f 248/1123/2017 243/1133/2017 245/1119/2017
f 247/1134/2018 249/1121/2018 243/1133/2018
f 249/1121/2019 246/1120/2019 243/1133/2019
f 205/141/2020 244/140/2020 221/1105/2020
f 248/1123/2021 247/1134/2021 243/1133/2021
f 230/1125/2022 247/1134/2022 248/1123/2022
f 247/1134/2023 229/1124/2023 249/1121/2023
f 189/1099/2024 251/1128/2024 211/1101/2024
f 252/1135/2025 231/1126/2025 229/1124/2025
f 213/1113/2026 253/1136/2026 226/1122/2026
f 251/1128/2027 150/1082/2027 211/1101/2027
f 252/1135/2028 255/1137/2028 231/1126/2028
f 153/1083/2029 254/1138/2029 207/1109/2029
f 254/1138/2030 233/1127/2030 207/1109/2030
f 231/1126/2031 255/1137/2031 210/1112/2031
f 210/1112/2032 255/1137/2032 212/1102/2032
f 236/1078/2033 257/186/2034 112/1068/2035
f 237/146/2036 242/1132/2036 259/147/2036
f 242/1132/2037 238/148/2037 259/147/2037
f 221/1105/2038 260/163/2038 240/138/2038
f 219/130/2039 261/159/2039 186/1089/2039
f 226/1122/2040 263/142/2040 205/141/2040
f 247/1134/2041 252/1135/2041 229/1124/2041
f 253/1136/2042 264/155/2042 226/1122/2042
f 233/1127/2043 247/1134/2043 230/1125/2043
f 233/1127/2044 252/1135/2044 247/1134/2044
f 278/1114/2045 327/1129/2045 127/1074/2045
f 134/1077/2046 254/1138/2046 153/1083/2046
f 272/1139/2047 255/1137/2047 252/1135/2047
f 214/1116/2048 253/1136/2048 213/1113/2048
f 305/1140/2049 155/90/2050 177/111/2051
f 260/163/2052 269/153/2052 240/138/2052
f 265/1141/2053 262/139/2053 196/128/2053
f 261/159/2054 270/161/2054 186/1089/2054
f 221/1105/2055 244/140/2055 260/163/2055
f 270/161/2056 271/1142/2056 186/1089/2056
f 186/1089/2057 271/1142/2057 189/1099/2057
f 262/139/2058 234/145/2058 227/131/2058
f 226/1122/2059 264/155/2059 263/142/2059
f 271/1142/2060 251/1128/2060 189/1099/2060
f 254/1138/2061 272/1139/2061 233/1127/2061
f 272/1139/2062 252/1135/2062 233/1127/2062
f 212/1102/2063 281/1143/2064 214/1116/2065
f 214/1116/2066 273/1144/2067 253/1136/2068
f 273/1144/2067 264/155/2069 253/1136/2068
f 234/145/2070 208/116/2070 227/131/2070
f 154/99/2071 305/1140/2071 177/111/2071
f 305/1140/2049 156/1084/2006 155/90/2050
f 244/140/227 263/142/229 260/163/2072
f 270/161/2073 277/1145/2073 271/1142/2073
f 278/1114/2074 251/1128/2074 271/1142/2074
f 280/1146/2075 327/1129/2075 278/1114/2075
f 255/1137/2076 281/1143/2064 212/1102/2063
f 281/1143/2077 273/1144/2078 214/1116/2079
f 304/165/2080 121/70/2081 215/151/2082
f 176/1095/2083 284/183/2083 236/1078/2083
f 296/173/2084 277/1145/2084 270/161/2084
f 289/1147/2085 193/1104/2086 232/1130/2087
f 304/165/2080 235/1131/2088 121/70/2081
f 283/182/2089 284/183/2089 176/1095/2089
f 290/1148/2090 262/139/2090 265/1141/2090
f 290/1148/2091 297/1149/2091 262/139/2091
f 296/173/2092 298/1150/2092 277/1145/2092
f 297/1149/2093 299/193/2094 262/139/2095
f 298/1150/2096 300/1151/2096 277/1145/2096
f 277/1145/2097 300/1151/2097 271/1142/2097
f 262/139/2095 299/193/2094 234/145/2098
f 300/1151/2099 278/1114/2099 271/1142/2099
f 327/1129/1997 289/1147/2100 232/1130/1998
f 273/1144/2101 301/1152/2101 264/155/2101
f 301/1152/2102 279/156/2102 264/155/2102
f 316/1153/2103 112/1068/2035 257/186/2034
f 156/1084/2006 265/1141/2104 196/128/2007
f 323/1154/2105 298/1150/2105 296/173/2105
f 314/184/2106 257/186/2106 236/1078/2106
f 317/1155/2107 156/1084/2006 305/1140/2049
f 286/160/2108 375/221/2108 296/173/2108
f 290/1148/2109 322/1156/2109 297/1149/2109
f 322/1156/2110 299/193/2110 297/1149/2110
f 300/1151/2111 343/1157/2111 278/1114/2111
f 326/1158/2112 280/1146/2113 278/1114/2114
f 345/1159/2115 272/1139/2116 254/1138/2117
f 255/1137/2076 329/1160/2118 281/1143/2064
f 301/1152/2119 310/175/2119 279/156/2119
f 311/178/2120 331/1161/2120 312/179/2120
f 313/181/2121 311/178/2121 303/180/2121
f 331/1161/2122 284/183/2122 312/179/2122
f 284/183/2123 314/184/2123 236/1078/2123
f 154/99/2124 348/1162/2124 305/1140/2124
f 156/1084/2006 333/1163/2125 265/1141/2104
f 265/1141/2126 334/1164/2126 290/1148/2126
f 339/198/2127 324/197/2127 325/200/2127
f 322/1156/2128 357/256/2128 299/193/2128
f 193/1104/2129 328/1165/2130 194/1115/2131
f 328/1165/2132 134/1077/2132 194/1115/2132
f 134/1077/2133 345/1159/2115 254/1138/2117
f 272/1139/2134 329/1160/2135 255/1137/2136
f 301/1152/2137 346/202/2137 310/175/2137
f 370/1166/2138 284/183/2138 331/1161/2138
f 332/1167/2139 314/184/2139 284/183/2139
f 316/1153/2103 348/1162/2140 112/1068/2035
f 348/1162/2140 154/99/2141 112/1068/2035
f 373/1168/2142 316/1153/2143 257/186/2144
f 334/1164/2145 322/1156/2145 290/1148/2145
f 375/221/2146 365/1169/2146 296/173/2146
f 365/1169/2147 323/1154/2147 296/173/2147
f 335/206/2148 355/210/2148 336/209/2148
f 337/195/2149 353/214/2149 338/196/2149
f 338/196/2150 340/199/2150 324/197/2150
f 298/1150/2151 358/1170/2151 300/1151/2151
f 358/1170/2152 342/1171/2152 300/1151/2152
f 342/1171/2153 343/1157/2153 300/1151/2153
f 360/1172/2154 278/1114/2154 343/1157/2154
f 361/1173/2155 331/1161/2155 311/178/2155
f 313/181/2156 361/1173/2156 311/178/2156
f 370/1166/2157 332/1167/2157 284/183/2157
f 332/1167/2158 315/185/2158 314/184/2158
f 372/1174/2159 257/186/2159 315/185/2159
f 348/1162/2160 409/1175/2160 305/1140/2160
f 317/1155/2107 333/1163/2125 156/1084/2006
f 333/1163/2161 334/1164/2161 265/1141/2161
f 351/205/2162 366/1176/2162 352/207/2162
f 352/207/2163 355/210/2163 335/206/2163
f 365/1169/2164 358/1170/2165 323/1154/2166
f 323/1154/2166 358/1170/2165 298/1150/2167
f 360/1172/2168 326/1158/2169 278/1114/2170
f 372/1174/2171 315/185/2172 332/1167/2171
f 347/1177/2173 283/182/2173 176/1095/2173
f 372/1174/2174 373/1168/2174 257/186/2174
f 375/221/2175 384/230/2175 365/1169/2175
f 366/1176/2176 378/1178/2176 352/207/2176
f 352/207/2177 379/277/2177 355/210/2177
f 289/1147/2085 344/1179/2178 193/1104/2086
f 193/1104/2129 380/1180/2179 328/1165/2130
f 329/1160/2180 405/1181/2181 281/1143/2077
f 405/1181/2181 273/1144/2078 281/1143/2077
f 273/1144/2182 405/1181/2182 301/1152/2182
f 361/1173/2183 370/1166/2183 331/1161/2183
f 374/1182/2184 322/1156/2184 334/1164/2184
f 385/1183/2185 366/1176/2185 351/205/2185
f 378/1178/2186 379/277/2186 352/207/2186
f 338/196/2187 389/1184/2187 340/199/2187
f 405/1181/2188 346/202/2188 301/1152/2188
f 391/235/2189 361/1173/2189 313/181/2189
f 384/230/2190 416/275/2190 365/1169/2190
f 396/246/2191 385/1183/2191 351/205/2191
f 396/246/2192 351/205/2192 350/204/2192
f 385/1183/2193 378/1178/2193 366/1176/2193
f 379/277/2194 397/238/2194 355/210/2194
f 419/1185/2195 389/1184/2195 338/196/2195
f 419/1185/2196 338/196/2196 353/214/2196
f 438/247/2197 387/233/2197 369/217/2197
f 389/1184/2198 439/224/2198 340/199/2198
f 374/1182/2199 381/1186/2199 322/1156/2199
f 381/1186/2200 357/256/2200 322/1156/2200
f 403/1187/2201 343/1157/2201 342/1171/2201
f 464/1188/2202 404/1189/2202 134/1077/2202
f 345/1159/2203 426/1190/2203 272/1139/2203
f 406/1191/2204 407/1192/2204 361/1173/2204
f 361/1173/2205 407/1192/2205 370/1166/2205
f 370/1166/2206 466/369/2207 332/1167/2208
f 408/1193/2209 372/1174/2171 332/1167/2171
f 416/275/2210 417/1194/2210 365/1169/2210
f 378/1178/2211 437/278/2211 379/277/2211
f 417/1194/2212 420/1195/2213 358/1170/2214
f 417/1194/2212 358/1170/2214 365/1169/2215
f 418/331/2216 419/1185/2216 353/214/2216
f 418/331/2217 353/214/2218 367/215/2219
f 459/265/2220 367/215/2220 387/233/2220
f 358/1170/2221 420/1195/2221 342/1171/2221
f 403/1187/2222 360/1172/2222 343/1157/2222
f 280/1146/2223 424/1196/2223 327/1129/2223
f 193/1104/2224 344/1179/2225 380/1180/2226
f 404/1189/2227 345/1159/2228 134/1077/2229
f 272/1139/2134 426/1190/2230 329/1160/2135
f 304/165/2080 429/1197/2231 235/1131/2088
f 347/1177/2232 382/226/2232 283/182/2232
f 541/1198/2233 316/1153/2143 373/1168/2142
f 431/1199/2234 305/1140/2234 409/1175/2234
f 413/243/2235 416/275/2235 384/230/2235
f 436/274/2236 417/1194/2236 416/275/2236
f 436/274/2237 420/1195/2237 417/1194/2237
f 475/1200/2238 418/331/2217 367/215/2219
f 459/265/2239 475/1200/2239 367/215/2239
f 440/249/2240 441/267/2240 401/250/2240
f 444/1201/2241 420/1195/2241 436/274/2241
f 443/268/2242 422/253/2242 401/250/2242
f 420/1195/2243 448/1202/2243 342/1171/2243
f 444/1201/2244 448/1202/2244 420/1195/2244
f 448/1202/2245 403/1187/2245 342/1171/2245
f 326/1158/2112 424/1196/2246 280/1146/2113
f 328/1165/2247 464/1188/2248 134/1077/2249
f 405/1181/2250 427/1203/2250 346/202/2250
f 381/1186/2251 496/257/2251 357/256/2251
f 466/369/2252 408/1193/2252 332/1167/2252
f 392/236/2253 429/1197/2253 304/165/2253
f 498/1204/2254 334/1164/2254 333/1163/2254
f 498/1204/2255 374/1182/2255 334/1164/2255
f 316/1153/2103 820/1205/2256 348/1162/2140
f 431/1199/2257 409/1175/2258 430/1206/2259
f 455/309/2260 378/1178/2260 385/1183/2260
f 454/1207/2261 456/1208/2262 436/274/2263
f 389/1184/2264 530/332/2264 439/224/2264
f 476/287/2265 460/299/2265 440/249/2265
f 460/299/2266 461/1209/2267 440/249/2268
f 440/249/2268 461/1209/2267 441/267/2269
f 461/1209/2270 443/268/2270 441/267/2270
f 436/274/2263 456/1208/2262 444/1201/2271
f 443/268/2272 463/1210/2272 422/253/2272
f 425/1211/2273 464/1188/2248 328/1165/2247
f 427/1203/2274 359/212/2274 346/202/2274
f 372/1174/2275 541/1198/2275 373/1168/2275
f 467/301/2276 430/1206/2259 409/1175/2258
f 431/1199/2277 468/1212/2277 305/1140/2277
f 468/1212/2278 317/1155/2278 305/1140/2278
f 470/284/2279 451/272/2279 431/1199/2279
f 470/284/2280 431/1199/2280 430/1206/2280
f 451/272/2281 487/302/2281 468/1212/2281
f 451/272/2282 468/1212/2282 431/1199/2282
f 451/272/2283 415/245/2283 487/302/2283
f 471/307/2284 385/1183/2284 396/246/2284
f 471/307/2285 455/309/2285 385/1183/2285
f 455/309/2286 437/278/2286 378/1178/2286
f 472/315/2287 473/285/2287 437/278/2287
f 419/1185/2288 530/332/2288 389/1184/2288
f 530/332/2289 492/266/2289 439/224/2289
f 463/1210/2290 481/1213/2290 422/253/2290
f 481/1213/2291 447/270/2291 422/253/2291
f 424/1196/2292 289/1147/2100 327/1129/1997
f 427/1203/2293 423/255/2293 359/212/2293
f 407/1192/2294 696/370/2294 370/1166/2294
f 779/290/2295 391/235/2295 428/258/2295
f 696/370/2296 466/369/2207 370/1166/2206
f 408/1193/2297 497/1214/2297 372/1174/2297
f 497/1214/2298 541/1198/2298 372/1174/2298
f 820/1205/2299 409/1175/2300 348/1162/2301
f 486/1215/2302 467/301/2302 409/1175/2302
f 467/301/2303 470/284/2303 430/1206/2303
f 435/263/2304 470/284/2304 467/301/2304
f 455/309/2305 472/315/2305 437/278/2305
f 530/332/2306 419/1185/2306 418/331/2306
f 506/297/2307 475/1200/2307 459/265/2307
f 461/1209/2308 513/338/2308 463/1210/2308
f 461/1209/2309 463/1210/2309 443/268/2309
f 513/338/2310 481/1213/2310 463/1210/2310
f 481/1213/2311 515/323/2311 447/270/2311
f 482/1216/2312 344/1179/2178 289/1147/2085
f 380/1180/2313 425/1211/2313 328/1165/2313
f 519/472/2314 333/1163/2314 317/1155/2314
f 487/302/2315 500/303/2315 468/1212/2315
f 500/303/2316 499/347/2316 468/1212/2316
f 499/347/2317 317/1155/2317 468/1212/2317
f 415/245/2318 453/273/2318 500/303/2318
f 472/315/2319 505/314/2319 473/285/2319
f 506/297/2320 418/331/2320 475/1200/2320
f 490/298/2321 511/363/2321 460/299/2321
f 511/363/2322 461/1209/2322 460/299/2322
f 511/363/2323 494/362/2323 461/1209/2323
f 462/281/2324 495/320/2324 493/280/2324
f 512/340/2325 481/1213/2325 513/338/2325
f 481/1213/2326 583/366/2326 515/323/2326
f 480/282/2327 515/323/2327 514/321/2327
f 557/415/2328 496/257/2328 381/1186/2328
f 424/1196/2329 585/1217/2329 289/1147/2329
f 427/1203/2330 517/341/2330 423/255/2330
f 391/235/2331 406/1191/2331 361/1173/2331
f 518/346/2332 497/1214/2332 408/1193/2332
f 499/347/2333 520/399/2333 317/1155/2333
f 469/283/2334 467/301/2334 486/1215/2334
f 500/303/2335 453/273/2335 499/347/2335
f 547/306/2336 524/327/2336 455/309/2336
f 507/318/2337 508/333/2337 490/298/2337
f 555/360/2338 532/316/2338 509/319/2338
f 534/337/2339 492/266/2339 530/332/2339
f 508/333/2340 511/363/2340 490/298/2340
f 494/362/2341 535/339/2341 461/1209/2341
f 374/1182/2342 557/415/2343 381/1186/2344
f 461/1209/2345 535/339/2345 513/338/2345
f 585/1217/2346 482/1216/2347 289/1147/2348
f 404/1189/2227 483/1218/2349 345/1159/2228
f 518/346/2350 559/345/2350 497/1214/2350
f 559/345/2351 541/1198/2351 497/1214/2351
f 347/1177/2352 485/292/2352 382/226/2352
f 408/1193/2353 466/369/2353 518/346/2353
f 542/1219/2354 176/1095/2355 235/1131/2356
f 563/1220/2357 486/1215/2357 409/1175/2357
f 520/399/2358 519/472/2358 317/1155/2358
f 499/347/2359 543/348/2359 520/399/2359
f 549/357/2360 454/1207/2360 436/274/2360
f 550/405/2361 374/1182/2361 498/1204/2361
f 524/327/2362 551/355/2362 525/329/2362
f 527/313/2363 553/410/2363 503/311/2363
f 528/330/2364 529/334/2364 504/312/2364
f 605/1221/2365 456/1208/2366 454/1207/2367
f 529/334/2368 511/363/2368 508/333/2368
f 535/339/2369 583/366/2369 481/1213/2369
f 535/339/2370 481/1213/2370 512/340/2370
f 329/1160/2371 536/1222/2372 405/1181/2373
f 561/455/2374 518/346/2374 466/369/2374
f 333/1163/2375 562/389/2375 498/1204/2375
f 176/1095/2376 542/1219/2376 347/1177/2376
f 486/1215/2377 564/373/2377 469/283/2377
f 566/372/2378 567/353/2378 547/306/2378
f 562/389/2379 550/405/2379 498/1204/2379
f 567/353/2380 568/429/2380 524/327/2380
f 568/429/2381 569/354/2381 524/327/2381
f 551/355/2382 573/1223/2382 525/329/2382
f 573/1223/2383 575/1224/2383 527/313/2383
f 573/1223/2384 527/313/2384 525/329/2384
f 575/1224/2385 553/410/2385 527/313/2385
f 503/311/2386 576/1225/2386 528/330/2386
f 528/330/2387 577/444/2387 529/334/2387
f 577/444/2388 613/1226/2388 529/334/2388
f 550/405/2389 557/415/2343 374/1182/2342
f 494/362/2390 581/382/2390 535/339/2390
f 514/321/2391 582/386/2391 580/385/2391
f 582/386/2392 583/366/2392 535/339/2392
f 456/1208/2393 584/1227/2393 444/1201/2393
f 584/1227/2394 448/1202/2394 444/1201/2394
f 588/532/2395 561/455/2395 559/345/2395
f 559/345/2396 561/455/2396 541/1198/2396
f 519/472/2397 592/390/2397 333/1163/2397
f 333/1163/2398 592/390/2398 562/389/2398
f 563/1220/2399 564/373/2399 486/1215/2399
f 594/473/2400 519/472/2400 520/399/2400
f 597/400/2401 594/473/2401 520/399/2401
f 568/429/2402 602/431/2402 569/354/2402
f 604/407/2403 548/356/2403 570/375/2403
f 549/357/2404 605/1221/2404 454/1207/2405
f 604/407/2406 573/1223/2406 551/355/2406
f 573/1223/2407 652/1228/2407 575/1224/2407
f 610/411/2408 576/1225/2408 503/311/2408
f 656/1229/2409 612/442/2409 553/410/2409
f 656/1229/2410 553/410/2410 575/1224/2410
f 576/1225/2411 577/444/2411 528/330/2411
f 577/444/2412 576/1225/2412 611/445/2412
f 613/1226/2413 554/361/2413 529/334/2413
f 615/364/2414 663/448/2414 556/365/2414
f 582/386/2415 581/382/2415 620/416/2415
f 605/1221/2365 776/1230/2416 456/1208/2366
f 776/1230/2417 584/1227/2418 456/1208/2419
f 360/1172/2168 668/1231/2420 326/1158/2169
f 380/1180/2421 669/1232/2421 425/1211/2421
f 623/1233/2422 517/341/2422 427/1203/2422
f 557/415/2423 624/418/2423 496/257/2423
f 560/371/2425 634/1235/2425 466/369/2425
f 235/1131/2356 429/1197/2426 542/1219/2354
f 409/1175/2427 637/1236/2427 563/1220/2427
f 636/427/2428 566/372/2428 596/398/2428
f 563/1220/2429 522/326/2429 564/373/2429
f 546/351/2430 572/374/2430 642/457/2430
f 566/372/2431 643/1237/2431 567/353/2431
f 644/430/2432 602/431/2432 568/429/2432
f 645/432/654 570/375/2433 569/354/652
f 650/1238/2434 645/432/2434 602/431/2434
f 570/375/2435 645/432/2435 604/407/2435
f 645/432/2436 650/1238/2436 604/407/2436
f 604/407/2437 652/1228/2437 573/1223/2437
f 650/1238/2438 652/1228/2438 604/407/2438
f 610/411/2439 611/445/2439 576/1225/2439
f 656/1229/2440 575/1224/2440 652/1228/2440
f 612/442/2441 611/445/2441 610/411/2441
f 612/442/2442 613/1226/2442 577/444/2442
f 618/383/2443 663/448/2443 660/466/2443
f 618/383/2444 660/466/2444 659/446/2444
f 660/466/2445 663/448/2445 615/364/2445
f 668/1231/2446 424/1196/2446 326/1158/2446
f 668/1231/2447 585/1217/2447 424/1196/2447
f 406/1191/2448 839/1239/2448 407/1192/2448
f 540/344/2449 797/531/2449 538/342/2449
f 539/343/2450 672/1240/2450 559/345/2450
f 672/1240/2451 588/532/2451 559/345/2451
f 561/455/2457 588/532/2457 675/454/2457
f 676/459/2462 392/236/2462 449/358/2462
f 542/1219/2463 485/292/2463 347/1177/2463
f 677/1244/2464 634/1235/2464 560/371/2464
f 634/1235/2465 678/1245/2465 466/369/2465
f 678/1245/2466 561/455/2466 466/369/2466
f 541/1198/2469 681/1246/2469 316/1153/2469
f 681/1246/2470 820/1205/2256 316/1153/2103
f 563/1220/2471 641/428/2471 522/326/2471
f 699/1247/2472 643/1237/2472 566/372/2472
f 647/436/2473 684/1248/2473 642/457/2473
f 643/1237/2474 644/430/2474 567/353/2474
f 643/1237/2475 686/1249/2475 644/430/2475
f 644/430/2476 650/1238/2476 602/431/2476
f 686/1249/2477 650/1238/2477 644/430/2477
f 647/436/2478 687/464/2478 684/1248/2478
f 656/1229/2479 613/1226/2479 612/442/2479
f 613/1226/2480 661/1250/2480 554/361/2480
f 579/381/2481 691/467/2481 687/464/2481
f 657/443/2482 692/465/2482 664/447/2482
f 692/465/2483 738/1251/2483 664/447/2483
f 426/1190/2230 536/1222/2484 329/1160/2135
f 624/418/2485 714/482/2485 496/257/2485
f 391/235/2486 694/1252/2486 406/1191/2486
f 742/469/2487 797/531/2487 540/344/2487
f 696/370/2488 677/1244/2488 560/371/2488
f 561/455/2490 681/1246/2490 541/1198/2490
f 698/1253/2491 636/427/2491 635/426/2491
f 637/1236/2492 409/1175/2300 820/1205/2299
f 636/427/2493 699/1247/2493 566/372/2493
f 753/514/2494 641/428/2494 563/1220/2494
f 684/1248/2495 729/502/2495 642/457/2495
f 699/1247/2496 686/1249/2496 643/1237/2496
f 684/1248/2497 703/504/2497 729/502/2497
f 687/464/2498 707/1254/2498 684/1248/2498
f 707/1254/2499 703/504/2499 684/1248/2499
f 687/464/2500 708/543/2500 707/1254/2500
f 687/464/2501 709/481/2501 708/543/2501
f 661/1250/2502 616/413/2502 554/361/2502
f 710/1255/2503 666/450/2503 616/413/2503
f 664/447/2504 711/1256/2504 667/452/2504
f 712/1257/2505 360/1172/2505 403/1187/2505
f 483/1218/2506 426/1190/2507 345/1159/2508
f 405/1181/2509 623/1233/2509 427/1203/2509
f 715/483/2510 672/1240/2510 539/343/2510
f 676/459/2518 429/1197/2518 392/236/2518
f 542/1219/2519 695/470/2519 485/292/2519
f 717/534/2520 698/1253/2520 635/426/2520
f 721/1261/2521 722/1262/2521 718/491/2521
f 718/491/2522 722/1262/2523 719/492/2524
f 719/492/2524 722/1262/2523 720/496/2525
f 722/1262/2526 723/498/2526 720/496/2526
f 698/1253/2527 699/1247/2527 636/427/2527
f 721/1261/2528 726/1263/2528 722/1262/2528
f 726/1263/2529 727/1264/2530 722/1262/2531
f 727/1264/2530 728/1265/2532 722/1262/2531
f 722/1262/2533 728/1265/2533 723/498/2533
f 642/457/2534 729/502/2534 725/500/2534
f 721/1261/2535 731/1266/2535 726/1263/2535
f 731/1266/2536 732/1267/2536 726/1263/2536
f 726/1263/2537 732/1267/2538 727/1264/2539
f 732/1267/2538 733/501/2540 727/1264/2539
f 727/1264/2541 733/501/2541 728/1265/2541
f 728/1265/2542 733/501/2542 723/498/2542
f 729/502/2543 703/504/2543 730/503/2543
f 686/1249/2544 735/1268/2545 650/1238/2546
f 650/1238/2546 735/1268/2545 652/1228/2547
f 652/1228/2548 735/1268/2548 656/1229/2548
f 482/1216/2549 380/1180/2226 344/1179/2225
f 901/1269/2550 536/1222/2484 426/1190/2230
f 536/1222/2372 693/1270/2551 405/1181/2373
f 693/1270/2552 623/1233/2552 405/1181/2553
f 694/1252/2554 839/1239/2554 406/1191/2554
f 779/290/2555 694/1252/2555 391/235/2555
f 674/1260/2557 635/426/2557 632/425/2557
f 637/1236/2558 744/1271/2558 563/1220/2558
f 718/491/2559 749/1272/2559 721/1261/2559
f 744/1271/2560 753/514/2560 563/1220/2560
f 749/1272/2561 731/1266/2561 721/1261/2561
f 646/433/2562 549/357/2562 413/243/2562
f 731/1266/2563 754/1273/2563 732/1267/2563
f 754/1273/2564 755/1274/2565 732/1267/2566
f 755/1274/2565 756/1275/2567 732/1267/2566
f 732/1267/2568 756/1275/2568 733/501/2568
f 756/1275/2569 757/1276/2569 733/501/2569
f 699/1247/2570 770/1277/2570 686/1249/2570
f 708/543/2571 703/504/2571 707/1254/2571
f 654/440/2572 761/554/2572 658/441/2572
f 735/1268/2573 613/1226/2573 656/1229/2573
f 658/441/2574 738/1251/2574 692/465/2574
f 661/1250/2575 762/1278/2575 616/413/2575
f 710/1255/2576 763/510/2576 666/450/2576
f 448/1202/2577 712/1257/2577 403/1187/2577
f 712/1257/2578 668/1231/2578 360/1172/2578
f 713/1279/2579 482/1216/2347 585/1217/2346
f 623/1233/2580 778/468/2580 517/341/2580
f 749/1272/2584 772/1281/2584 731/1266/2584
f 698/1253/2585 770/1277/2585 699/1247/2585
f 731/1266/2586 772/1281/2586 754/1273/2586
f 755/1274/2587 773/1282/2588 756/1275/2589
f 770/1277/2590 735/1268/2590 686/1249/2590
f 775/1283/2591 776/1230/2591 605/1221/2591
f 708/543/2592 760/506/2592 703/504/2592
f 761/554/2593 738/1251/2593 658/441/2593
f 762/1278/2594 710/1255/2594 616/413/2594
f 836/1284/2595 664/447/2595 738/1251/2595
f 772/1281/2598 829/1285/2598 754/1273/2598
f 754/1273/2599 829/1285/2600 755/1274/2587
f 756/1275/2601 786/1286/2601 757/1276/2601
f 757/1276/2602 878/526/2602 733/501/2602
f 613/1226/2603 735/1268/2603 661/1250/2603
f 836/1284/2604 793/1287/2604 664/447/2604
f 793/1287/2605 711/1256/2605 664/447/2605
f 795/558/2606 714/482/2606 624/418/2606
f 796/559/2607 694/1252/2607 779/290/2607
f 407/1192/2608 798/1288/2608 696/370/2608
f 765/512/2609 797/531/2609 742/469/2609
f 672/1240/2610 800/533/2610 588/532/2610
f 717/534/2611 802/1289/2611 698/1253/2611
f 818/614/2612 681/1246/2612 561/455/2612
f 781/1290/2613 678/1245/2613 634/1235/2613
f 804/536/2614 749/1272/2614 718/491/2614
f 823/1291/2615 772/1281/2615 749/1272/2615
f 786/1286/2616 878/526/2616 757/1276/2616
f 791/529/2617 760/506/2617 708/543/2617
f 831/1292/2618 661/1250/2618 735/1268/2618
f 584/1227/2619 712/1257/2619 448/1202/2619
f 713/1279/2620 900/1293/2621 482/1216/2622
f 482/1216/2549 669/1232/2623 380/1180/2226
f 623/1233/2624 809/595/2624 778/468/2624
f 711/1256/2625 810/611/2625 667/452/2625
f 795/558/2626 811/545/2626 714/482/2626
f 839/1239/2627 929/1294/2627 407/1192/2627
f 542/1219/2634 817/597/2634 695/470/2634
f 817/597/2635 815/561/2635 695/470/2635
f 677/1244/2636 781/1290/2636 634/1235/2636
f 678/1245/2637 818/614/2637 561/455/2637
f 964/1300/2639 820/1205/2256 681/1246/2470
f 804/536/2640 823/1291/2640 749/1272/2640
f 829/1285/2600 773/1282/2588 755/1274/2587
f 773/1282/2641 786/1286/2641 756/1275/2641
f 770/1277/2642 831/1292/2642 735/1268/2642
f 791/529/2643 832/553/2643 760/506/2643
f 761/554/2644 836/1284/2644 738/1251/2644
f 762/1278/2645 837/1301/2645 710/1255/2645
f 837/1301/2646 794/594/2646 710/1255/2646
f 710/1255/2647 794/594/2647 763/510/2647
f 793/1287/2648 810/611/2648 711/1256/2648
f 929/1294/2649 798/1288/2649 407/1192/2649
f 766/1280/2652 842/1303/2652 674/1260/2652
f 842/1303/2657 635/426/2657 674/1260/2657
f 842/1303/2658 801/535/2658 635/426/2658
f 781/1290/2659 818/614/2659 678/1245/2659
f 637/1236/2660 845/1304/2660 744/1271/2660
f 744/1271/2661 845/1304/2662 753/514/2663
f 802/1289/2664 846/615/2664 698/1253/2664
f 845/1304/2662 827/569/2665 753/514/2663
f 823/1291/2666 855/586/2666 772/1281/2666
f 846/615/2667 770/1277/2667 698/1253/2667
f 646/433/2668 856/1305/2668 549/357/2668
f 855/586/2669 829/1285/2669 772/1281/2669
f 856/1305/2670 605/1221/2404 549/357/2404
f 859/572/2671 832/553/2671 791/529/2671
f 831/1292/2672 860/1306/2672 661/1250/2672
f 834/644/2673 836/1284/2673 761/554/2673
f 886/1307/2674 837/1301/2674 762/1278/2674
f 836/1284/2675 887/653/2675 793/1287/2675
f 838/557/2676 764/511/2676 778/468/2676
f 863/1308/2677 668/1231/2677 712/1257/2677
f 863/1308/2678 585/1217/2679 668/1231/2680
f 693/1270/2552 1011/1309/2681 623/1233/2552
f 715/483/2682 800/533/2682 672/1240/2682
f 801/535/2685 802/1289/2685 717/534/2685
f 817/597/2686 841/562/2686 815/561/2686
f 844/1312/2690 845/1304/2690 637/1236/2690
f 804/536/2691 855/586/2691 823/1291/2691
f 872/603/2692 854/606/2692 853/604/2692
f 855/586/2693 877/587/2693 829/1285/2693
f 829/1285/2694 877/587/2695 773/1282/2696
f 877/587/2695 878/526/2697 773/1282/2696
f 773/1282/2698 878/526/2698 786/1286/2698
f 894/625/2699 831/1292/2699 770/1277/2699
f 896/591/2700 832/553/2700 859/572/2700
f 833/555/2701 834/644/2701 761/554/2701
f 886/1307/2702 762/1278/2702 661/1250/2702
f 863/1308/2678 713/1279/2703 585/1217/2679
f 891/605/2705 854/606/2705 872/603/2705
f 892/619/2706 770/1277/2706 846/615/2706
f 856/1305/2707 895/1313/2707 605/1221/2707
f 605/1221/2708 895/1313/2708 775/1283/2708
f 892/619/2709 894/625/2709 770/1277/2709
f 893/607/2710 859/572/2710 835/556/2710
f 897/696/2711 661/1250/2711 860/1306/2711
f 897/696/2712 886/1307/2712 661/1250/2712
f 584/1227/2713 899/1314/2713 712/1257/2713
f 712/1257/2714 899/1314/2714 863/1308/2714
f 1011/1309/2715 809/595/2715 623/1233/2715
f 932/1315/2716 694/1252/2716 796/559/2716
f 932/1315/2717 839/1239/2717 694/1252/2717
f 798/1288/2718 677/1244/2718 696/370/2718
f 843/599/2721 429/1197/2722 676/459/2723
f 843/599/2721 866/1316/2724 429/1197/2722
f 905/687/2725 817/597/2725 542/1219/2725
f 842/1303/2727 906/1317/2727 802/1289/2727
f 842/1303/2728 802/1289/2728 801/535/2728
f 820/1205/2729 844/1312/2729 637/1236/2729
f 802/1289/2730 906/1317/2730 846/615/2730
f 906/1317/2731 907/616/2731 846/615/2731
f 774/517/2732 807/541/2732 946/633/2732
f 807/541/2733 915/626/2733 914/634/2733
f 894/625/2734 919/637/2734 831/1292/2734
f 919/637/2735 920/639/2735 831/1292/2735
f 920/639/2736 949/642/2736 831/1292/2736
f 949/642/2737 860/1306/2737 831/1292/2737
f 895/1313/2738 923/1318/2739 775/1283/2740
f 834/644/2741 921/645/2741 836/1284/2741
f 921/645/2742 887/653/2742 836/1284/2742
f 793/1287/2743 928/656/2743 810/611/2743
f 669/1232/2744 464/1188/2744 425/1211/2744
f 483/1218/2506 901/1269/2745 426/1190/2507
f 931/629/2746 932/1315/2746 796/559/2746
f 939/1321/2751 814/1295/2752 903/1310/2753
f 814/1295/2754 842/1303/2754 799/1296/2754
f 842/1303/2755 766/1280/2755 799/1296/2755
f 936/1322/2756 906/1317/2756 842/1303/2756
f 973/1323/2757 938/1324/2758 934/1319/2759
f 934/1319/2759 938/1324/2758 935/1320/2760
f 938/1324/2758 903/1310/2761 935/1320/2760
f 938/1324/2762 939/1321/2751 903/1310/2753
f 939/1321/2763 940/1325/2764 814/1295/2765
f 940/1325/2764 842/1303/2766 814/1295/2765
f 966/703/2767 941/666/2767 827/569/2767
f 966/703/2768 827/569/2768 845/1304/2768
f 940/1325/2769 936/1322/2769 842/1303/2769
f 973/1323/2770 946/633/2770 938/1324/2770
f 946/633/2771 914/634/2771 938/1324/2771
f 914/634/2772 939/1321/2772 938/1324/2772
f 914/634/2773 940/1325/2773 939/1321/2773
f 914/634/2774 915/626/2774 940/1325/2774
f 915/626/2775 881/571/2775 936/1322/2775
f 915/626/2776 936/1322/2776 940/1325/2776
f 912/621/2777 943/1326/2777 913/623/2777
f 857/539/2778 946/633/2778 973/1323/2778
f 857/539/2779 973/1323/2779 945/1327/2779
f 944/635/2780 916/622/2780 913/623/2780
f 858/570/2781 857/539/2781 945/1327/2781
f 833/555/2782 858/570/2782 945/1327/2782
f 987/654/2783 921/645/2783 984/1328/2783
f 921/645/2784 833/555/2784 984/1328/2784
f 952/1329/2785 886/1307/2785 897/696/2785
f 988/1330/2786 887/653/2786 987/654/2786
f 952/1329/2787 837/1301/2787 886/1307/2787
f 957/520/2788 837/1301/2788 952/1329/2788
f 837/1301/2789 957/520/2789 794/594/2789
f 988/1330/2790 928/656/2790 887/653/2790
f 887/653/2791 928/656/2791 793/1287/2791
f 958/530/2792 928/656/2792 988/1330/2792
f 900/1293/2793 669/1232/2623 482/1216/2549
f 930/628/2794 960/1331/2794 715/483/2794
f 960/1331/2795 1013/658/2795 715/483/2795
f 715/483/2796 1013/658/1026 800/533/1025
f 962/659/2797 964/1300/2797 818/614/2797
f 962/659/2798 818/614/2798 800/533/2798
f 1036/701/2802 905/687/2802 542/1219/2802
f 905/687/2803 904/613/2803 817/597/2803
f 781/1290/2804 933/630/2804 818/614/2804
f 964/1300/2805 681/1246/2805 818/614/2805
f 972/1334/2808 889/1298/2809 965/1333/2810
f 971/1335/2811 972/1334/2811 965/1333/2811
f 972/1334/2808 973/1323/2757 889/1298/2809
f 889/1298/2809 973/1323/2757 934/1319/2759
f 970/1336/2812 971/1335/2812 965/1333/2812
f 907/616/2813 997/675/2813 911/617/2813
f 974/663/2814 912/621/2814 909/620/2814
f 972/1334/2815 945/1327/2815 973/1323/2815
f 881/571/2816 996/1337/2816 936/1322/2816
f 974/663/2817 943/1326/2817 912/621/2817
f 943/1326/2818 977/1338/2818 944/635/2818
f 943/1326/2819 944/635/2819 913/623/2819
f 984/1328/2820 945/1327/2820 972/1334/2820
f 881/571/2821 979/676/2821 996/1337/2821
f 978/1339/2822 971/1335/2822 970/1336/2822
f 977/1338/2823 980/1340/2823 944/635/2823
f 944/635/2824 980/1340/2824 894/625/2824
f 945/1327/2825 984/1328/2825 833/555/2825
f 980/1340/2826 919/637/2826 894/625/2826
f 982/679/2827 985/678/2827 918/640/2827
f 918/640/2828 985/678/2828 920/639/2828
f 985/678/2829 983/641/2829 920/639/2829
f 972/1334/2830 987/654/2830 984/1328/2830
f 971/1335/2831 987/654/2831 972/1334/2831
f 949/642/2832 986/668/2832 860/1306/2832
f 988/1330/2833 987/654/2833 971/1335/2833
f 956/655/2834 957/520/2834 952/1329/2834
f 990/1341/2835 988/1330/2836 971/1335/2837
f 990/1341/2835 971/1335/2837 978/1339/2838
f 990/1341/2839 958/530/2839 988/1330/2839
f 899/1314/2840 991/1342/2841 863/1308/2842
f 1008/1343/2843 900/1293/2621 713/1279/2620
f 464/1188/2844 1009/1344/2845 404/1189/2846
f 901/1269/2550 992/1345/2847 536/1222/2484
f 795/558/2848 958/530/2848 990/1341/2848
f 677/1244/2849 963/1346/2849 781/1290/2849
f 963/1346/2850 933/630/2850 781/1290/2850
f 844/1312/2851 966/703/2851 845/1304/2851
f 936/1322/2853 907/616/2853 906/1317/2853
f 997/675/2854 1020/1347/2854 974/663/2854
f 1020/1347/2855 943/1326/2855 974/663/2855
f 1020/1347/2856 977/1338/2856 943/1326/2856
f 977/1338/2857 1021/1348/2857 980/1340/2857
f 980/1340/2858 998/677/2858 947/638/2858
f 980/1340/2859 947/638/2859 919/637/2859
f 998/677/2860 982/679/2860 918/640/2860
f 983/641/2861 999/710/2861 948/643/2861
f 999/710/2862 986/668/2862 948/643/2862
f 986/668/2863 1001/709/2863 860/1306/2863
f 1001/709/2864 897/696/2864 860/1306/2864
f 1003/695/2865 952/1329/2865 897/696/2865
f 989/669/2866 955/651/2866 885/574/2866
f 1003/695/2867 956/655/2867 952/1329/2867
f 1006/684/2868 956/655/2868 1003/695/2868
f 775/1283/2869 923/1318/2870 776/1230/2871
f 978/1339/2872 1005/1349/2872 990/1341/2872
f 1007/1350/2873 899/1314/2873 584/1227/2873
f 1008/1343/2874 713/1279/2874 863/1308/2874
f 1010/1351/2875 992/1345/2847 901/1269/2550
f 1005/1349/2876 811/545/2876 795/558/2876
f 1005/1349/2877 795/558/2877 990/1341/2877
f 930/628/2878 993/686/2878 960/1331/2878
f 993/686/2879 1013/658/2879 960/1331/2879
f 993/686/2880 962/659/2880 1013/658/2880
f 1014/1352/2881 933/630/2881 963/1346/2881
f 1015/1353/2882 970/1336/2882 965/1333/2882
f 996/1337/2883 997/675/2883 936/1322/2883
f 936/1322/2884 997/675/2884 907/616/2884
f 979/676/2885 1019/720/2885 996/1337/2885
f 1020/1347/2886 1046/1354/2886 977/1338/2886
f 1046/1354/2887 1021/1348/2887 977/1338/2887
f 980/1340/2888 1023/708/2888 998/677/2888
f 1024/691/2889 999/710/2889 983/641/2889
f 999/710/2890 1001/709/2890 986/668/2890
f 1027/697/2891 897/696/2891 1001/709/2891
f 1029/698/2892 955/651/2892 989/669/2892
f 991/1342/2893 1008/1343/2893 863/1308/2893
f 1005/1349/2894 902/612/2894 811/545/2894
f 1035/1355/2895 839/1239/2895 932/1315/2895
f 798/1288/2896 963/1346/2896 677/1244/2896
f 1014/1352/2897 993/686/2897 933/630/2897
f 844/1312/2898 1037/731/2898 966/703/2898
f 995/661/2899 1098/1356/2899 767/660/2899
f 1098/1356/2900 967/1332/2900 767/660/2900
f 1038/1357/2901 965/1333/2902 967/1332/2903
f 1038/1357/2904 1015/1353/2904 965/1333/2904
f 1015/1353/2905 1038/1357/2905 970/1336/2905
f 1037/731/2906 1041/704/2906 966/703/2906
f 1039/688/2907 995/661/2907 994/672/2907
f 1038/1357/2908 1045/1358/2908 970/1336/2908
f 1019/720/2909 997/675/2909 996/1337/2909
f 1019/720/2910 1020/1347/2910 997/675/2910
f 1045/1358/2911 978/1339/2911 970/1336/2911
f 1025/692/2912 1019/720/2912 979/676/2912
f 1021/1348/2913 1023/708/2913 980/1340/2913
f 1023/708/2914 1024/691/2914 998/677/2914
f 1047/1359/2915 1048/1360/2916 1021/1348/2917
f 1047/1359/2915 1021/1348/2917 1046/1354/2918
f 1021/1348/2919 1050/1361/2919 1023/708/2919
f 1023/708/2920 999/710/2920 1024/691/2920
f 1048/1360/2921 1049/1362/2921 1021/1348/2921
f 1049/1362/2922 1050/1361/2922 1021/1348/2922
f 1050/1361/2923 1051/723/2923 1023/708/2923
f 1023/708/2924 1051/723/2924 1001/709/2924
f 1030/670/2925 1051/723/2925 1050/1361/2925
f 1055/713/2926 1030/670/2926 1050/1361/2926
f 1030/670/2927 1056/726/2927 1051/723/2927
f 1051/723/2928 1054/725/2928 1001/709/2928
f 1001/709/2929 1054/725/2929 1027/697/2929
f 1030/670/2930 1057/683/2930 1056/726/2930
f 978/1339/2931 1045/1358/2932 1005/1349/2933
f 1027/697/2934 1072/1363/2934 1003/695/2934
f 1003/695/1110 1032/699/1112 1006/684/2935
f 923/1318/2870 1150/1364/2936 776/1230/2871
f 1150/1364/2937 584/1227/2418 776/1230/2417
f 1009/1344/2845 464/1188/2844 669/1232/2938
f 1009/1344/2845 483/1218/2939 404/1189/2846
f 1035/1355/2940 929/1294/2940 839/1239/2940
f 931/629/2941 1035/1355/2941 932/1315/2941
f 1098/1356/2942 1038/1357/2901 967/1332/2903
f 1063/721/2943 1064/1365/2943 1046/1354/2943
f 1063/721/2944 1046/1354/2944 1019/720/2944
f 1019/720/2945 1046/1354/2945 1020/1347/2945
f 1064/1365/2946 1047/1359/2946 1046/1354/2946
f 1065/770/2947 1049/1362/2947 1048/1360/2947
f 1054/725/2948 1067/1366/2948 1027/697/2948
f 1067/1366/2949 1072/1363/2949 1027/697/2949
f 1069/741/2950 1004/682/2950 1029/698/2950
f 1031/694/2951 1004/682/2951 1086/740/2951
f 1086/740/2952 1004/682/2952 1069/741/2952
f 1072/1363/2953 1058/714/2953 1003/695/2953
f 1150/1364/2954 1186/1367/2954 584/1227/2954
f 1073/1368/2955 669/1232/2623 900/1293/2793
f 1009/1344/2845 901/1269/2550 483/1218/2939
f 1011/1309/2956 1094/730/2956 809/595/2956
f 1035/1355/2957 798/1288/2957 929/1294/2957
f 962/659/2958 1097/1369/2959 964/1300/2960
f 1014/1352/2961 1097/1369/2961 993/686/2961
f 1097/1369/2959 1214/1370/2962 964/1300/2960
f 1158/1371/2963 844/1312/2963 820/1205/2963
f 1117/1372/2964 1039/688/2964 1059/716/2964
f 1117/1372/2965 995/661/2965 1039/688/2965
f 1080/1373/2966 1048/1360/2966 1047/1359/2966
f 1048/1360/2967 1082/771/2967 1065/770/2967
f 1081/1374/2968 1082/771/2968 1048/1360/2968
f 1065/770/2969 1050/1361/2969 1049/1362/2969
f 1066/724/2970 1067/1366/2970 1054/725/2970
f 1083/748/2971 1067/1366/2971 1066/724/2971
f 1084/738/2972 1086/740/2972 1081/1374/2972
f 1081/1374/2973 1086/740/2973 1082/771/2973
f 1086/740/2974 1085/773/2974 1082/771/2974
f 1068/712/2975 1086/740/2975 1084/738/2975
f 1088/1375/2976 1072/1363/2976 1067/1366/2976
f 1045/1358/2932 1090/1376/2977 1005/1349/2933
f 1073/1368/2978 900/1293/2621 1008/1343/2843
f 1093/1377/2979 1033/1378/2980 669/1232/2981
f 993/686/2982 1097/1369/2982 962/659/2982
f 1143/1379/2983 1097/1369/2983 1014/1352/2983
f 964/1300/2639 1158/1371/2984 820/1205/2256
f 1117/1372/2985 1098/1356/2985 995/661/2985
f 1100/735/2986 1117/1372/2986 1059/716/2986
f 856/1305/2987 1105/1380/2987 895/1313/2987
f 1106/1381/2988 1064/1365/2988 1063/721/2988
f 1105/1380/2989 923/1318/2739 895/1313/2738
f 1064/1365/2990 1107/747/2990 1047/1359/2990
f 1107/747/2991 1080/1373/2991 1047/1359/2991
f 1107/747/2992 1084/738/2993 1080/1373/2994
f 1080/1373/2995 1081/1374/2995 1048/1360/2995
f 1084/738/2993 1081/1374/2996 1080/1373/2994
f 1109/1382/2997 1067/1366/2997 1083/748/2997
f 1108/763/2998 1070/727/2998 1055/713/2998
f 1087/739/2999 1109/1382/2999 1083/748/2999
f 1109/1382/3000 1088/1375/3000 1067/1366/3000
f 1110/1383/3001 1088/1375/3001 1109/1382/3001
f 1088/1375/3002 1127/1384/3002 1072/1363/3002
f 1072/1363/3003 1127/1384/3003 1058/714/3003
f 1005/1349/3004 1090/1376/3004 902/612/3004
f 1113/1385/3005 901/1269/2550 1009/1344/2845
f 992/1345/2847 693/1270/3006 536/1222/2484
f 992/1345/2847 1011/1309/3007 693/1270/3006
f 1011/1309/3008 1092/789/3008 1094/730/3008
f 1090/1376/3009 1173/751/3009 902/612/3009
f 1114/1386/3010 1035/1355/3010 931/629/3010
f 1099/743/3011 1103/758/3011 1075/733/3011
f 1123/781/3012 856/1305/3012 646/433/3012
f 1123/781/3013 1105/1380/3013 856/1305/3013
f 1079/737/3014 1106/1381/3014 1063/721/3014
f 1106/1381/3015 1107/747/3015 1064/1365/3015
f 1124/760/3016 1125/761/3016 1053/711/3016
f 1050/1361/3017 1135/1387/3017 1055/713/3017
f 1135/1387/3018 1126/1388/3018 1055/713/3018
f 1126/1388/3019 1108/763/3019 1055/713/3019
f 1110/1383/3020 1127/1384/3020 1088/1375/3020
f 1127/1384/3021 1153/778/3021 1058/714/3021
f 1153/778/3022 1091/729/3022 1058/714/3022
f 1073/1368/3023 1093/1377/3024 669/1232/3025
f 1155/1389/3026 1009/1344/2845 669/1232/2938
f 1158/1371/3027 1037/731/3027 844/1312/3027
f 1118/754/3028 1117/1372/3028 1100/735/3028
f 1132/768/3029 1131/1390/3029 1079/737/3029
f 1131/1390/3030 1106/1381/3030 1079/737/3030
f 1065/770/3031 1135/1387/3031 1050/1361/3031
f 1136/775/3032 1085/773/3032 1086/740/3032
f 1138/786/3033 1109/1382/3033 1087/739/3033
f 1109/1382/3034 1138/786/3034 1110/1383/3034
f 1138/786/3035 1139/1391/3035 1110/1383/3035
f 1110/1383/3036 1139/1391/3036 1127/1384/3036
f 1186/1367/3037 1007/1350/3037 584/1227/3037
f 888/596/3038 1115/752/3038 931/629/3038
f 1115/752/3039 1114/1386/3039 931/629/3039
f 542/1219/3040 1157/1392/3040 1036/701/3040
f 1157/1392/3041 1128/779/3041 1036/701/3041
f 1166/1393/3042 1143/1379/3043 963/1346/3044
f 963/1346/3044 1143/1379/3043 1014/1352/3045
f 1118/754/3046 1098/1356/3046 1117/1372/3046
f 1106/1381/3047 1147/1394/3048 1107/747/3049
f 1147/1394/3050 1124/760/3050 1107/747/3050
f 1134/772/3051 1135/1387/3051 1065/770/3051
f 1148/774/3052 1134/772/3052 1082/771/3052
f 1139/1391/3053 1153/778/3053 1127/1384/3053
f 1007/1350/3054 1154/1395/3054 899/1314/3054
f 1154/1395/3055 991/1342/2841 899/1314/2840
f 991/1342/3056 1112/1396/3056 1008/1343/3056
f 1112/1396/3057 1073/1368/3057 1008/1343/3057
f 1033/1378/3058 1155/1389/3059 669/1232/3060
f 1010/1351/2875 1156/1397/3061 992/1345/2847
f 1011/1309/3062 1195/790/3062 1092/789/3062
f 1114/1386/3063 1142/1398/3063 1035/1355/3063
f 1035/1355/3064 1142/1398/3064 798/1288/3064
f 1142/1398/3065 963/1346/3065 798/1288/3065
f 429/1197/2426 1157/1392/3066 542/1219/2354
f 1037/731/3067 1158/1371/3067 1074/732/3067
f 1158/1371/3068 1118/754/3068 1074/732/3068
f 1038/1357/3069 1159/1399/3069 1045/1358/3069
f 1161/794/3070 1131/1390/3070 1132/768/3070
f 1135/1387/3071 1163/1400/3071 1126/1388/3071
f 1126/1388/3072 1151/788/3072 1108/763/3072
f 1152/787/3073 1139/1391/3073 1138/786/3073
f 1164/776/3074 1139/1391/3074 1152/787/3074
f 1111/749/3075 1164/776/3075 1152/787/3075
f 1164/776/3076 1153/778/3076 1139/1391/3076
f 901/1269/2550 1113/1385/3005 1010/1351/2875
f 1116/753/3077 1165/1401/3077 843/599/3077
f 1165/1401/3078 866/1316/3078 843/599/3078
f 1131/1390/3079 1180/1402/3079 1106/1381/3079
f 1124/760/3080 1171/795/3080 1125/761/3080
f 1170/796/3081 1134/772/3081 1148/774/3081
f 1134/772/3082 1170/796/3083 1135/1387/3084
f 1170/796/3083 1162/1403/3085 1135/1387/3084
f 1162/1403/3086 1163/1400/3086 1135/1387/3086
f 1105/1380/2989 1150/1364/3087 923/1318/2739
f 1126/1388/3088 1172/1404/3088 1151/788/3088
f 1181/1405/3089 1090/1376/3089 1045/1358/3089
f 1181/1405/3090 1173/751/3090 1090/1376/3090
f 992/1345/2847 1174/1406/3091 1011/1309/3007
f 1174/1406/3092 1195/790/3093 1011/1309/3094
f 1143/1379/3095 1175/1407/3095 1097/1369/3095
f 1175/1407/3096 1214/1370/3096 1097/1369/3096
f 1214/1370/3097 1158/1371/2984 964/1300/2639
f 1158/1371/3098 1098/1356/3098 1118/754/3098
f 1177/798/3099 1179/1408/3099 1123/781/3099
f 1179/1408/3100 1105/1380/3100 1123/781/3100
f 1159/1399/3101 1181/1405/3101 1045/1358/3101
f 1161/794/3102 1180/1402/3102 1131/1390/3102
f 1180/1402/3103 1147/1394/3048 1106/1381/3047
f 1163/1400/3104 1172/1404/3104 1126/1388/3104
f 1172/1404/3105 1194/803/3105 1151/788/3105
f 1105/1380/3106 1186/1367/3107 1150/1364/3108
f 1142/1398/3109 1166/1393/3109 963/1346/3109
f 1179/1408/3110 1190/1409/3110 1105/1380/3110
f 1182/800/3111 1191/1410/3111 1161/794/3111
f 1191/1410/3112 1192/1411/3112 1180/1402/3112
f 1191/1410/3113 1180/1402/3113 1161/794/3113
f 1183/801/3114 1184/802/3114 1182/800/3114
f 1147/1394/3115 1193/807/3115 1124/760/3115
f 1124/760/3116 1193/807/3116 1171/795/3116
f 1185/806/3117 1162/1403/3117 1170/796/3117
f 1190/1409/3118 1186/1367/3107 1105/1380/3106
f 1186/1367/3119 1196/1412/3119 1007/1350/3119
f 1007/1350/3120 1223/1413/3120 1154/1395/3120
f 1198/1414/3121 1073/1368/3122 1112/1396/3123
f 866/1316/3124 1157/1392/3066 429/1197/2426
f 1098/1356/3125 1176/1415/3126 1038/1357/3127
f 1176/1415/3128 1159/1399/3128 1038/1357/3128
f 1177/798/3129 1202/1416/3129 1179/1408/3129
f 1229/1417/3130 1181/1405/3130 1159/1399/3130
f 1202/1416/3131 1190/1409/3131 1179/1408/3131
f 1182/800/3132 1203/1418/3132 1191/1410/3132
f 1203/1418/3133 1192/1411/3133 1191/1410/3133
f 1192/1411/3134 1147/1394/3134 1180/1402/3134
f 1203/1418/3135 1147/1394/3135 1192/1411/3135
f 1203/1418/3136 1193/807/3136 1147/1394/3136
f 1184/802/3137 1203/1418/3137 1182/800/3137
f 1184/802/3138 1193/807/3138 1203/1418/3138
f 1205/808/3139 1206/1419/3139 1185/806/3139
f 1185/806/3140 1206/1419/3140 1162/1403/3140
f 1206/1419/3141 1163/1400/3141 1162/1403/3141
f 1206/1419/3142 1172/1404/3142 1163/1400/3142
f 1190/1409/3143 1204/1420/3143 1186/1367/3143
f 1205/808/3144 1194/803/3144 1206/1419/3144
f 1194/803/3145 1172/1404/3145 1206/1419/3145
f 1181/1405/3146 1207/825/3146 1173/751/3146
f 1204/1420/3147 1196/1412/3147 1186/1367/3147
f 1174/1406/3092 1208/814/3148 1195/790/3093
f 1210/817/3149 1114/1386/3149 1115/752/3149
f 1211/813/3150 1165/1401/3150 1116/753/3150
f 1157/1392/3151 1212/822/3151 1128/779/3151
f 1238/1421/3152 1176/1415/3126 1098/1356/3125
f 1202/1416/3153 1219/1422/3153 1190/1409/3153
f 1219/1422/3154 1204/1420/3154 1190/1409/3154
f 1196/1412/3155 1223/1413/3155 1007/1350/3155
f 1154/1395/3156 1197/1423/3157 991/1342/3158
f 991/1342/3159 1198/1414/3159 1112/1396/3159
f 1210/817/3160 1142/1398/3160 1114/1386/3160
f 1142/1398/3161 1227/1424/3161 1166/1393/3161
f 1166/1393/3162 1213/1425/3162 1143/1379/3162
f 1213/1425/3163 1175/1407/3163 1143/1379/3163
f 1176/1415/3164 1229/1417/3164 1159/1399/3164
f 1225/1426/3165 1202/1416/3165 1177/798/3165
f 1234/1427/3166 1223/1413/3166 1196/1412/3166
f 1210/817/3167 1227/1424/3167 1142/1398/3167
f 1210/817/3168 1212/822/3168 1227/1424/3168
f 1212/822/3169 1213/1425/3169 1227/1424/3169
f 1227/1424/3170 1213/1425/3170 1166/1393/3170
f 1213/1425/3171 1214/1370/3171 1175/1407/3171
f 1158/1371/2984 1238/1421/3152 1098/1356/3125
f 1225/1426/3172 1219/1422/3172 1202/1416/3172
f 1229/1417/3173 1244/1428/3173 1181/1405/3173
f 1219/1422/3174 1233/1429/3175 1204/1420/3176
f 1233/1429/3175 1196/1412/3177 1204/1420/3176
f 1181/1405/3178 1244/1428/3178 1207/825/3178
f 1233/1429/3179 1234/1427/3179 1196/1412/3179
f 1259/1430/3180 1154/1395/3180 1223/1413/3180
f 1009/1344/3181 1249/864/3181 1113/1385/3181
f 1113/1385/3182 1236/1431/3183 1010/1351/3184
f 992/1345/2847 1250/1432/3185 1174/1406/3091
f 1174/1406/3186 1235/831/3186 1208/814/3186
f 1157/1392/3187 1213/1425/3187 1212/822/3187
f 1240/840/3188 1225/1426/3188 1177/798/3188
f 1278/1433/3189 1244/1428/3189 1229/1417/3189
f 1197/1423/3157 1198/1414/3190 991/1342/3158
f 1198/1414/3121 1248/1434/3191 1073/1368/3122
f 1248/1434/3192 1093/1377/3024 1073/1368/3023
f 1250/1432/3193 1235/831/3193 1174/1406/3193
f 1244/1428/3194 1246/826/3194 1207/825/3194
f 1260/842/3195 1165/1401/3195 1211/813/3195
f 1228/1435/3196 1253/1436/3197 1158/1371/2984
f 1278/1433/3198 1256/1437/3198 1244/1428/3198
f 1256/1437/3199 1246/826/3199 1244/1428/3199
f 1221/820/1353 1257/832/1355 1245/836/3200
f 1233/1429/3201 1258/1438/3201 1234/1427/3201
f 1234/1427/3202 1259/1430/3202 1223/1413/3202
f 1235/831/3203 1266/843/3203 1247/824/3203
f 1199/1439/3204 1275/1440/3205 1155/1389/3206
f 1155/1389/3207 1275/1440/3207 1009/1344/3207
f 1156/1397/3208 1250/1432/3209 992/1345/3210
f 1267/844/3211 1235/831/3211 1250/1432/3211
f 1260/842/3212 1261/1441/3212 1165/1401/3212
f 1228/1435/3196 1158/1371/2984 1214/1370/3097
f 1253/1436/3197 1238/1421/3152 1158/1371/2984
f 1240/840/3213 1274/1442/3213 1225/1426/3213
f 1225/1426/3214 1233/1429/3214 1219/1422/3214
f 1266/843/1358 1265/850/3215 1232/830/1356
f 1258/1438/3216 1259/1430/3216 1234/1427/3216
f 1249/864/3217 1236/1431/3217 1113/1385/3217
f 1236/1431/3183 1156/1397/3218 1010/1351/3184
f 1268/919/3219 1250/1432/3209 1156/1397/3208
f 1261/1441/3220 866/1316/3220 1165/1401/3220
f 1176/1415/3221 1278/1433/3221 1229/1417/3221
f 1033/1378/3058 1199/1439/3222 1155/1389/3059
f 1275/1440/3223 1249/864/3223 1009/1344/3223
f 1268/919/3224 1276/878/3224 1250/1432/3224
f 1271/852/3225 1274/1442/3225 1240/840/3225
f 1278/1433/3226 1292/1443/3226 1256/1437/3226
f 1225/1426/3227 1274/1442/3227 1233/1429/3227
f 1274/1442/3228 1258/1438/3228 1233/1429/3228
f 1292/1443/3229 1246/826/3229 1256/1437/3229
f 1258/1438/3230 1281/888/3230 1259/1430/3230
f 1259/1430/3231 1197/1423/3231 1154/1395/3231
f 1093/1377/2979 1283/1444/3232 1033/1378/2980
f 1249/864/3233 1282/863/3233 1236/1431/3233
f 1236/1431/3234 1304/1445/3234 1156/1397/3234
f 1276/878/3235 1267/844/3235 1250/1432/3235
f 1292/1443/3236 1298/816/3236 1246/826/3236
f 1285/899/3237 1261/1441/3237 1260/842/3237
f 1307/1446/3238 1228/1435/3196 1214/1370/3097
f 1238/1421/3239 1277/1447/3239 1176/1415/3239
f 1271/852/3240 1290/886/3240 1274/1442/3240
f 1276/878/3241 1266/843/1360 1267/844/1359
f 1259/1430/3242 1321/954/3242 1197/1423/3242
f 1248/1434/3243 1283/1444/3244 1093/1377/3245
f 1275/1440/3246 1319/1448/3246 1249/864/3246
f 1282/863/3247 1303/877/3247 1236/1431/3247
f 1303/877/3248 1304/1445/3248 1236/1431/3248
f 1304/1445/3249 1268/919/3219 1156/1397/3208
f 1237/821/3250 1034/700/1469 1383/897/1468
f 1157/1392/3066 1307/1446/3238 1213/1425/3251
f 1307/1446/3238 1214/1370/3097 1213/1425/3251
f 1280/866/3252 1242/829/3253 1309/900/3254
f 1309/900/3254 1242/829/3253 1310/867/3255
f 1176/1415/3256 1292/1443/3256 1278/1433/3256
f 1331/1449/3257 1292/1443/3257 1176/1415/3257
f 1274/1442/3258 1290/886/3259 1258/1438/3260
f 1290/886/3259 1281/888/3261 1258/1438/3260
f 1331/1449/3262 1298/816/3262 1292/1443/3262
f 1319/1448/3263 1336/893/3263 1249/864/3263
f 1357/1450/3264 1321/954/3264 1259/1430/3264
f 1303/877/3265 1320/895/3265 1304/1445/3265
f 1268/919/3266 1340/896/3266 1276/878/3266
f 1307/1446/3267 1325/1451/3267 1228/1435/3267
f 1344/1452/3268 1238/1421/3268 1253/1436/3268
f 1262/845/3269 1271/852/3269 1241/833/3269
f 1345/1453/3270 1331/1449/3270 1176/1415/3270
f 1332/1454/3271 1333/1455/3271 1346/1456/3271
f 1331/1449/3272 1318/1457/3272 1298/816/3272
f 1338/921/3273 1333/1455/3273 1332/1454/3273
f 1338/921/3274 1332/1454/3274 1350/1458/3274
f 1281/888/3275 1337/894/3275 1259/1430/3275
f 1321/954/3276 1341/953/3276 1197/1423/3276
f 1323/1459/3277 1319/1448/3277 1275/1440/3277
f 1320/895/3278 1339/906/3279 1304/1445/3280
f 1381/922/3281 1298/816/3281 1318/1457/3281
f 1157/1392/3066 1384/1460/3282 1307/1446/3238
f 1325/1451/3283 1342/1461/3283 1228/1435/3283
f 1343/1462/3284 1253/1436/3284 1228/1435/3284
f 1343/1462/3285 1344/1452/3285 1253/1436/3285
f 1326/1463/3286 1277/1447/3286 1238/1421/3286
f 1277/1447/3287 1345/1453/3287 1176/1415/3287
f 1262/845/3288 1314/887/3288 1271/852/3288
f 1346/1456/3289 1344/1452/3289 1343/1462/3289
f 1332/1454/3290 1346/1456/3290 1343/1462/3290
f 1328/901/3291 1330/904/3291 1311/884/3291
f 1228/1435/3292 1332/1454/3292 1343/1462/3292
f 1342/1461/3293 1350/1458/3293 1228/1435/3293
f 1350/1458/3294 1332/1454/3294 1228/1435/3294
f 1368/928/3295 1350/1458/3295 1342/1461/3295
f 1356/937/3296 1316/891/3296 1314/887/3296
f 1330/904/3297 1354/913/3297 1334/905/3297
f 1381/922/3298 1331/1449/3298 1345/1453/3298
f 1368/928/3299 1352/920/3299 1350/1458/3299
f 1333/1455/3300 1353/1464/3300 1346/1456/3300
f 1381/922/3301 1318/1457/3301 1331/1449/3301
f 1316/891/3302 1356/937/3302 1337/894/3302
f 1306/879/3303 1353/1464/3303 1333/1455/3303
f 1352/920/3304 1338/921/3304 1350/1458/3304
f 1337/894/3305 1357/1450/3306 1259/1430/3307
f 1371/916/3308 1336/893/3308 1319/1448/3308
f 1371/916/3309 1319/1448/3309 1323/1459/3309
f 1341/953/3310 1322/1465/3310 1197/1423/3310
f 1322/1465/3311 1198/1414/3190 1197/1423/3157
f 1283/1444/3232 1359/1466/3312 1033/1378/2980
f 1359/1466/3313 1199/1439/3313 1033/1378/3313
f 1275/1440/3205 1360/942/3314 1323/1459/3315
f 1338/921/3316 1306/879/3316 1333/1455/3316
f 1339/906/3279 1358/918/3317 1304/1445/3280
f 1358/918/3318 1268/919/3318 1304/1445/3318
f 1305/880/3319 1338/921/3319 1352/920/3319
f 1306/879/3320 1226/838/3320 1353/1464/3320
f 1261/1441/3321 1324/964/3321 866/1316/3321
f 1361/931/3322 1314/887/3322 1262/845/3322
f 1409/1467/3323 1368/928/3324 1325/1451/3325
f 1368/928/3326 1342/1461/3326 1325/1451/3326
f 1346/1456/3327 1377/1468/3327 1344/1452/3327
f 1374/1469/3328 1381/922/3328 1345/1453/3328
f 1356/937/3329 1372/1470/3329 1337/894/3329
f 1372/1470/3330 1357/1450/3306 1337/894/3305
f 1354/913/3331 1369/926/3331 1358/918/3331
f 1369/926/3332 1370/917/3332 1358/918/3332
f 1322/1465/3333 1248/1434/3333 1198/1414/3333
f 1199/1439/3204 1360/942/3314 1275/1440/3205
f 866/1316/3124 1384/1460/3282 1157/1392/3066
f 1385/1471/3334 1325/1451/3335 1307/1446/3238
f 1344/1452/3336 1386/1472/3336 1238/1421/3336
f 1277/1447/3337 1374/1469/3337 1345/1453/3337
f 1361/931/3338 1376/935/3338 1314/887/3338
f 1377/1468/3339 1386/1472/3339 1344/1452/3339
f 1376/935/3340 1356/937/3340 1314/887/3340
f 1393/1473/3341 1381/922/3342 1374/1469/3343
f 1346/1456/3344 1353/1464/3345 1377/1468/3346
f 1394/907/3347 1381/922/3347 1393/1473/3347
f 1353/1464/3345 1382/1474/3348 1377/1468/3346
f 1379/936/3349 1372/1470/3349 1356/937/3349
f 1383/897/1529 1368/928/1531 1409/1467/3350
f 1248/1434/3243 1395/1475/3351 1283/1444/3244
f 1396/1476/3352 1360/942/3352 1199/1439/3352
f 1226/838/3353 1382/1474/3353 1353/1464/3353
f 1285/899/3354 1367/930/3355 1261/1441/3356
f 1384/1460/3282 1406/1477/3357 1307/1446/3238
f 1326/1463/3358 1374/1469/3358 1277/1447/3358
f 1377/1468/3359 1392/1478/3360 1386/1472/3361
f 1326/1463/3362 1393/1473/3341 1374/1469/3343
f 1392/1478/3363 1393/1473/3363 1326/1463/3363
f 1382/1474/3364 1392/1478/3364 1377/1468/3364
f 1409/1467/3365 1419/929/3365 1383/897/3365
f 1096/750/3366 1394/907/3366 1392/1478/3366
f 1394/907/3367 1393/1473/3367 1392/1478/3367
f 1357/1450/3368 1372/1470/3368 1321/954/3368
f 1360/942/3369 1371/916/3369 1323/1459/3369
f 1322/1465/3370 1395/1475/3370 1248/1434/3370
f 1382/1474/3371 1096/750/3371 1392/1478/3371
f 1226/838/3372 1096/750/3372 1382/1474/3372
f 1367/930/3355 1324/964/3373 1261/1441/3356
f 1324/964/3374 1384/1460/3374 866/1316/3374
f 1386/1472/3375 1397/1479/3375 1238/1421/3375
f 1238/1421/3376 1397/1479/3376 1326/1463/3376
f 1408/1480/3377 1325/1451/3377 1385/1471/3377
f 1408/1480/3378 1409/1467/3323 1325/1451/3325
f 1375/908/3379 1400/949/3379 1376/935/3379
f 1375/908/3380 1376/935/3380 1361/931/3380
f 1447/1481/3381 1409/1467/3382 1408/1480/3383
f 1386/1472/3361 1392/1478/3360 1397/1479/3384
f 1392/1478/3385 1326/1463/3385 1397/1479/3385
f 1447/1481/3386 1419/929/3387 1409/1467/3388
f 1379/936/3389 1403/952/3389 1372/1470/3389
f 1396/1476/3390 1410/945/3390 1360/942/3390
f 1307/1446/3238 1408/1480/3391 1385/1471/3334
f 1403/952/3392 1321/954/3392 1372/1470/3392
f 1341/953/3393 1428/974/3393 1322/1465/3393
f 1359/1466/3394 1411/1482/3395 1199/1439/3396
f 1411/1482/3395 1396/1476/3397 1199/1439/3396
f 1418/951/3398 1426/972/3398 1403/952/3398
f 1418/951/3399 1403/952/3399 1379/936/3399
f 1420/1483/3400 1395/1475/3400 1322/1465/3400
f 1411/1482/3401 1434/958/3401 1396/1476/3401
f 1434/958/3402 1410/945/3402 1396/1476/3402
f 1426/972/3403 1428/974/3403 1403/952/3403
f 1421/966/3404 1419/929/3387 1447/1481/3386
f 1403/952/3405 1428/974/3405 1341/953/3405
f 1442/1484/3406 1406/1477/3357 1384/1460/3282
f 1407/1485/3407 1408/1480/3391 1307/1446/3238
f 1413/955/3408 1430/982/3409 1400/949/3410
f 1430/982/3411 1418/951/3411 1400/949/3411
f 1395/1475/3412 1435/1486/3412 1283/1444/3412
f 1436/995/3413 1359/1466/3413 1283/1444/3413
f 1436/995/3414 1411/1482/3414 1359/1466/3414
f 1406/1477/3357 1407/1485/3407 1307/1446/3238
f 1423/960/3415 1430/982/3409 1413/955/3408
f 1437/1487/3416 1447/1481/3381 1408/1480/3383
f 1431/971/3417 1433/985/3417 1428/974/3417
f 1433/985/3418 1322/1465/3418 1428/974/3418
f 1433/985/3419 1441/993/3419 1322/1465/3419
f 1322/1465/3420 1441/993/3420 1420/1483/3420
f 1452/978/3421 1434/958/3421 1411/1482/3421
f 1450/975/3422 1421/966/3404 1447/1481/3386
f 1405/977/3423 1384/1460/3423 1324/964/3423
f 1446/981/3424 1418/951/3425 1430/982/3426
f 1446/981/3424 1431/971/3427 1418/951/3425
f 1422/959/3428 1460/1488/3429 1432/970/3430
f 1422/959/3431 1412/946/3431 1460/1488/3431
f 1469/984/3432 1440/973/3432 1452/978/3432
f 1453/1489/3433 1435/1486/3433 1395/1475/3433
f 1436/995/3434 1452/978/3434 1411/1482/3434
f 1454/1490/3435 1384/1460/3435 1405/977/3435
f 1437/1487/3436 1408/1480/3436 1407/1485/3436
f 1432/970/3430 1454/1490/3437 1405/977/3438
f 1407/1485/3439 1447/1481/3439 1437/1487/3439
f 1432/970/3430 1460/1488/3429 1454/1490/3437
f 1450/975/3440 1447/1481/3440 1407/1485/3440
f 1469/984/3441 1452/978/3441 1436/995/3441
f 1451/986/3442 1441/993/3442 1433/985/3442
f 1471/1015/3443 1395/1475/3443 1420/1483/3443
f 1471/1015/3444 1453/1489/3444 1395/1475/3444
f 1435/1486/3445 1436/995/3445 1283/1444/3445
f 1435/1486/3446 1478/994/3446 1436/995/3446
f 1404/943/3447 1450/975/3447 1407/1485/3447
f 1441/993/3448 1471/1015/3448 1420/1483/3448
f 1463/1491/3449 1442/1484/3449 1384/1460/3449
f 1406/1477/3450 1464/1492/3450 1407/1485/3450
f 1489/1493/3451 1404/943/3452 1407/1485/3453
f 1460/1488/3454 1479/1494/3454 1454/1490/3454
f 1461/992/3455 1471/1015/3455 1441/993/3455
f 1461/992/3456 1477/1007/3456 1471/1015/3456
f 1453/1489/3457 1487/1008/3457 1435/1486/3457
f 1487/1008/3458 1478/994/3458 1435/1486/3458
f 1454/1490/3459 1479/1494/3459 1384/1460/3459
f 1384/1460/3460 1479/1494/3460 1463/1491/3460
f 1489/1493/3451 1407/1485/3453 1464/1492/3461
f 1460/1488/3462 1486/1019/3463 1479/1494/3464
f 1488/1016/3465 1404/943/3452 1489/1493/3451
f 1412/946/3466 1486/1019/3463 1460/1488/3462
f 1471/1015/3467 1487/1008/3467 1453/1489/3467
f 1442/1484/3406 1491/1495/3468 1406/1477/3357
f 1406/1477/3469 1489/1493/3469 1464/1492/3469
f 1479/1494/3470 1492/1018/3471 1463/1491/3472
f 1494/1496/3473 1489/1493/3473 1406/1477/3473
f 1486/1019/3474 1492/1018/3471 1479/1494/3470
f 1462/996/3475 1489/1493/3476 1494/1496/3477
f 1488/1016/3478 1489/1493/3476 1462/996/3475
f 1463/1491/3479 1493/1497/3479 1442/1484/3479
f 1497/1021/3480 1406/1477/3481 1491/1495/3482
f 1497/1021/3480 1494/1496/3483 1406/1477/3481
f 1492/1018/3484 1495/1009/3484 1463/1491/3484
f 1463/1491/3485 1495/1009/3485 1493/1497/3485
f 1493/1497/3486 1496/1017/3487 1442/1484/3488
f 1495/1009/3489 1496/1017/3487 1493/1497/3486
f 1490/1020/3490 1462/996/3490 1494/1496/3490
f 1497/1021/3491 1490/1020/3491 1494/1496/3491
f 1496/1017/3492 1491/1495/3493 1442/1484/3494
f 1496/1017/3492 1497/1021/3495 1491/1495/3493
usemtl Material.001
f 590/391/584 587/393/584 593/392/584
f 587/393/585 591/394/585 593/392/585
f 587/393/629 628/420/629 591/394/629
f 628/420/630 629/421/630 591/394/630
f 630/422/631 631/423/631 629/421/631
f 679/471/711 519/472/711 594/473/711
f 633/1234/2424 587/393/2424 590/391/2424
f 633/1234/2452 673/1241/2453 587/393/2454
f 587/393/2454 673/1241/2453 628/420/2455
f 630/422/2456 632/425/2456 631/423/2456
f 680/1242/2458 697/1243/2459 592/390/2460
f 697/1243/2459 589/388/2461 592/390/2460
f 679/471/2467 680/1242/2467 592/390/2467
f 679/471/2468 592/390/2468 519/472/2468
f 697/1243/2489 590/391/2489 589/388/2489
f 743/1258/2511 630/422/2512 629/421/2513
f 630/422/2514 716/1259/2515 632/425/2516
f 716/1259/2517 674/1260/2517 632/425/2517
f 743/1258/2556 716/1259/2515 630/422/2514
f 716/1259/2581 766/1280/2581 674/1260/2581
f 697/1243/2582 633/1234/2582 590/391/2582
f 594/473/2583 767/660/2583 679/471/2583
f 743/1258/2511 629/421/2513 628/420/2596
f 803/524/2597 767/660/2597 594/473/2597
f 814/1295/2628 716/1259/2629 743/1258/2630
f 716/1259/2629 814/1295/2628 799/1296/2631
f 680/1242/2632 864/1297/2632 697/1243/2632
f 889/1298/2633 673/1241/2633 633/1234/2633
f 767/660/2638 819/1299/2638 679/471/2638
f 813/1302/2650 743/1258/2630 628/420/2651
f 864/1297/2653 633/1234/2654 697/1243/2655
f 673/1241/2656 813/1302/2650 628/420/2651
f 903/1310/2683 814/1295/2628 743/1258/2630
f 799/1296/2684 766/1280/2684 716/1259/2684
f 679/471/2687 865/1311/2688 680/1242/2689
f 889/1298/2704 633/1234/2654 864/1297/2653
f 813/1302/2650 903/1310/2683 743/1258/2630
f 865/1311/2688 864/1297/2719 680/1242/2689
f 889/1298/2720 813/1302/2650 673/1241/2656
f 819/1299/2726 865/1311/2688 679/471/2687
f 934/1319/2747 935/1320/2748 813/1302/2749
f 813/1302/2750 935/1320/2750 903/1310/2750
f 865/1311/2799 967/1332/2799 864/1297/2799
f 965/1333/2800 889/1298/2800 864/1297/2800
f 889/1298/2801 934/1319/2747 813/1302/2749
f 819/1299/2806 967/1332/2806 865/1311/2806
f 967/1332/2807 965/1333/2807 864/1297/2807
f 767/660/2852 967/1332/2852 819/1299/2852
