# Blender 5.1.2
# www.blender.org
mtllib model.mtl
o geometry_0.001
v -0.256386 -0.312278 0.002781
v -0.257352 -0.296373 0.002636
v -0.256879 -0.276106 0.002836
v -0.254089 -0.260115 0.002185
v -0.256770 -0.276481 -0.063138
v -0.257283 -0.310036 -0.069182
v -0.258305 -0.282104 -0.105567
v -0.253567 -0.254694 -0.105153
v -0.253591 -0.328374 0.002822
v -0.249634 -0.242707 0.002639
v -0.251993 -0.250807 -0.061593
v -0.252164 -0.335959 -0.078487
v -0.257219 -0.316184 -0.105065
v -0.254471 -0.329847 -0.105360
v -0.250357 -0.340017 0.002324
v -0.245717 -0.231712 -0.059041
v -0.244153 -0.226413 -0.104845
v -0.240628 -0.360774 0.002527
v -0.240357 -0.218468 0.002709
v -0.246112 -0.311064 -0.021297
v -0.246473 -0.280531 -0.017041
v -0.247185 -0.349591 -0.105371
v -0.246757 -0.278422 -0.076513
v -0.247195 -0.309527 -0.089800
v -0.245815 -0.283619 -0.090319
v -0.242562 -0.280446 -0.009002
v -0.247076 -0.301844 -0.014900
v -0.242530 -0.266709 -0.012738
v -0.233670 -0.204330 -0.049254
v -0.242047 -0.254661 -0.017037
v -0.244264 -0.270154 -0.031284
v -0.244023 -0.318057 -0.085924
v -0.242718 -0.254668 -0.079233
v -0.242241 -0.255019 -0.089669
v -0.240163 -0.318614 -0.094112
v -0.242386 -0.359660 -0.105232
v -0.242831 -0.274072 -0.094352
v -0.232799 -0.202452 0.002656
v -0.235226 -0.371016 -0.104541
v -0.242142 -0.303927 -0.008896
v -0.238716 -0.250327 -0.008815
v -0.241975 -0.319889 -0.012459
v -0.238632 -0.240631 -0.013042
v -0.240921 -0.334859 -0.025176
v -0.235985 -0.348218 -0.076714
v -0.238855 -0.337782 -0.089118
v -0.242879 -0.325656 -0.087239
v -0.238696 -0.253114 -0.094048
v -0.237640 -0.280469 -0.095957
v -0.230707 -0.375479 0.002572
v -0.228647 -0.310697 -0.007803
v -0.237688 -0.269149 -0.008151
v -0.232436 -0.227429 -0.008346
v -0.236854 -0.343022 -0.013122
v -0.230260 -0.376547 -0.071929
v -0.235443 -0.349659 -0.029001
v -0.237260 -0.232323 -0.032859
v -0.233887 -0.223698 -0.086798
v -0.238210 -0.235888 -0.088569
v -0.234361 -0.348203 -0.089666
v -0.234062 -0.335028 -0.094081
v -0.233804 -0.229730 -0.094324
v -0.234725 -0.313026 -0.095409
v -0.227819 -0.278833 -0.104610
v -0.227465 -0.231211 -0.006959
v -0.230309 -0.355726 -0.013444
v -0.231861 -0.221683 -0.011624
v -0.228989 -0.209844 -0.083324
v -0.218304 -0.177572 -0.048196
v -0.233792 -0.203514 -0.104490
v -0.229770 -0.357533 -0.090378
v -0.230758 -0.218944 -0.093886
v -0.226403 -0.351561 -0.093474
v -0.219552 -0.179482 0.002779
v -0.224375 -0.209584 -0.008352
v -0.222797 -0.368304 -0.012799
v -0.228950 -0.211274 -0.025287
v -0.228478 -0.363101 -0.085394
v -0.225665 -0.203468 -0.058560
v -0.222545 -0.184055 -0.104045
v -0.226851 -0.208762 -0.094307
v -0.225932 -0.219174 -0.096108
v -0.226280 -0.331545 0.002025
v -0.231291 -0.344199 -0.008453
v -0.224172 -0.204479 -0.012459
v -0.220197 -0.387111 0.002592
v -0.227182 -0.364843 -0.024148
v -0.214713 -0.391949 -0.084132
v -0.220490 -0.373169 -0.079477
v -0.222479 -0.385769 -0.105258
v -0.220315 -0.197660 -0.094285
v -0.214105 -0.242683 -0.095813
v -0.219842 -0.363502 -0.008592
v -0.214643 -0.202365 -0.007032
v -0.216147 -0.189216 -0.017469
v -0.217598 -0.189169 -0.081982
v -0.209321 -0.162661 -0.102776
v -0.221069 -0.370932 -0.090108
v -0.214431 -0.185797 -0.094407
v -0.220983 -0.366038 -0.094594
v -0.215436 -0.348063 -0.094818
v -0.201159 -0.262567 -0.096834
v -0.210273 -0.395123 0.002427
v -0.197511 -0.144936 0.001057
v -0.194002 -0.312387 -0.007690
v -0.216023 -0.193025 -0.008523
v -0.217823 -0.375348 -0.018245
v -0.193892 -0.315436 -0.095062
v -0.205381 -0.399153 -0.105623
v -0.177996 -0.254646 -0.104557
v -0.204449 -0.156308 -0.103791
v -0.175122 -0.179604 0.001784
v -0.209787 -0.181129 -0.008395
v -0.211352 -0.377386 -0.012105
v -0.206592 -0.386085 -0.019592
v -0.210578 -0.177103 -0.082267
v -0.206169 -0.386559 -0.078362
v -0.209640 -0.177405 -0.093760
v -0.210076 -0.372266 -0.093984
v -0.207628 -0.184259 -0.096709
v -0.199962 -0.401748 0.002182
v -0.201428 -0.173872 -0.007293
v -0.207941 -0.175016 -0.014192
v -0.192773 -0.136794 -0.063738
v -0.200442 -0.401110 -0.068353
v -0.211683 -0.380463 -0.089337
v -0.204801 -0.381452 -0.094149
v -0.200715 -0.024532 0.002760
v -0.200501 -0.386397 -0.012457
v -0.201229 -0.166814 -0.013463
v -0.202585 -0.166792 -0.029459
v -0.201663 -0.166994 -0.093404
v -0.200481 -0.388302 -0.090721
v -0.175342 -0.173588 -0.096713
v -0.198813 -0.013645 0.003362
v -0.193835 -0.139926 0.002391
v -0.199222 -0.048793 0.002605
v -0.194641 0.003568 0.002789
v -0.195115 0.000806 -0.026419
v -0.200618 -0.026025 -0.102727
v -0.200821 -0.163273 -0.083216
v -0.198614 -0.048458 -0.103104
v -0.195517 0.000810 -0.102556
v -0.184512 -0.409868 0.002222
v -0.194297 -0.066172 0.002558
v -0.191537 -0.157597 -0.008711
v -0.191611 -0.153052 -0.013056
v -0.195431 -0.392960 -0.018911
v -0.195093 -0.393170 -0.088530
v -0.191963 -0.387217 -0.093147
v -0.191457 -0.152732 -0.094635
v -0.182686 -0.410872 -0.105759
v -0.190374 -0.162077 -0.096893
v -0.188275 -0.127328 0.002185
v -0.189602 -0.083011 0.002201
v -0.184765 -0.017207 0.002455
v -0.192058 -0.021522 -0.008437
v -0.197560 -0.376159 -0.008806
v -0.191292 -0.045017 -0.011057
v -0.193413 -0.028739 -0.024401
v -0.189299 -0.130021 -0.045771
v -0.183919 0.022406 -0.052824
v -0.191809 -0.014487 -0.051187
v -0.183315 -0.137633 -0.044461
v -0.192343 -0.046450 -0.069994
v -0.192673 -0.021180 -0.088940
v -0.188104 -0.143785 -0.088554
v -0.184806 -0.409417 -0.083712
v -0.190104 -0.131950 -0.102780
v -0.191668 -0.045620 -0.089692
v -0.185953 0.019882 -0.101837
v -0.191599 -0.029473 -0.093115
v -0.188658 -0.079168 -0.102947
v -0.199494 -0.017572 -0.103099
v -0.189125 0.011512 -0.103376
v -0.162687 -0.308888 0.001559
v -0.185467 -0.110215 0.001968
v -0.182355 0.025390 0.001681
v -0.169279 -0.253219 -0.007961
v -0.185166 -0.160953 -0.007288
v -0.185873 -0.097967 -0.045206
v -0.188659 -0.004142 -0.009175
v -0.188562 -0.392349 -0.012953
v -0.184636 -0.111072 -0.049905
v -0.191484 -0.050337 -0.020889
v -0.179247 -0.399369 -0.023628
v -0.188908 -0.003139 -0.084946
v -0.185152 -0.115494 -0.061403
v -0.179052 -0.399543 -0.086498
v -0.185762 -0.102275 -0.102215
v -0.190307 -0.077411 -0.100400
v -0.185595 -0.116057 -0.103217
v -0.168066 -0.263115 -0.097596
v -0.172390 -0.239184 -0.096819
v -0.187788 -0.009088 -0.094424
v -0.175192 0.033607 0.003012
v -0.181843 -0.143272 -0.008640
v -0.188048 -0.057260 -0.008063
v -0.184881 -0.051139 -0.005938
v -0.184042 -0.004762 -0.005142
v -0.183275 0.005355 -0.008272
v -0.184061 -0.141890 -0.013408
v -0.186526 -0.065253 -0.028536
v -0.183398 -0.078851 -0.032001
v -0.178155 0.018338 -0.057934
v -0.186484 -0.063593 -0.085485
v -0.182608 -0.137009 -0.092841
v -0.180675 0.027348 -0.102989
v -0.184511 0.003767 -0.086579
v -0.183401 -0.069038 -0.094150
v -0.182148 -0.396811 -0.090005
v -0.187077 -0.053935 -0.095478
v -0.182790 0.000642 -0.094203
v -0.182228 -0.011383 -0.095582
v -0.166531 -0.416817 0.002017
v -0.172177 -0.337742 -0.009329
v -0.161838 -0.309473 -0.008704
v -0.183719 -0.072340 -0.008049
v -0.176695 -0.394810 -0.012345
v -0.178571 -0.132092 -0.014420
v -0.179542 0.014251 -0.014692
v -0.173740 0.034279 -0.028144
v -0.181970 -0.397068 -0.017733
v -0.182576 -0.090360 -0.019590
v -0.183220 -0.078562 -0.012925
v -0.177594 0.017369 -0.086415
v -0.174886 0.033920 -0.099290
v -0.183495 -0.075379 -0.089671
v -0.177145 -0.095054 -0.089630
v -0.176852 -0.127169 -0.092208
v -0.179634 -0.082973 -0.094020
v -0.171273 -0.291573 -0.096915
v -0.176192 -0.130828 -0.094335
v -0.164871 0.042766 -0.103064
v -0.158539 -0.387658 0.001119
v -0.153531 -0.248890 0.001875
v -0.176787 -0.134246 -0.009253
v -0.178688 -0.090464 -0.009089
v -0.176123 -0.066891 -0.006508
v -0.174881 0.017972 -0.008408
v -0.171291 -0.376746 -0.009862
v -0.175023 -0.109650 -0.014194
v -0.176222 -0.113380 -0.027466
v -0.175017 0.021686 -0.029450
v -0.179428 -0.129563 -0.053557
v -0.178512 -0.096257 -0.036384
v -0.176289 -0.110782 -0.089018
v -0.178068 -0.126082 -0.085527
v -0.177867 -0.097252 -0.071842
v -0.163790 -0.416817 -0.063839
v -0.172697 -0.397708 -0.093728
v -0.173635 -0.099356 -0.094083
v -0.174744 0.015552 -0.094206
v -0.172445 -0.141480 -0.096190
v -0.175279 -0.078262 -0.095881
v -0.159411 -0.105138 -0.103099
v -0.151353 -0.231141 0.001732
v -0.166288 -0.131541 -0.007643
v -0.171494 -0.114369 -0.007925
v -0.165015 0.032229 -0.014287
v -0.168680 -0.401134 -0.014217
v -0.164082 0.042591 -0.045218
v -0.165975 0.031359 -0.085879
v -0.168017 0.024297 -0.094218
v -0.159955 0.046031 0.003087
v -0.154419 -0.218688 -0.007727
v -0.168666 -0.093074 -0.007165
v -0.166218 0.020370 -0.005873
v -0.163773 0.031320 -0.008639
v -0.165544 -0.406550 -0.018821
v -0.166795 -0.405520 -0.089640
v -0.161865 -0.106394 -0.095981
v -0.165266 0.011039 -0.095401
v -0.134785 -0.380616 -0.105436
v -0.140041 -0.291588 -0.007080
v -0.121655 -0.004676 -0.007204
v -0.162750 -0.408340 -0.087044
v -0.162340 -0.400654 -0.093532
v -0.158513 0.033844 -0.093861
v -0.147355 -0.364860 -0.095033
v -0.161162 -0.017843 -0.095947
v -0.158750 -0.419060 -0.105575
v -0.150183 -0.294131 0.002323
v -0.151762 -0.268018 0.002437
v -0.135724 0.016309 -0.005705
v -0.157180 -0.402670 -0.012559
v -0.153503 0.042238 -0.055589
v -0.153122 0.041962 -0.088049
v -0.141659 -0.308161 -0.096597
v -0.151865 0.050915 0.001605
v -0.133662 -0.266390 -0.005840
v -0.126608 -0.026035 -0.007856
v -0.149686 0.034824 -0.005388
v -0.151444 0.041954 -0.009626
v -0.136265 -0.362895 -0.009090
v -0.161186 -0.408479 -0.018332
v -0.153638 0.049341 -0.043365
v -0.152208 -0.409105 -0.075606
v -0.153893 0.049795 -0.103414
v -0.150131 -0.408481 -0.089097
v -0.151099 0.029906 -0.095715
v -0.126586 -0.193087 -0.103919
v -0.150645 -0.286779 0.010251
v -0.146300 -0.423579 0.001874
v -0.124655 -0.066805 0.001309
v -0.137916 -0.424825 -0.028392
v -0.136219 -0.282852 -0.006277
v -0.140457 -0.237362 -0.009709
v -0.145759 -0.174171 -0.008567
v -0.152406 0.040199 -0.094275
v -0.148305 -0.289205 0.012684
v -0.149938 -0.268589 0.012949
v -0.148807 -0.294482 0.010390
v -0.148479 -0.249408 0.004390
v -0.147907 -0.233087 0.005654
v -0.128637 -0.217411 0.001223
v -0.108801 -0.045619 0.001409
v -0.127288 -0.301358 -0.007334
v -0.128995 -0.219193 -0.007304
v -0.143057 0.043988 -0.007525
v -0.139687 -0.392591 -0.009577
v -0.136813 0.056512 -0.049738
v -0.146372 -0.410617 -0.025272
v -0.145790 0.492420 -0.052598
v -0.145432 0.487505 -0.058460
v -0.114584 -0.382716 -0.093796
v -0.151175 -0.329672 -0.095459
v -0.141112 -0.236698 -0.096632
v -0.129702 -0.049934 -0.096665
v -0.111998 -0.319228 -0.104813
v -0.143014 -0.266867 0.015911
v -0.133655 -0.267191 0.004410
v -0.092743 0.016777 0.002189
v -0.135921 0.056988 0.002480
v -0.141790 0.446144 -0.034978
v -0.140962 0.440384 -0.041127
v -0.142255 0.485936 -0.046686
v -0.141177 0.495895 -0.046272
v -0.143592 0.484489 -0.057719
v -0.139486 0.496336 -0.060269
v -0.136817 -0.425154 -0.105734
v -0.133357 -0.411202 -0.089543
v -0.130296 -0.406064 -0.093209
v -0.110882 -0.285623 -0.097531
v -0.119895 -0.124735 -0.096838
v -0.141999 0.043833 -0.095477
v -0.118082 -0.298734 0.001637
v -0.131204 -0.130251 0.001058
v -0.138319 0.048626 -0.042667
v -0.137661 0.438302 -0.031323
v -0.137283 0.441534 -0.027725
v -0.138694 0.450176 -0.031991
v -0.138063 0.492549 -0.043456
v -0.137695 0.438654 -0.044307
v -0.138355 0.448601 -0.045644
v -0.138685 0.487815 -0.064796
v -0.136925 0.057483 -0.103128
v -0.132281 -0.413445 -0.079343
v -0.136801 0.048535 -0.093462
v -0.104447 -0.399335 -0.094420
v -0.131713 -0.286947 0.014842
v -0.130903 -0.140432 -0.008055
v -0.127342 -0.077301 -0.008804
v -0.135476 0.047952 -0.009440
v -0.131482 -0.413865 -0.023801
v -0.134916 0.448283 -0.027674
v -0.134439 0.484077 -0.044939
v -0.136554 0.443625 -0.047005
v -0.131969 0.482550 -0.057929
v -0.133410 -0.266889 0.016406
v -0.119190 -0.294917 0.007984
v -0.130176 -0.230597 0.005904
v -0.133311 -0.229921 0.001724
v -0.119466 0.060220 0.001648
v -0.134073 -0.408264 -0.013092
v -0.112792 -0.398267 -0.010416
v -0.122609 -0.234318 -0.008803
v -0.127535 0.451865 -0.031287
v -0.121827 0.452515 -0.041425
v -0.093626 -0.260751 -0.097719
v -0.121952 0.060329 -0.102740
v -0.115756 -0.293471 0.005623
v -0.106709 -0.250111 -0.007107
v -0.128054 -0.411025 -0.013732
v -0.121636 0.442958 -0.028356
v -0.113282 0.052694 -0.028011
v -0.127233 0.480558 -0.047652
v -0.120880 0.439310 -0.043077
v -0.119738 0.495176 -0.046239
v -0.125137 0.482821 -0.058303
v -0.117203 -0.293822 0.013309
v -0.114873 -0.430086 0.001886
v -0.119619 -0.056260 -0.007935
v -0.105083 0.042262 -0.006821
v -0.097619 0.052433 -0.011631
v -0.107161 0.437898 -0.031443
v -0.121441 0.448843 -0.043866
v -0.119790 0.051907 -0.083629
v -0.121135 0.487855 -0.058667
v -0.123130 0.523381 -0.064301
v -0.122894 0.526661 -0.061726
v -0.122047 -0.428495 -0.106184
v -0.122970 -0.412377 -0.094110
v -0.066512 -0.176262 -0.097201
v -0.102588 0.012050 -0.096718
v -0.097295 -0.278994 0.016847
v -0.090769 -0.269355 0.017752
v -0.101388 -0.230031 0.006141
v -0.124300 -0.114147 0.000576
v -0.105128 -0.341975 -0.009316
v -0.117027 -0.180389 -0.008135
v -0.092721 0.049277 -0.007954
v -0.112279 -0.418514 -0.013493
v -0.114311 -0.101139 -0.011008
v -0.112969 -0.076827 -0.010365
v -0.120623 -0.417294 -0.017158
v -0.120357 -0.419591 -0.026477
v -0.099163 0.487279 -0.039704
v -0.109890 0.491920 -0.042120
v -0.120708 -0.419440 -0.085503
v -0.114621 0.478085 -0.055490
v -0.117802 0.528349 -0.075368
v -0.110274 0.051707 -0.093777
v -0.101363 -0.363980 -0.094641
v -0.097361 -0.239055 -0.097266
v -0.071134 -0.113497 -0.096852
v -0.106603 0.045246 -0.096284
v -0.115824 -0.297165 0.010965
v -0.056281 -0.415120 0.000725
v -0.110428 -0.107836 -0.000749
v -0.113153 -0.090162 -0.001027
v -0.126813 -0.112531 -0.008905
v -0.103439 -0.038229 -0.007752
v -0.103556 -0.374417 -0.010661
v -0.105753 -0.117292 -0.009827
v -0.117478 -0.422214 -0.016463
v -0.112578 0.454842 -0.038107
v -0.118274 0.479263 -0.051040
v -0.125578 0.494999 -0.058933
v -0.117732 0.520254 -0.054206
v -0.116377 0.531048 -0.059365
v -0.119231 0.518834 -0.064262
v -0.114521 0.529750 -0.065734
v -0.117537 -0.422201 -0.090776
v -0.117281 0.520134 -0.070722
v -0.116124 0.519581 -0.077035
v -0.113003 0.525246 -0.080924
v -0.115305 -0.418733 -0.093149
v -0.093169 -0.433211 0.001317
v -0.103302 -0.143687 -0.008274
v -0.113479 -0.090049 -0.008566
v -0.098650 -0.412562 -0.011768
v -0.100914 -0.057420 -0.009661
v -0.113839 -0.423996 -0.019853
v -0.101540 0.448299 -0.028920
v -0.113922 -0.423978 -0.087314
v -0.104078 -0.431473 -0.057390
v -0.103218 0.438498 -0.040488
v -0.110054 0.475807 -0.046368
v -0.104844 0.524508 -0.053584
v -0.107331 0.533170 -0.058413
v -0.106606 0.517994 -0.068236
v -0.110983 0.532472 -0.069794
v -0.081170 -0.194105 -0.097505
v -0.097223 -0.432898 -0.105722
v -0.106145 -0.268066 0.003674
v -0.104735 -0.115770 -0.000874
v -0.108032 -0.074089 -0.001186
v -0.097854 -0.122918 -0.009216
v -0.109810 -0.108756 -0.009588
v -0.102248 0.438122 -0.028994
v -0.102910 0.451565 -0.033724
v -0.102817 0.456399 -0.038515
v -0.100356 0.450858 -0.040064
v -0.105708 0.478058 -0.042562
v -0.107389 0.519440 -0.050752
v -0.100812 0.477748 -0.053790
v -0.101885 0.516968 -0.052171
v -0.080119 0.055265 -0.084890
v -0.108615 0.517482 -0.079561
v -0.104274 0.529976 -0.071873
v -0.076193 -0.306213 -0.097059
v -0.064083 -0.143106 -0.097269
v -0.057334 -0.297041 0.008898
v -0.082189 -0.292265 0.005544
v -0.096030 -0.124234 -0.000568
v -0.107640 -0.074850 -0.004129
v -0.087925 -0.268817 -0.006522
v -0.093887 -0.226691 -0.007182
v -0.103738 0.520692 -0.042574
v -0.102544 0.474683 -0.049615
v -0.101260 0.488716 -0.054541
v -0.098270 0.516895 -0.060869
v -0.091580 0.531462 -0.059721
v -0.098753 0.519014 -0.069360
v -0.090482 0.061950 -0.103201
v -0.097184 -0.230052 0.004871
v -0.094738 0.061071 0.002199
v -0.100556 -0.060423 -0.001289
v -0.101879 -0.065610 -0.004470
v -0.091689 -0.013665 -0.007455
v -0.087191 0.054150 -0.026884
v -0.098716 0.511472 -0.026811
v -0.098036 0.522966 -0.031658
v -0.100872 0.457478 -0.033850
v -0.101160 0.474396 -0.041420
v -0.099069 0.512599 -0.040236
v -0.098153 0.522219 -0.040839
v -0.100792 0.460994 -0.054518
v -0.101990 0.471835 -0.056841
v -0.095661 0.527252 -0.055760
v -0.098477 0.527596 -0.069019
v -0.100842 0.531134 -0.067586
v -0.095728 0.518163 -0.075486
v -0.101314 0.524982 -0.079708
v -0.074717 0.054782 -0.092867
v -0.093398 0.052174 -0.095487
v -0.092744 -0.237911 0.003648
v -0.092225 -0.039938 0.001689
v -0.092849 -0.051904 -0.001333
v -0.067914 -0.155550 -0.008315
v -0.088750 -0.129407 -0.009469
v -0.097673 0.426975 -0.018750
v -0.096183 0.451143 -0.016825
v -0.095830 0.477339 -0.023461
v -0.098106 0.479259 -0.026644
v -0.098901 0.505899 -0.027793
v -0.096025 0.522948 -0.027950
v -0.095138 0.524978 -0.038784
v -0.099167 0.491104 -0.045385
v -0.084035 -0.434544 -0.047505
v -0.100611 0.460132 -0.043658
v -0.097363 0.514064 -0.056974
v -0.098202 0.492348 -0.052136
v -0.093371 0.531551 -0.066166
v -0.055541 -0.022274 -0.096916
v -0.077650 -0.108570 -0.103248
v -0.092096 -0.238199 0.016424
v -0.092571 -0.231145 0.017075
v -0.093119 -0.243167 0.014994
v -0.093498 -0.229222 0.001381
v -0.045351 -0.300573 0.001065
v -0.094029 -0.055750 -0.004830
v -0.079828 -0.247335 -0.006652
v -0.086862 -0.045550 -0.008377
v -0.085551 0.042666 -0.007581
v -0.098226 0.433022 -0.016907
v -0.092478 0.475013 -0.015911
v -0.070586 -0.421605 -0.015486
v -0.088547 0.062109 -0.032034
v -0.092806 0.472591 -0.019983
v -0.097744 0.431421 -0.034273
v -0.089450 0.507612 -0.029345
v -0.089630 0.540798 -0.045264
v -0.095547 0.459025 -0.043730
v -0.089918 0.473764 -0.057104
v -0.089032 0.062480 -0.092955
v -0.090706 -0.243846 0.008079
v -0.093202 -0.230005 0.007617
v -0.089397 -0.269758 0.003698
v -0.078325 -0.232516 0.002418
v -0.087505 0.060771 0.003523
v -0.077804 -0.131908 -0.000426
v -0.088643 -0.127587 -0.001917
v -0.089991 0.414926 -0.008815
v -0.085819 0.428854 -0.005517
v -0.091283 0.450473 -0.012274
v -0.090637 0.454796 -0.011558
v -0.091553 0.464085 -0.013332
v -0.089581 0.471456 -0.012282
v -0.066133 -0.349223 -0.009737
v -0.085506 0.051631 -0.012783
v -0.090027 0.479711 -0.023610
v -0.085048 0.416454 -0.028892
v -0.084573 0.502631 -0.028271
v -0.088718 0.522918 -0.028217
v -0.090004 0.522757 -0.035932
v -0.092884 0.437892 -0.038162
v -0.083346 0.055398 -0.064164
v -0.089651 0.518271 -0.062899
v -0.088546 0.534588 -0.065695
v -0.088289 0.524450 -0.067641
v -0.093778 0.525915 -0.074310
v -0.036786 -0.419924 -0.093238
v -0.071251 -0.333525 -0.095365
v -0.033919 -0.403965 -0.106197
v -0.086159 0.146586 0.007665
v -0.078780 -0.232214 0.007409
v -0.085776 0.055102 0.005748
v -0.086729 0.069549 0.006980
v -0.084021 0.216620 0.007418
v -0.086369 0.000870 0.003917
v -0.086757 0.145788 0.005052
v -0.083910 -0.046781 -0.000434
v -0.086708 0.116727 -0.016901
v -0.083118 0.404345 -0.000219
v -0.083342 -0.048963 -0.004599
v -0.086854 0.078650 -0.014418
v -0.085876 0.163930 -0.013105
v -0.066852 -0.225023 -0.007512
v -0.067634 -0.383174 -0.010750
v -0.084005 0.459731 -0.015205
v -0.085539 0.127630 -0.019100
v -0.086477 0.472251 -0.020057
v -0.070476 -0.424221 -0.019072
v -0.087288 0.069903 -0.053474
v -0.081502 0.407065 -0.024212
v -0.085340 0.088106 -0.032826
v -0.084975 0.103564 -0.025851
v -0.084176 0.513158 -0.027088
v -0.084908 0.520128 -0.031608
v -0.084247 0.511488 -0.034716
v -0.079969 0.524722 -0.041002
v -0.084290 0.458999 -0.042150
v -0.087708 0.479140 -0.048937
v -0.081267 0.558999 -0.051957
v -0.083580 0.083648 -0.063807
v -0.084610 0.464015 -0.053217
v -0.083535 0.549928 -0.065480
v -0.083222 0.518201 -0.059755
v -0.061710 -0.436734 -0.083445
v -0.084881 0.080592 -0.097846
v -0.055133 0.046474 -0.095980
v -0.086520 0.064273 -0.099502
v -0.073205 -0.352401 -0.105030
v -0.044378 0.034592 -0.103358
v -0.078292 -0.242185 0.009958
v -0.082593 0.192142 0.008144
v -0.082479 0.255544 0.008927
v -0.081592 0.281297 0.009362
v -0.081585 0.335821 0.008927
v -0.081014 0.397858 0.009506
v -0.083837 0.107479 0.007119
v -0.069897 -0.267179 0.001366
v -0.079967 0.400650 0.004224
v -0.081195 0.412978 -0.000015
v -0.070721 -0.140285 0.000358
v -0.080809 0.398948 -0.011400
v -0.083946 0.204379 -0.015294
v -0.082068 0.267079 -0.013193
v -0.073977 -0.134201 -0.009627
v -0.075049 0.056146 -0.008854
v -0.080982 0.448144 -0.014590
v -0.080649 0.454949 -0.011527
v -0.084474 0.469654 -0.013329
v -0.045585 -0.419471 -0.012634
v -0.082397 0.055398 -0.019911
v -0.080336 0.268416 -0.017035
v -0.079596 0.394800 -0.014848
v -0.080779 0.464136 -0.021628
v -0.083380 0.142357 -0.019867
v -0.081999 0.480086 -0.026507
v -0.079756 0.146175 -0.021299
v -0.079366 0.106032 -0.029021
v -0.080025 0.111946 -0.025701
v -0.080400 0.500821 -0.033723
v -0.081559 0.089285 -0.045962
v -0.076813 0.097760 -0.040214
v -0.079562 0.463188 -0.041548
v -0.080174 0.473924 -0.045417
v -0.056963 0.535946 -0.046104
v -0.086847 0.500942 -0.054004
v -0.083243 0.473298 -0.054077
v -0.077457 0.088972 -0.073077
v -0.082673 0.546208 -0.068508
v -0.075464 0.558133 -0.070416
v -0.077863 0.088493 -0.097291
v -0.063718 -0.381981 -0.093985
v -0.024817 -0.249384 -0.097043
v -0.067042 -0.436948 -0.106418
v -0.038171 -0.021715 -0.103207
v -0.067686 -0.230756 0.012541
v -0.074942 0.138933 0.007841
v -0.078995 0.396780 0.010057
v -0.078082 -0.235108 0.006395
v -0.060975 -0.436526 0.001240
v -0.034270 -0.269993 0.003057
v -0.066816 -0.254218 0.001119
v -0.063477 -0.035687 0.002680
v -0.063626 -0.003821 0.004677
v -0.043786 -0.230703 0.000697
v -0.063698 0.014355 -0.004893
v -0.075988 0.041115 -0.006219
v -0.076808 0.061540 -0.014949
v -0.077108 0.362566 -0.016679
v -0.077426 0.453626 -0.018851
v -0.078039 0.060799 -0.024609
v -0.076426 0.394184 -0.018418
v -0.079414 0.124004 -0.022615
v -0.074738 0.446197 -0.035732
v -0.077922 0.059825 -0.063601
v -0.075468 0.090532 -0.056478
v -0.043446 0.015791 -0.096851
v -0.048192 -0.285851 0.016397
v -0.056341 -0.291736 0.004957
v -0.067576 -0.269014 0.010538
v -0.068763 0.060266 0.006651
v -0.069442 0.407581 0.000509
v -0.074463 0.433752 -0.011756
v -0.069075 -0.046386 -0.005079
v -0.042871 -0.308437 -0.006940
v -0.061691 -0.021591 -0.006540
v -0.072363 0.075210 -0.026802
v -0.075387 0.225705 -0.019609
v -0.074969 0.286983 -0.017729
v -0.073142 0.416356 -0.026123
v -0.073564 0.065339 -0.030434
v -0.066105 0.066998 -0.036916
v -0.067475 0.064321 -0.042864
v -0.072291 0.561924 -0.054394
v -0.068900 0.090505 -0.095502
v -0.053784 -0.410234 -0.094310
v -0.040614 -0.322814 -0.095861
v -0.070655 0.062634 -0.102666
v -0.050958 -0.231236 0.017363
v -0.064518 0.387205 0.008998
v -0.068723 0.404982 0.004666
v -0.071498 0.094741 0.000511
v -0.071626 0.255618 0.000115
v -0.071273 0.402704 0.000187
v -0.073637 0.095874 -0.004410
v -0.073759 0.234254 -0.004479
v -0.073512 0.401350 -0.004254
v -0.047450 -0.140326 -0.008784
v -0.066568 0.072398 -0.008892
v -0.073706 0.099246 -0.008672
v -0.073725 0.224763 -0.008677
v -0.073694 0.398550 -0.008606
v -0.073506 0.069470 -0.012950
v -0.068077 0.077107 -0.013679
v -0.071390 0.096595 -0.012881
v -0.071516 0.222820 -0.013142
v -0.071463 0.401391 -0.012702
v -0.072826 0.375500 -0.017260
v -0.064773 0.486035 -0.030920
v -0.057825 -0.436794 -0.050884
v -0.061454 0.479557 -0.046021
v -0.074972 0.089811 -0.059038
v -0.045547 0.520919 -0.059647
v -0.064539 0.063973 -0.069405
v 0.018790 -0.271030 -0.104671
v -0.065293 -0.244434 0.015127
v -0.056368 0.266897 0.008713
v -0.064194 -0.135058 -0.000506
v -0.067590 0.098065 0.002839
v -0.067420 0.232752 0.002781
v -0.067236 0.304540 0.002915
v -0.067333 0.398864 0.002547
v -0.067010 0.092036 -0.006114
v -0.067044 0.405146 -0.004712
v -0.050255 -0.325741 -0.007918
v -0.039829 -0.280552 -0.006947
v -0.064866 -0.135387 -0.009418
v -0.067352 0.101258 -0.015330
v -0.067259 0.221887 -0.015558
v -0.067377 0.286628 -0.014937
v -0.067368 0.398671 -0.014838
v -0.066942 0.078813 -0.022435
v -0.038639 0.134107 -0.021934
v -0.062500 0.077023 -0.030245
v -0.055225 0.094876 -0.039698
v -0.051818 0.560842 -0.052804
v -0.057175 0.560805 -0.071896
v -0.057891 0.062270 -0.079470
v -0.057577 -0.245027 0.014541
v -0.032793 0.397532 0.009557
v -0.023987 -0.042712 -0.000345
v -0.046870 0.098895 0.002913
v -0.056728 0.067070 -0.007584
v -0.053267 0.441555 -0.016385
v -0.045207 -0.407794 -0.010021
v -0.061033 0.097107 -0.014692
v -0.046683 0.240497 -0.015442
v -0.036204 0.269304 -0.017905
v -0.051465 -0.424880 -0.029982
v -0.058807 -0.424164 -0.086838
v -0.051708 0.432209 -0.029141
v -0.055761 0.054980 -0.093811
v -0.059411 -0.296077 0.013773
v -0.036557 -0.241246 0.009726
v -0.043000 -0.267088 0.001406
v -0.046827 0.232657 0.002754
v -0.046778 0.405129 -0.004772
v -0.053587 -0.181701 -0.008155
v -0.055222 -0.042537 -0.008873
v -0.046387 0.398777 -0.014773
v -0.048305 0.078662 -0.014350
v -0.038598 0.227915 -0.019582
v -0.052295 0.402690 -0.020488
v -0.042317 0.113825 -0.025640
v -0.052830 0.066155 -0.039805
v -0.049434 0.065104 -0.064028
v -0.039021 0.089347 -0.078742
v -0.044064 0.560115 -0.070661
v -0.027609 0.064123 -0.099580
v -0.047097 -0.296100 0.014341
v -0.053346 -0.242325 0.016168
v -0.011100 -0.268336 0.007473
v -0.033223 0.387924 0.008925
v -0.035477 -0.231064 0.008831
v -0.039565 0.403195 0.004493
v -0.042881 0.407293 0.001358
v -0.033013 -0.045672 -0.001256
v -0.042698 0.094703 0.000341
v -0.049206 0.072905 -0.009296
v -0.044320 -0.371898 -0.010328
v -0.037698 0.362431 -0.016699
v -0.039614 0.394129 -0.018067
v -0.032978 0.053607 -0.094319
v -0.040967 0.089604 -0.096886
v -0.029134 0.062911 -0.102897
v -0.040935 -0.242877 0.012449
v -0.030820 0.152317 0.007587
v -0.032153 0.312250 0.008971
v -0.049869 -0.285270 0.004120
v -0.036670 -0.234969 0.006933
v -0.039338 -0.291992 0.003678
v -0.035578 -0.233036 0.002323
v -0.027467 -0.035889 0.000838
v -0.058842 -0.168588 0.000662
v -0.046806 0.398392 0.002571
v -0.042454 0.402418 0.000105
v -0.046972 0.092163 -0.006516
v -0.011084 -0.248619 -0.007655
v -0.028102 -0.034902 -0.009059
v -0.043243 0.056229 -0.008182
v -0.040972 -0.134728 -0.009171
v -0.032082 -0.042170 -0.009646
v -0.046611 0.102070 -0.015473
v -0.045168 0.078036 -0.025180
v -0.045192 0.489643 -0.031781
v -0.044442 0.074796 -0.029660
v -0.034202 0.106604 -0.029361
v -0.037350 0.097611 -0.039918
v -0.045801 0.064164 -0.046222
v -0.040655 0.089489 -0.059062
v -0.036655 0.560653 -0.053324
v -0.044125 0.061654 -0.076375
v -0.026117 -0.271123 0.017300
v -0.038654 -0.291486 0.005972
v -0.040898 -0.284681 0.004293
v -0.033372 0.400580 0.003297
v -0.018680 -0.435314 0.001249
v -0.021277 -0.138701 0.000055
v -0.041764 -0.134365 -0.000493
v -0.040008 0.429541 -0.010320
v -0.022622 -0.269028 -0.006718
v -0.047212 -0.226499 -0.007304
v -0.028495 -0.017628 -0.008979
v -0.037130 0.005219 -0.006019
v -0.037861 0.039167 -0.006641
v -0.044047 0.063760 -0.009814
v -0.046582 -0.107751 -0.014541
v -0.043526 -0.105634 -0.013709
v -0.042386 0.096591 -0.012934
v -0.027632 -0.423938 -0.017357
v -0.034073 0.150402 -0.021053
v -0.032940 0.116582 -0.024040
v -0.045887 0.066102 -0.036277
v -0.032410 0.523547 -0.040662
v -0.035886 0.490152 -0.049823
v -0.019868 -0.437424 -0.106174
v -0.029103 -0.382072 -0.094403
v -0.027444 0.064907 0.006714
v -0.028539 0.018533 0.004344
v 0.036342 -0.422995 0.000625
v -0.042544 0.232806 0.000199
v -0.040807 0.099701 -0.004376
v -0.040538 0.202578 -0.004558
v -0.039802 0.400984 -0.004638
v -0.017335 -0.436050 -0.007564
v -0.039852 -0.108672 -0.009134
v -0.040716 0.100019 -0.009057
v -0.040445 0.206524 -0.008920
v -0.039751 0.398294 -0.008639
v -0.043876 0.076660 -0.014630
v -0.042347 0.229240 -0.013275
v -0.042263 0.401554 -0.012828
v -0.039336 0.061424 -0.013998
v -0.040307 0.074578 -0.022184
v -0.032081 0.405714 -0.022023
v -0.016779 -0.436822 -0.049406
v -0.036840 0.432609 -0.029942
v -0.035848 0.462255 -0.040225
v -0.034108 0.475701 -0.045350
v -0.033719 0.558876 -0.051073
v -0.036561 0.089411 -0.059522
v -0.008219 -0.297045 0.008771
v -0.027350 0.108907 0.006902
v -0.023961 -0.159410 -0.008334
v -0.038538 -0.108651 -0.012630
v -0.036356 0.451333 -0.018416
v -0.037238 0.061470 -0.025228
v -0.035191 0.468373 -0.024430
v -0.018246 -0.424497 -0.020116
v -0.040244 0.065033 -0.030319
v -0.022680 0.533918 -0.042468
v -0.035901 0.060024 -0.068552
v -0.030726 -0.409847 -0.094869
v -0.034687 -0.296469 -0.096982
v -0.030633 -0.082292 -0.096852
v -0.014097 0.061326 -0.103357
v -0.031477 0.266611 0.008675
v -0.024083 -0.293944 0.006368
v -0.022800 -0.296420 0.003434
v -0.033457 0.417319 -0.001734
v -0.029303 0.431441 -0.006585
v -0.029280 0.043117 -0.009122
v -0.033171 0.455466 -0.010740
v -0.029689 0.051942 -0.013796
v -0.031110 0.449242 -0.013790
v -0.032907 0.458810 -0.015357
v -0.032200 0.470325 -0.015044
v -0.034444 0.376066 -0.013852
v -0.035454 0.395815 -0.016760
v -0.033687 0.464862 -0.020806
v -0.031251 0.055713 -0.024277
v -0.032699 0.502898 -0.026706
v -0.032080 0.484600 -0.027857
v -0.032400 0.505794 -0.033822
v -0.035008 0.092816 -0.044803
v -0.031932 0.457744 -0.039845
v -0.012500 -0.424342 -0.069272
v -0.033820 0.469680 -0.048298
v -0.019508 0.517245 -0.059303
v -0.012839 -0.436215 -0.078159
v -0.032010 0.055258 -0.084946
v -0.034655 0.087178 -0.096691
v -0.023813 -0.269006 0.016712
v -0.021649 -0.242833 0.015186
v -0.008776 -0.296598 0.010418
v -0.025520 -0.292628 0.013539
v -0.025895 -0.239631 0.003431
v -0.028608 0.163504 0.006869
v -0.030147 0.222282 0.007024
v -0.028968 0.407765 -0.004130
v -0.030478 -0.045348 -0.005313
v -0.031021 0.237828 -0.012479
v -0.032762 0.331770 -0.011468
v -0.033483 0.396440 -0.010306
v -0.023910 -0.130922 -0.008941
v -0.027214 0.012644 -0.008057
v -0.027754 0.468354 -0.011888
v -0.029185 0.472685 -0.020366
v -0.029031 0.117511 -0.019850
v -0.032983 0.241613 -0.016934
v -0.030372 0.497680 -0.028305
v -0.029082 0.523630 -0.028762
v -0.031758 0.511191 -0.036004
v -0.029272 0.055263 -0.059797
v -0.027877 0.443036 -0.036540
v -0.027304 0.546852 -0.047496
v -0.030400 0.460976 -0.050876
v -0.029443 0.469265 -0.054345
v -0.029815 0.474197 -0.053750
v -0.025019 0.535503 -0.065350
v -0.032325 0.551090 -0.069384
v -0.029721 0.081494 -0.097709
v 0.028424 -0.348575 -0.105613
v -0.022272 -0.230830 0.016912
v -0.023831 -0.240790 0.006063
v -0.019721 -0.230289 0.004970
v -0.016786 -0.267692 0.001670
v -0.017774 -0.229139 0.000504
v -0.026708 0.060279 0.001031
v -0.025386 -0.130206 -0.001268
v -0.026244 0.009560 0.001099
v -0.020577 -0.045194 -0.008899
v -0.023653 0.048676 -0.007641
v -0.027001 0.060965 -0.003946
v -0.026424 0.067479 -0.044172
v -0.027455 0.086031 -0.020163
v -0.029494 0.178167 -0.014685
v -0.023989 0.455280 -0.012171
v -0.012067 -0.404083 -0.010623
v -0.015730 -0.136329 -0.009333
v -0.025544 0.472588 -0.019983
v -0.025336 0.062311 -0.042117
v -0.022574 0.418575 -0.024238
v -0.017015 0.480587 -0.022542
v -0.023470 0.421368 -0.028010
v -0.020256 0.504637 -0.028732
v -0.029867 0.510981 -0.026613
v -0.029094 0.100758 -0.027782
v -0.027835 0.505520 -0.030323
v -0.024984 0.523782 -0.035620
v -0.029371 0.087594 -0.040975
v -0.029467 0.082496 -0.062785
v -0.024651 0.480697 -0.049200
v -0.025526 0.063440 -0.093606
v 0.002696 -0.379123 -0.094252
v 0.009008 -0.000477 -0.096274
v -0.019853 -0.237702 0.004623
v -0.021185 -0.049939 -0.004401
v -0.020591 -0.046916 -0.001757
v -0.020748 0.418745 -0.012560
v -0.021936 0.450235 -0.013132
v -0.021112 0.499739 -0.028005
v -0.017992 0.523064 -0.028182
v -0.015643 0.456004 -0.040523
v -0.019715 0.524887 -0.039065
v -0.016922 0.461753 -0.050761
v -0.021657 0.530276 -0.060370
v -0.013932 0.475616 -0.057232
v -0.023404 0.062310 -0.087651
v -0.021869 0.525507 -0.060949
v 0.018584 -0.415343 -0.093870
v -0.011485 -0.333771 -0.094738
v 0.023032 -0.157788 -0.096568
v 0.028907 -0.070778 -0.096347
v -0.014607 0.048333 -0.096074
v 0.013834 -0.434178 -0.107418
v -0.020543 -0.229664 0.010433
v -0.013481 -0.256802 0.001752
v -0.018227 0.060102 0.001213
v -0.013002 -0.219037 -0.007505
v -0.016443 -0.054083 -0.008170
v -0.016719 0.051637 -0.012133
v -0.014058 0.427957 -0.019918
v -0.017674 0.457123 -0.018655
v -0.016487 0.477902 -0.022569
v -0.024793 0.053577 -0.025561
v -0.015611 0.506978 -0.028320
v -0.015883 0.508188 -0.026745
v -0.015229 0.428394 -0.032481
v -0.008208 0.439666 -0.040776
v -0.018980 0.527884 -0.052320
v 0.002677 0.051852 -0.046619
v -0.013711 0.482032 -0.052752
v -0.015577 0.494852 -0.052965
v -0.013054 0.468810 -0.057365
v -0.015577 0.519263 -0.068374
v 0.046051 -0.242988 -0.096265
v 0.033768 -0.124480 -0.103143
v -0.000636 -0.269230 0.012783
v -0.010973 -0.297627 0.001015
v -0.011811 -0.122048 -0.000818
v -0.003610 0.060506 0.000251
v -0.014530 -0.057014 -0.003857
v 0.001746 -0.183139 -0.008973
v -0.010869 -0.122497 -0.008879
v -0.012753 -0.008770 -0.008486
v -0.003703 0.027915 -0.009069
v -0.005212 -0.064062 -0.010808
v 0.004014 0.060447 -0.027928
v -0.016091 0.457685 -0.020017
v -0.011580 0.451235 -0.031917
v -0.011210 0.467648 -0.035816
v -0.014445 0.482518 -0.037979
v -0.014323 0.487958 -0.041919
v -0.016452 0.519087 -0.040586
v -0.006279 0.433045 -0.038832
v -0.008395 0.450876 -0.040578
v -0.015355 0.525160 -0.043220
v -0.014243 0.488944 -0.049720
v -0.015897 0.514054 -0.047568
v -0.017247 0.514448 -0.057642
v -0.010805 0.530068 -0.071247
v -0.007422 -0.066406 -0.004519
v 0.004330 -0.331301 -0.009144
v -0.009631 -0.063309 -0.008145
v 0.010926 -0.357577 -0.009907
v -0.010076 0.433927 -0.026899
v -0.010420 0.448843 -0.029703
v -0.011972 0.478742 -0.042736
v -0.011032 0.519179 -0.040751
v -0.007995 0.527247 -0.045621
v -0.009895 0.461149 -0.053758
v -0.009670 0.477679 -0.054164
v -0.011993 0.487947 -0.054149
v -0.013378 0.517344 -0.058053
v -0.012660 0.533317 -0.061031
v 0.010992 -0.296861 -0.096491
v -0.001269 -0.108839 -0.001120
v -0.005235 -0.115538 -0.010237
v -0.007170 0.047798 -0.008395
v -0.000370 -0.050886 -0.009511
v 0.009719 -0.018323 -0.009645
v -0.003270 0.432505 -0.030354
v -0.004395 0.459751 -0.036459
v -0.005686 0.464953 -0.045379
v -0.007351 0.473790 -0.047436
v -0.006260 0.518544 -0.044144
v -0.005143 0.457523 -0.045962
v -0.007413 0.475266 -0.051059
v -0.006915 0.473649 -0.054468
v -0.001552 0.517785 -0.054570
v -0.005647 0.532001 -0.056324
v -0.003131 0.517595 -0.074676
v 0.006131 0.060351 -0.102674
v -0.005069 0.524718 -0.077240
v -0.003224 0.050148 -0.094017
v 0.022777 -0.263617 -0.096976
v -0.006887 0.051954 -0.093654
v 0.035033 -0.406884 -0.107228
v 0.085187 -0.028789 -0.103042
v -0.000975 -0.229964 0.003957
v 0.001656 -0.044346 -0.000133
v -0.000794 -0.102807 -0.005156
v -0.000659 -0.075291 -0.004837
v 0.011638 -0.408659 -0.010514
v 0.005214 -0.129027 -0.009176
v 0.000069 -0.105227 -0.010551
v 0.002321 -0.078865 -0.009481
v 0.016989 -0.423909 -0.019639
v 0.004046 0.448666 -0.030011
v -0.003900 0.450758 -0.037731
v -0.000985 0.489902 -0.056922
v -0.000929 0.520786 -0.054360
v -0.002052 0.527135 -0.057820
v 0.009155 0.516614 -0.066696
v 0.011196 -0.325241 -0.095428
v 0.025447 -0.117636 -0.096285
v 0.014618 -0.285227 0.009545
v 0.014906 -0.296592 0.007107
v 0.017385 -0.432451 0.000422
v 0.000224 -0.067493 -0.001993
v 0.003690 -0.086826 -0.001205
v 0.026655 -0.280920 -0.007773
v 0.004770 -0.235074 -0.009296
v 0.006597 -0.148187 -0.009459
v 0.002431 -0.089730 -0.008729
v 0.015281 -0.420359 -0.013209
v 0.014308 0.447592 -0.043563
v 0.005583 0.446014 -0.043448
v 0.009806 0.493726 -0.053760
v -0.001193 0.533125 -0.061308
v 0.024653 -0.295758 0.000431
v 0.016888 -0.260091 -0.007762
v 0.020669 0.048976 -0.011874
v 0.007858 0.435844 -0.027412
v 0.005846 0.432279 -0.029840
v 0.008826 0.433882 -0.043168
v 0.006736 0.478650 -0.043265
v 0.006404 0.491290 -0.043755
v 0.020393 0.476641 -0.055015
v 0.003572 0.476099 -0.057268
v 0.005965 0.520410 -0.058088
v 0.009202 0.527776 -0.062471
v 0.022161 0.048930 -0.086439
v 0.005349 0.520454 -0.078596
v 0.029194 -0.269083 0.009046
v 0.031386 -0.248274 0.000875
v 0.019695 -0.107735 -0.010309
v 0.024707 0.025256 -0.009142
v 0.018696 -0.432316 -0.063790
v 0.023268 0.447842 -0.039704
v 0.010916 0.476111 -0.046714
v 0.016017 0.476341 -0.057636
v 0.015777 -0.424013 -0.087098
v 0.015474 0.490043 -0.062188
v 0.010405 0.519378 -0.062855
v 0.009461 0.525725 -0.074683
v 0.038290 -0.391937 -0.094817
v 0.037005 -0.214620 -0.096612
v 0.038165 -0.029769 -0.096148
v 0.045658 -0.300725 0.000376
v 0.018299 -0.122980 -0.000010
v 0.019661 0.057988 0.000022
v 0.014096 -0.064724 -0.009985
v 0.014617 0.433212 -0.031018
v 0.024038 0.491531 -0.048629
v 0.025056 0.494442 -0.054361
v 0.010655 0.518439 -0.073316
v 0.042236 -0.426138 0.001112
v 0.034380 -0.268584 0.000627
v 0.031288 -0.232641 -0.010261
v 0.024309 0.044398 -0.008734
v 0.025353 0.048483 -0.022149
v 0.018006 0.478976 -0.046438
v 0.017475 0.444158 -0.048333
v 0.024887 0.493804 -0.060511
v 0.020479 0.058070 -0.103328
v 0.029890 0.037712 -0.095518
v 0.033507 -0.229718 0.001693
v 0.066421 0.031687 0.000235
v 0.029681 -0.411570 -0.012787
v 0.019899 -0.084492 -0.009708
v 0.020855 -0.420042 -0.016684
v 0.020347 0.447092 -0.032163
v 0.024249 0.056323 -0.051402
v 0.023665 0.433686 -0.038013
v 0.020277 0.433067 -0.045381
v 0.022364 0.437230 -0.047876
v 0.025339 0.480505 -0.050741
v 0.018971 -0.421922 -0.090727
v 0.001185 -0.220228 -0.104257
v 0.033412 -0.249475 -0.009284
v 0.044278 -0.215943 -0.008996
v 0.022165 -0.420534 -0.031879
v 0.024371 0.436987 -0.035146
v 0.024375 0.444554 -0.034912
v 0.023162 0.443340 -0.047349
v 0.022850 0.489695 -0.063941
v 0.020121 0.047954 -0.094181
v 0.030621 -0.414683 -0.089016
v 0.050758 -0.360784 -0.095048
v 0.042963 -0.325756 -0.095244
v 0.073347 -0.214413 -0.095911
v 0.038474 0.036138 -0.008961
v 0.040347 -0.136882 -0.010010
v 0.032937 -0.415075 -0.022058
v 0.026324 0.440480 -0.041912
v 0.034440 -0.414424 -0.071756
v 0.025824 0.482205 -0.058244
v 0.028067 0.489782 -0.057870
v 0.031854 0.054099 -0.102727
v 0.033790 0.041243 -0.094577
v 0.035375 -0.429626 -0.108020
v 0.038676 -0.293619 0.006854
v 0.038077 -0.428352 -0.000385
v 0.039479 -0.294057 0.000542
v 0.038460 -0.270221 0.000371
v 0.034560 -0.228828 0.000070
v 0.035989 -0.297514 -0.008945
v 0.036028 -0.271253 -0.009193
v 0.067728 -0.364220 -0.009739
v 0.039184 0.041325 -0.012010
v 0.036476 -0.415125 -0.037769
v 0.042232 0.041501 -0.029741
v 0.038785 -0.427753 -0.064136
v 0.033326 0.044505 -0.088362
v 0.032029 -0.406528 -0.093839
v 0.050159 -0.072167 -0.010187
v 0.043311 -0.412900 -0.019360
v 0.078773 -0.059423 -0.102957
v 0.037761 -0.268900 0.007320
v 0.071773 -0.113535 0.000128
v 0.032074 0.054232 0.000148
v 0.075187 -0.328686 -0.009272
v 0.058395 -0.178803 -0.010111
v 0.041982 0.040271 -0.084736
v 0.045799 -0.411607 -0.081566
v 0.039761 -0.411791 -0.089312
v 0.043107 0.032505 -0.093995
v 0.057242 -0.084590 -0.095668
v 0.064118 -0.189614 -0.104302
v 0.083654 -0.050737 -0.000040
v 0.048018 -0.272672 -0.008544
v 0.052810 -0.407986 -0.012803
v 0.065833 -0.397467 -0.011849
v 0.058332 -0.010901 -0.010104
v 0.049040 0.035041 -0.012118
v 0.040729 0.049836 -0.048234
v 0.052563 -0.423432 -0.066648
v 0.049896 0.044252 -0.103150
v 0.040989 0.039324 -0.090367
v 0.059627 -0.287227 -0.097141
v 0.058042 -0.121297 -0.094637
v 0.050600 0.017330 -0.095287
v 0.085916 -0.328890 -0.106785
v 0.078890 -0.241480 -0.105449
v 0.071402 -0.089247 0.000108
v 0.058008 -0.299682 -0.009144
v 0.061259 0.015413 -0.009173
v 0.051230 0.043181 -0.044063
v 0.054913 -0.423190 -0.108713
v 0.062989 -0.408009 -0.086861
v 0.061756 -0.401315 -0.093736
v 0.050756 -0.424410 0.000138
v 0.072297 -0.411988 0.001367
v 0.073728 -0.394434 -0.011534
v 0.059662 -0.087131 -0.009549
v 0.053844 0.032744 -0.024240
v 0.053380 0.031347 -0.080886
v 0.055868 0.026109 -0.089886
v 0.055734 0.020628 -0.093895
v 0.073136 -0.012803 -0.095434
v 0.059284 -0.130893 -0.008620
v 0.057938 -0.111948 -0.009021
v 0.066794 -0.401316 -0.013422
v 0.065946 -0.145446 -0.009758
v 0.059632 0.024781 -0.012376
v 0.062034 -0.408378 -0.019475
v 0.060553 -0.162296 -0.095473
v 0.064669 0.009769 -0.095376
v 0.084949 0.001615 -0.000067
v 0.053198 0.043648 -0.000578
v 0.061480 -0.103440 -0.012630
v 0.067123 -0.058837 -0.009370
v 0.066459 -0.406634 -0.089814
v 0.060553 -0.095489 -0.093961
v 0.093591 -0.265441 -0.096894
v 0.077395 -0.383120 -0.107634
v 0.076051 -0.412372 -0.000207
v 0.076021 -0.258856 -0.009227
v 0.071212 -0.414777 -0.021078
v 0.066018 -0.084518 -0.012793
v 0.067734 0.015588 -0.012315
v 0.067164 -0.406272 -0.017291
v 0.063230 -0.126229 -0.011992
v 0.061361 0.035081 -0.049436
v 0.065480 -0.127436 -0.028650
v 0.063414 -0.101513 -0.024750
v 0.063189 -0.113414 -0.045233
v 0.063959 -0.099424 -0.060515
v 0.062738 -0.117596 -0.088200
v 0.061940 0.033598 -0.103305
v 0.065669 -0.128545 -0.085589
v 0.062982 0.019930 -0.081805
v 0.066299 -0.087778 -0.087237
v 0.061857 -0.102360 -0.089398
v 0.065885 -0.080722 -0.094656
v 0.067335 -0.047954 -0.095798
v 0.069258 -0.112599 -0.102478
v 0.070900 -0.095258 -0.102523
v 0.081058 -0.210432 0.000118
v 0.077848 -0.161543 -0.008155
v 0.073645 -0.049065 -0.008678
v 0.075408 -0.004286 -0.008274
v 0.069668 -0.069396 -0.012205
v 0.069898 -0.138419 -0.016402
v 0.069803 -0.074297 -0.017074
v 0.072928 -0.400186 -0.020197
v 0.065154 0.020772 -0.028559
v 0.070509 -0.402910 -0.073330
v 0.069455 -0.072718 -0.089634
v 0.069841 0.023766 -0.102212
v 0.067286 -0.143779 -0.093803
v 0.069554 -0.061236 -0.094256
v 0.087613 -0.383547 -0.094107
v 0.096053 -0.346671 -0.095306
v 0.078951 -0.162080 -0.095247
v 0.099274 -0.394799 0.000767
v 0.080345 -0.136922 0.000005
v 0.087443 -0.007346 0.000066
v 0.071436 -0.142284 -0.012224
v 0.073706 -0.058165 -0.011947
v 0.073877 0.007215 -0.012742
v 0.072090 -0.065099 -0.022732
v 0.070591 0.024795 -0.044058
v 0.070427 -0.107864 -0.044516
v 0.070417 -0.098997 -0.085621
v 0.072570 -0.056557 -0.088936
v 0.070957 -0.139294 -0.067149
v 0.070160 -0.140641 -0.089472
v 0.070743 -0.400396 -0.089616
v 0.070420 -0.108551 -0.101107
v 0.073253 -0.045747 -0.094287
v 0.072504 -0.002466 -0.094089
v 0.098082 -0.371228 -0.093959
v 0.074191 -0.123724 -0.001097
v 0.071728 -0.099974 -0.000744
v 0.077086 -0.075335 -0.000335
v 0.075145 0.021068 -0.000904
v 0.071231 -0.096635 -0.029667
v 0.078658 -0.153019 -0.012858
v 0.078447 -0.040605 -0.013503
v 0.076231 0.004501 -0.025912
v 0.071491 -0.117479 -0.058209
v 0.071356 0.005777 -0.088657
v 0.073157 -0.123589 -0.101208
v 0.075523 -0.073835 -0.101549
v 0.077659 -0.039795 -0.087553
v 0.074139 -0.413484 -0.108931
v 0.079409 -0.395655 -0.084322
v 0.077833 -0.390277 -0.093648
v 0.076686 -0.027438 -0.094400
v 0.091359 -0.240836 -0.096180
v 0.085311 -0.173355 -0.095208
v 0.082408 -0.390696 -0.012947
v 0.081661 -0.210181 -0.009772
v 0.078727 -0.007734 -0.011383
v 0.078773 -0.043850 -0.023531
v 0.080918 -0.027634 -0.028113
v 0.079820 -0.008570 -0.033157
v 0.093248 -0.399778 0.000283
v 0.076834 -0.132251 -0.101234
v 0.079225 -0.026622 -0.087839
v 0.077930 -0.013443 -0.088997
v 0.080219 -0.156719 -0.089394
v 0.084944 -0.390112 -0.090064
v 0.086536 -0.405505 -0.108899
v 0.082148 0.008769 -0.000849
v 0.092321 -0.381480 -0.011200
v 0.087935 -0.390496 -0.024551
v 0.084239 -0.041145 -0.055530
v 0.097842 -0.396678 -0.088527
v 0.087733 -0.390633 -0.076343
v 0.084130 -0.160308 -0.069929
v 0.077155 0.010075 -0.102907
v 0.083535 -0.042225 -0.101720
v 0.079153 -0.137864 -0.102723
v 0.119328 -0.371750 0.000342
v 0.093250 -0.159839 0.000127
v 0.085824 -0.044717 -0.001251
v 0.092257 -0.190752 -0.008378
v 0.088196 -0.178442 -0.008727
v 0.098943 -0.282065 -0.010184
v 0.105962 -0.245830 -0.010234
v 0.087945 -0.169303 -0.012213
v 0.085781 -0.024647 -0.068962
v 0.084583 -0.008219 -0.064692
v 0.084132 -0.010097 -0.103168
v 0.095324 -0.297258 -0.096918
v 0.092310 -0.194335 -0.096041
v 0.088237 -0.025828 -0.000457
v 0.094852 -0.364669 -0.010305
v 0.095836 -0.183767 -0.011850
v 0.100585 -0.377005 -0.018672
v 0.087677 -0.166622 -0.026419
v 0.089461 -0.170337 -0.082587
v 0.096186 -0.380541 -0.089358
v 0.123867 -0.212314 -0.106801
v 0.105904 -0.388224 0.001156
v 0.139011 -0.252325 0.000346
v 0.121139 -0.206551 0.000236
v 0.104133 -0.177362 0.000062
v 0.081166 -0.139286 -0.063011
v 0.094177 -0.182156 -0.094136
v 0.107098 -0.220473 -0.096058
v 0.119619 -0.373401 -0.109689
v 0.102187 -0.372361 -0.012749
v 0.104428 -0.209323 -0.009659
v 0.103193 -0.195888 -0.012169
v 0.097902 -0.182869 -0.029018
v 0.097602 -0.182544 -0.082515
v 0.105168 -0.372774 -0.069005
v 0.090939 -0.156039 -0.103223
v 0.118000 -0.321934 -0.095724
v 0.102357 -0.174533 -0.103810
v 0.106134 -0.388756 -0.109132
v 0.111318 -0.361099 -0.010890
v 0.115722 -0.350785 -0.010898
v 0.105233 -0.195806 -0.052911
v 0.100910 -0.376596 -0.085732
v 0.103798 -0.197406 -0.089745
v 0.103526 -0.367825 -0.094357
v 0.111267 -0.212622 -0.012551
v 0.109691 -0.366876 -0.019438
v 0.114966 -0.359696 -0.086580
v 0.109912 -0.384261 -0.052445
v 0.112015 -0.357678 -0.093227
v 0.104777 -0.204110 -0.093813
v 0.121685 -0.260719 -0.095589
v 0.115222 -0.238049 -0.094866
v 0.116000 -0.197114 -0.000523
v 0.122962 -0.291852 -0.010492
v 0.112964 -0.210079 -0.032051
v 0.111580 -0.210979 -0.090079
v 0.119456 -0.338005 -0.094998
v 0.143093 -0.306934 0.000279
v 0.116434 -0.341310 -0.010895
v 0.120839 -0.255182 -0.010433
v 0.116565 -0.226032 -0.012033
v 0.115848 -0.358446 -0.025029
v 0.104924 -0.178192 -0.046570
v 0.119187 -0.226755 -0.046555
v 0.113615 -0.211013 -0.071276
v 0.114636 -0.194518 -0.105293
v 0.116106 -0.351407 -0.092356
v 0.113023 -0.221572 -0.094511
v 0.123996 -0.291617 -0.096073
v 0.121487 -0.370154 -0.000934
v 0.119209 -0.238817 -0.012548
v 0.120249 -0.343946 -0.012871
v 0.117508 -0.222778 -0.018765
v 0.122524 -0.341458 -0.026539
v 0.120141 -0.348457 -0.073229
v 0.119383 -0.373166 -0.072435
v 0.123412 -0.338239 -0.088017
v 0.138622 -0.251750 -0.107642
v 0.137024 -0.338517 0.000547
v 0.131752 -0.230404 0.000249
v 0.122707 -0.324600 -0.012518
v 0.124807 -0.254667 -0.011724
v 0.126745 -0.321328 -0.019787
v 0.122923 -0.236853 -0.060571
v 0.119355 -0.230771 -0.087858
v 0.124216 -0.246072 -0.089558
v 0.126727 -0.312933 -0.094131
v 0.128126 -0.305852 -0.013059
v 0.128489 -0.276650 -0.012496
v 0.127978 -0.261917 -0.015813
v 0.127065 -0.324519 -0.054228
v 0.127846 -0.255014 -0.051878
v 0.126836 -0.321835 -0.088711
v 0.124139 -0.252777 -0.094702
v 0.130424 -0.354143 -0.000577
v 0.131028 -0.294365 -0.024509
v 0.131562 -0.308489 -0.036631
v 0.129280 -0.274415 -0.042635
v 0.131517 -0.308300 -0.086542
v 0.131010 -0.290412 -0.084369
v 0.128274 -0.260021 -0.089292
v 0.129890 -0.355418 -0.108712
v 0.128787 -0.289554 -0.094286
v 0.133676 -0.235144 -0.106890
v 0.131621 -0.229964 -0.059312
v 0.140401 -0.261635 -0.107638
v 0.143014 -0.277417 0.000327
v 0.136678 -0.339694 -0.108803
v 0.140007 -0.328446 -0.000496
v 0.139047 -0.254498 -0.050175
v 0.139875 -0.327297 -0.109386
v 0.142563 -0.307610 -0.108881
v 0.142444 -0.279050 -0.107668
v -0.081039 0.361791 0.007634
v -0.081039 0.363511 0.008884
v -0.081039 0.362854 0.010906
v -0.081039 0.360728 0.010906
v -0.081039 0.360071 0.008884
v -0.033221 0.361791 0.007634
v -0.033221 0.363511 0.008884
v -0.033221 0.362854 0.010906
v -0.033221 0.360728 0.010906
v -0.033221 0.360071 0.008884
v -0.081039 0.326081 0.007634
v -0.081039 0.327802 0.008884
v -0.081039 0.327144 0.010906
v -0.081039 0.325018 0.010906
v -0.081039 0.324361 0.008884
v -0.033221 0.326081 0.007634
v -0.033221 0.327802 0.008884
v -0.033221 0.327144 0.010906
v -0.033221 0.325018 0.010906
v -0.033221 0.324361 0.008884
v -0.082096 0.292135 0.006872
v -0.082096 0.293855 0.008122
v -0.082096 0.293198 0.010144
v -0.082096 0.291072 0.010144
v -0.082096 0.290415 0.008122
v -0.032164 0.292135 0.006872
v -0.032164 0.293855 0.008122
v -0.032164 0.293198 0.010144
v -0.032164 0.291072 0.010144
v -0.032164 0.290415 0.008122
v -0.081508 0.260246 0.006872
v -0.081508 0.261966 0.008122
v -0.081508 0.261309 0.010144
v -0.081508 0.259183 0.010144
v -0.081508 0.258526 0.008122
v -0.031576 0.260246 0.006872
v -0.031576 0.261966 0.008122
v -0.031576 0.261309 0.010144
v -0.031576 0.259183 0.010144
v -0.031576 0.258526 0.008122
v -0.082744 0.228945 0.006872
v -0.082744 0.230665 0.008122
v -0.082744 0.230008 0.010144
v -0.082744 0.227881 0.010144
v -0.082744 0.227224 0.008122
v -0.031218 0.228945 0.006872
v -0.031218 0.230665 0.008122
v -0.031218 0.230008 0.010144
v -0.031218 0.227881 0.010144
v -0.031218 0.227224 0.008122
v -0.083791 0.201464 0.006110
v -0.083791 0.203185 0.007360
v -0.083791 0.202528 0.009382
v -0.083791 0.200401 0.009382
v -0.083791 0.199744 0.007360
v -0.030473 0.201464 0.006110
v -0.030473 0.203185 0.007360
v -0.030473 0.202528 0.009382
v -0.030473 0.200401 0.009382
v -0.030473 0.199744 0.007360
v -0.084623 0.174131 0.006110
v -0.084623 0.175851 0.007360
v -0.084623 0.175194 0.009382
v -0.084623 0.173068 0.009382
v -0.084623 0.172411 0.007360
v -0.029348 0.174131 0.006110
v -0.029348 0.175851 0.007360
v -0.029348 0.175194 0.009382
v -0.029348 0.173068 0.009382
v -0.029348 0.172411 0.007360
v -0.085232 0.149002 0.005671
v -0.085232 0.150722 0.006921
v -0.085232 0.150065 0.008944
v -0.085232 0.147939 0.008944
v -0.085232 0.147281 0.006921
v -0.028739 0.149002 0.005671
v -0.028739 0.150722 0.006921
v -0.028739 0.150065 0.008944
v -0.028739 0.147939 0.008944
v -0.028739 0.147281 0.006921
v -0.085944 0.124608 0.005671
v -0.085944 0.126328 0.006921
v -0.085944 0.125671 0.008944
v -0.085944 0.123544 0.008944
v -0.085944 0.122887 0.006921
v -0.028615 0.124608 0.005671
v -0.028615 0.126328 0.006921
v -0.028615 0.125671 0.008944
v -0.028615 0.123544 0.008944
v -0.028615 0.122887 0.006921
v -0.086761 0.102271 0.005048
v -0.086761 0.103991 0.006298
v -0.086761 0.103334 0.008320
v -0.086761 0.101207 0.008320
v -0.086761 0.100550 0.006298
v -0.028091 0.102271 0.005048
v -0.028091 0.103991 0.006298
v -0.028091 0.103334 0.008320
v -0.028091 0.101207 0.008320
v -0.028091 0.100550 0.006298
v -0.086174 0.080962 0.004609
v -0.086174 0.082683 0.006298
v -0.086174 0.082025 0.008320
v -0.086174 0.079899 0.008320
v -0.086174 0.079242 0.006298
v -0.027503 0.080962 0.005048
v -0.027503 0.082683 0.006298
v -0.027503 0.082025 0.008320
v -0.027503 0.079899 0.008320
v -0.027503 0.079242 0.006298
v -0.086468 0.060683 0.004609
v -0.086468 0.062403 0.005859
v -0.086468 0.061746 0.007881
v -0.086468 0.059619 0.007881
v -0.086468 0.058962 0.005859
v -0.027797 0.060683 0.004609
v -0.027797 0.062403 0.005859
v -0.027797 0.061746 0.007881
v -0.027797 0.059619 0.007881
v -0.027797 0.058962 0.005859
v -0.087500 0.042019 0.004054
v -0.087500 0.043740 0.005304
v -0.087500 0.043083 0.007327
v -0.087500 0.040956 0.007327
v -0.087500 0.040299 0.005304
v -0.026177 0.042019 0.004054
v -0.026177 0.043740 0.005304
v -0.026177 0.043083 0.007327
v -0.026177 0.040956 0.007327
v -0.026177 0.040299 0.005304
v -0.088235 0.024385 0.003038
v -0.088235 0.026105 0.004288
v -0.088235 0.025448 0.006311
v -0.088235 0.023322 0.006311
v -0.088235 0.022665 0.004288
v -0.026912 0.024385 0.003038
v -0.026912 0.026105 0.004288
v -0.026912 0.025448 0.006311
v -0.026912 0.023322 0.006311
v -0.026912 0.022665 0.004288
v -0.088235 0.007044 0.003038
v -0.088235 0.008765 0.004288
v -0.088235 0.008108 0.006311
v -0.088235 0.005981 0.006311
v -0.088235 0.005324 0.004288
v -0.026912 0.007044 0.003038
v -0.026912 0.008765 0.004288
v -0.026912 0.008108 0.006311
v -0.026912 0.005981 0.006311
v -0.026912 0.005324 0.004288
v -0.088676 -0.008386 0.003038
v -0.088676 -0.006665 0.004288
v -0.088676 -0.007323 0.006311
v -0.088676 -0.009449 0.006311
v -0.088676 -0.010106 0.004288
v -0.027352 -0.008386 0.003038
v -0.027352 -0.006665 0.004288
v -0.027352 -0.007323 0.006311
v -0.027352 -0.009449 0.006311
v -0.027352 -0.010106 0.004288
v -0.088382 -0.023669 0.001261
v -0.088382 -0.021949 0.002511
v -0.088382 -0.022606 0.004533
v -0.088382 -0.024732 0.004533
v -0.088382 -0.025389 0.002511
v -0.027058 -0.023669 0.001261
v -0.027058 -0.021949 0.002511
v -0.027058 -0.022606 0.004533
v -0.027058 -0.024732 0.004533
v -0.027058 -0.025389 0.002511
v -0.088088 -0.037630 0.001261
v -0.088088 -0.035909 0.002511
v -0.088088 -0.036566 0.004533
v -0.088088 -0.038693 0.004533
v -0.088088 -0.039350 0.002511
v -0.026765 -0.037630 0.001261
v -0.026765 -0.035909 0.002511
v -0.026765 -0.036566 0.004533
v -0.026765 -0.038693 0.004533
v -0.026765 -0.039350 0.002511
vn -0.9998 0.0173 -0.0036
vn -0.9997 0.0234 -0.0018
vn -0.9998 0.0217 -0.0023
vn -0.9999 0.0160 -0.0040
vn -0.9981 -0.0605 0.0106
vn -0.9993 0.0090 0.0350
vn -0.9995 -0.0318 0.0037
vn -0.9853 0.1701 0.0131
vn -0.9851 0.1716 0.0140
vn -0.9835 0.1802 0.0185
vn -0.9852 -0.1711 0.0070
vn -0.9688 0.2478 0.0043
vn -0.9851 0.1718 -0.0026
vn -0.9835 0.1809 -0.0050
vn -0.9847 0.1745 -0.0033
vn -0.9634 -0.2679 0.0081
vn -0.9831 0.1832 -0.0056
vn -0.9810 -0.1940 0.0009
vn -0.9832 0.1818 0.0193
vn -0.9792 -0.1993 0.0380
vn -0.9782 -0.2051 0.0334
vn -0.9782 -0.2049 0.0338
vn -0.9379 -0.3468 0.0021
vn -0.9382 -0.3462 0.0018
vn -0.9373 -0.3485 0.0031
vn -0.9795 -0.1978 0.0391
vn -0.2098 -0.0211 -0.9775
vn -0.9498 0.3128 -0.0046
vn -0.9492 0.3145 0.0057
vn -0.9498 0.3129 -0.0038
vn -0.9371 -0.3490 0.0034
vn -0.9500 0.3123 0.0060
vn -0.9488 0.3158 0.0041
vn -0.9339 0.3574 0.0044
vn -0.9055 -0.4243 0.0110
vn -0.9143 0.4049 -0.0075
vn -0.8732 -0.4873 0.0026
vn -0.2900 -0.1251 0.9488
vn -0.9172 0.3982 0.0148
vn 0.6153 -0.2082 -0.7603
vn -0.9044 0.4268 -0.0003
vn -0.9111 0.4121 0.0081
vn 0.0159 0.0064 -0.9999
vn 0.0316 -0.0018 -0.9995
vn 0.0304 0.0091 -0.9995
vn 0.0239 0.0042 -0.9997
vn 0.0295 0.0088 -0.9995
vn -0.8289 -0.5592 0.0117
vn 0.0835 0.0100 -0.9965
vn 0.0868 0.0121 -0.9962
vn 0.0848 0.0102 -0.9963
vn 0.1750 -0.0013 -0.9846
vn 0.6543 0.1660 -0.7378
vn 0.6561 0.1671 -0.7360
vn 0.6594 0.1692 -0.7325
vn 0.6610 0.1701 -0.7309
vn -0.7580 -0.6523 0.0048
vn -0.7576 -0.6527 0.0047
vn -0.7569 -0.6535 0.0044
vn 0.0327 0.0018 -0.9995
vn 0.0244 0.0031 -0.9997
vn 0.0869 0.0125 -0.9961
vn 0.2015 -0.0235 -0.9792
vn 0.2366 -0.0450 -0.9706
vn -0.7420 -0.6704 0.0052
vn -0.7566 -0.6539 0.0043
vn 0.6446 0.3493 -0.6800
vn -0.8663 0.4996 -0.0035
vn -0.8670 0.4983 -0.0027
vn -0.8666 0.4990 -0.0029
vn -0.8662 0.4996 0.0084
vn -0.8671 0.4981 0.0091
vn -0.8658 0.5003 0.0077
vn -0.4039 -0.3071 -0.8617
vn 0.2023 -0.0917 -0.9750
vn 0.2018 -0.0916 -0.9751
vn 0.2005 -0.0915 -0.9754
vn 0.8129 -0.3845 -0.4374
vn 0.5782 0.3066 -0.7561
vn 0.5992 0.3605 -0.7148
vn -0.7058 -0.7084 -0.0051
vn -0.6871 -0.7255 0.0403
vn 0.0814 0.0094 -0.9966
vn 0.2001 -0.0914 -0.9755
vn 0.8567 -0.5155 -0.0196
vn -0.8494 0.5278 0.0053
vn -0.8468 0.5318 0.0060
vn -0.8507 0.5256 0.0036
vn 0.0071 0.0064 -1.0000
vn 0.0044 0.0049 -1.0000
vn -0.0050 0.0083 -1.0000
vn 0.0261 0.0037 -0.9997
vn 0.0085 0.0132 -0.9999
vn 0.0050 0.0181 -0.9998
vn 0.0059 0.0188 -0.9998
vn 0.0040 0.0148 -0.9999
vn 0.2215 -0.1217 -0.9675
vn 0.7899 -0.4032 -0.4621
vn 0.4046 0.4490 -0.7967
vn -0.6164 -0.7874 -0.0037
vn 0.0056 0.0095 -0.9999
vn -0.1803 0.1265 -0.9754
vn 0.6041 0.6834 -0.4099
vn -0.8473 0.5311 -0.0003
vn -0.8439 0.5364 0.0010
vn -0.6281 -0.7781 0.0037
vn 0.0016 0.0029 -1.0000
vn 0.0038 0.0106 -0.9999
vn 0.2372 -0.1189 -0.9642
vn 0.2181 -0.1039 -0.9704
vn -0.5383 -0.8427 -0.0034
vn -0.5398 -0.8418 -0.0037
vn -0.5406 -0.8413 -0.0039
vn 0.8649 -0.5016 -0.0195
vn 0.8667 -0.4985 -0.0187
vn 0.8675 -0.4971 -0.0184
vn -0.5376 -0.8432 -0.0033
vn 0.8170 -0.5708 0.0817
vn -0.5643 -0.8249 0.0315
vn 0.0080 0.0099 -0.9999
vn 0.3101 0.4070 -0.8591
vn 0.1565 0.2915 -0.9437
vn -0.8429 0.5381 0.0060
vn 0.0003 0.0175 -0.9998
vn -0.9840 0.1740 -0.0378
vn -0.9719 0.2353 -0.0065
vn 0.6698 -0.4993 -0.5496
vn -0.9981 -0.0614 -0.0000
vn -0.9757 0.2193 0.0032
vn -0.9770 0.2134 0.0047
vn -0.9761 0.2175 0.0037
vn 0.8167 -0.5769 -0.0110
vn -0.9960 -0.0889 -0.0060
vn -0.9913 0.1317 -0.0028
vn 0.0237 0.0575 -0.9981
vn -0.9354 -0.2658 0.2330
vn -0.9627 -0.2705 -0.0082
vn -0.9614 -0.2750 -0.0068
vn -0.9623 -0.2720 -0.0077
vn -0.9610 -0.2763 -0.0064
vn -0.9774 0.2113 0.0052
vn -0.8617 0.5073 0.0040
vn -0.2634 -0.0075 -0.9647
vn 0.1314 -0.1650 -0.9775
vn 0.3683 0.7808 -0.5047
vn -0.9149 0.4037 -0.0031
vn -0.9004 0.4343 -0.0265
vn -0.8110 0.5834 0.0436
vn -0.4652 -0.8852 -0.0048
vn -0.4668 -0.8843 -0.0043
vn -0.4700 -0.8827 -0.0034
vn -0.8835 0.4684 -0.0057
vn -0.8856 0.4644 -0.0038
vn -0.8842 0.4671 -0.0051
vn 0.8321 -0.5545 -0.0090
vn 0.8324 -0.5540 -0.0094
vn 0.8350 -0.5501 -0.0132
vn -0.9743 -0.2252 -0.0056
vn -0.4715 -0.8819 -0.0030
vn -0.8855 0.4647 0.0047
vn -0.8864 0.4630 -0.0032
vn -0.8940 0.4478 0.0140
vn -0.4583 -0.8887 0.0141
vn -0.4585 -0.8886 0.0143
vn -0.4585 -0.8886 0.0142
vn -0.4587 -0.8885 0.0145
vn -0.8822 -0.2879 -0.3726
vn -0.7095 0.3782 -0.5946
vn 0.0029 0.0131 -0.9999
vn -0.0164 0.0023 -0.9999
vn -0.0133 0.0091 -0.9999
vn -0.0172 0.0028 -0.9998
vn 0.0120 -0.0147 -0.9998
vn -0.9867 0.1617 -0.0185
vn -0.9882 -0.1499 -0.0304
vn 0.1127 0.3049 -0.9457
vn 0.1118 0.3045 -0.9459
vn 0.1124 0.3048 -0.9458
vn -0.9959 -0.0888 -0.0145
vn -0.9706 0.2404 0.0072
vn -0.8714 0.4905 -0.0018
vn -0.9723 0.2295 -0.0446
vn -0.9835 -0.1806 0.0117
vn -0.9954 -0.0959 0.0053
vn -0.9604 0.2786 0.0041
vn -0.9616 0.2743 0.0059
vn -0.9607 0.2775 0.0046
vn -0.9620 0.2731 0.0065
vn -0.9957 0.0920 0.0093
vn -0.9997 -0.0135 0.0192
vn -0.8698 -0.1241 -0.4775
vn -0.6665 0.3714 -0.6464
vn -0.2677 0.0864 -0.9596
vn -0.0499 0.0192 -0.9986
vn -0.0514 0.0203 -0.9985
vn -0.0421 0.0141 -0.9990
vn -0.0133 0.0035 -0.9999
vn -0.0128 0.0031 -0.9999
vn 0.4934 0.0463 -0.8686
vn 0.3633 0.0094 -0.9316
vn 0.6377 -0.1567 -0.7542
vn -0.8163 0.5777 0.0041
vn -0.2196 0.0890 0.9715
vn -0.6766 -0.0615 0.7338
vn -0.0323 0.0089 -0.9994
vn -0.0124 0.0117 -0.9999
vn 0.1634 -0.1057 -0.9809
vn 0.3946 0.1124 -0.9119
vn 0.6111 -0.2759 -0.7420
vn -0.7520 0.6589 -0.0208
vn 0.1116 0.3043 -0.9460
vn -0.7432 0.6689 -0.0153
vn -0.7547 0.6559 0.0158
vn 0.0178 0.0007 -0.9998
vn 0.1248 0.1051 -0.9866
vn -0.0365 0.1468 -0.9885
vn -0.0399 0.0127 -0.9991
vn -0.3289 -0.9444 -0.0038
vn -0.7685 0.6398 0.0091
vn -0.3551 -0.9344 0.0275
vn -0.0088 -0.0040 -1.0000
vn -0.0044 -0.0002 -1.0000
vn -0.0022 -0.0006 -1.0000
vn -0.0346 0.0348 -0.9988
vn 0.1397 -0.1016 -0.9850
vn 0.1514 0.0679 -0.9861
vn 0.4316 -0.2963 -0.8520
vn -0.6674 0.7446 -0.0150
vn 0.7292 -0.6843 -0.0004
vn 0.7302 -0.6833 -0.0001
vn 0.7268 -0.6869 -0.0012
vn -0.6456 0.7636 0.0065
vn 0.0017 0.0080 -1.0000
vn 0.0018 0.0167 -0.9999
vn 0.0029 0.0082 -1.0000
vn 0.0014 0.0074 -1.0000
vn -0.0594 0.0561 -0.9967
vn 0.1928 -0.1736 -0.9658
vn 0.1446 0.0276 -0.9891
vn 0.1910 0.0097 -0.9816
vn 0.2162 0.1157 -0.9695
vn -0.0331 0.0178 -0.9993
vn -0.0331 0.0177 -0.9993
vn 0.3378 -0.2658 -0.9029
vn -0.3606 -0.9326 -0.0150
vn -0.0016 0.0093 -1.0000
vn 0.3437 -0.3014 -0.8894
vn -0.3237 -0.9461 0.0117
vn 0.6429 -0.6549 0.3972
vn 0.0676 0.0221 -0.9975
vn -0.0331 0.0491 -0.9982
vn 0.1882 0.4904 -0.8509
vn 0.1927 0.6979 -0.6898
vn 0.6568 -0.7540 0.0004
vn 0.6377 -0.7702 0.0140
vn -0.3169 -0.9472 -0.0488
vn 0.0173 0.0152 -0.9997
vn 0.0167 0.0143 -0.9998
vn 0.0176 0.0157 -0.9997
vn 0.0430 0.0382 -0.9983
vn -0.0840 0.0429 -0.9955
vn -0.0364 -0.0118 -0.9993
vn -0.0300 0.0072 -0.9995
vn -0.0646 0.0454 -0.9969
vn 0.1415 -0.1289 -0.9815
vn 0.2838 -0.2939 -0.9127
vn 0.3271 0.5430 -0.7734
vn 0.5893 -0.8073 -0.0314
vn 0.6270 -0.6837 0.3733
vn 0.0111 -0.1295 -0.9915
vn 0.1187 0.0197 -0.9927
vn 0.3033 -0.4305 -0.8501
vn 0.3041 -0.4306 -0.8498
vn 0.3143 -0.4268 -0.8480
vn 0.0164 0.0142 -0.9998
vn 0.6196 -0.7421 -0.2557
vn -0.2810 -0.9596 -0.0117
vn 0.7034 -0.6586 0.2674
vn -0.0698 -0.2260 -0.9716
vn 0.0009 0.0099 -1.0000
vn -0.7521 -0.0680 0.6555
vn -0.9617 -0.2267 0.1542
vn -0.9926 0.0547 -0.1085
vn -0.9840 -0.0602 0.1675
vn -0.7569 -0.0241 0.6531
vn 0.0341 0.0235 -0.9991
vn 0.2257 -0.0092 -0.9742
vn 0.0189 0.1195 -0.9927
vn -0.0368 0.0101 -0.9993
vn -0.0422 0.0035 -0.9991
vn -0.0371 0.0098 -0.9993
vn -0.0430 0.0188 -0.9989
vn -0.0445 0.0060 -0.9990
vn -0.0429 0.0191 -0.9989
vn 0.0625 0.1819 -0.9813
vn 0.0672 0.1161 -0.9910
vn -0.2955 -0.9553 -0.0001
vn -0.2675 -0.9634 0.0195
vn -0.0757 0.0687 -0.9948
vn -0.0144 0.0063 -0.9999
vn 0.3157 -0.4261 -0.8478
vn 0.0163 0.0145 -0.9998
vn -0.8231 0.0656 0.5641
vn -0.9204 -0.3574 0.1584
vn -0.7898 0.4454 -0.4217
vn -0.6597 0.3033 -0.6876
vn 0.3452 -0.8919 0.2922
vn 0.0026 0.0066 -1.0000
vn -0.0204 -0.0274 -0.9994
vn -0.0186 -0.0277 -0.9994
vn -0.0188 -0.0275 -0.9994
vn -0.8841 -0.2976 0.3602
vn -0.7875 0.1646 0.5940
vn 0.4048 -0.9141 -0.0238
vn -0.9015 -0.3698 0.2250
vn -0.7275 -0.1386 -0.6720
vn -0.5768 -0.5089 -0.6391
vn 0.3788 -0.9254 0.0123
vn 0.3785 -0.9255 0.0124
vn 0.3773 -0.9260 0.0127
vn 0.3772 -0.9260 0.0129
vn 0.4614 -0.7276 0.5076
vn 0.0256 0.0594 -0.9979
vn -0.0070 0.0183 -0.9998
vn 0.3166 -0.8286 -0.4617
vn 0.3517 -0.9348 -0.0491
vn -0.4848 -0.8743 -0.0224
vn -0.2720 -0.2776 0.9214
vn -0.8027 -0.1314 -0.5817
vn -0.2615 -0.9524 0.1566
vn -0.1625 -0.9831 0.0847
vn -0.1510 -0.8503 -0.5043
vn -0.0180 -0.9990 -0.0404
vn 0.0314 0.1117 -0.9932
vn 0.0291 0.1108 -0.9934
vn 0.0310 0.1118 -0.9932
vn 0.0645 0.0175 -0.9978
vn 0.0333 0.2300 -0.9726
vn -0.0271 0.0195 -0.9994
vn -0.0017 -0.7944 -0.6074
vn 0.1293 0.4747 -0.8706
vn -0.0011 -0.0046 -1.0000
vn 0.0607 -0.8881 -0.4556
vn 0.0291 -0.1254 -0.9917
vn 0.0162 -0.0220 -0.9996
vn 0.0154 -0.0222 -0.9996
vn 0.0105 -0.0241 -0.9997
vn 0.0097 -0.0244 -0.9997
vn 0.0167 0.0078 -0.9998
vn 0.0075 -0.2322 -0.9726
vn -0.0040 0.2175 -0.9761
vn 0.1804 -0.9830 -0.0354
vn 0.0410 -0.9988 -0.0272
vn 0.0826 -0.4900 -0.8678
vn -0.4314 -0.9019 0.0240
vn 0.0003 -0.0024 -1.0000
vn 0.0013 0.0061 -1.0000
vn 0.0009 0.0029 -1.0000
vn 0.0019 -0.9796 0.2007
vn -0.2027 -0.9791 -0.0158
vn -0.2031 -0.9790 -0.0157
vn -0.2036 -0.9789 -0.0151
vn -0.0311 -0.0063 -0.9995
vn 0.1098 -0.9866 -0.1207
vn 0.2251 -0.0672 -0.9720
vn 0.0957 0.2947 -0.9508
vn 0.1903 -0.9817 0.0074
vn 0.3137 -0.3142 -0.8961
vn 0.3247 0.1673 -0.9309
vn -0.2206 -0.9754 0.0010
vn 0.0377 0.0751 -0.9965
vn 0.0102 -0.1769 -0.9842
vn 0.0456 -0.5039 -0.8626
vn 0.1631 0.3138 -0.9354
vn -0.1662 0.0003 -0.9861
vn -0.1090 0.0323 -0.9935
vn -0.1103 0.0814 -0.9906
vn -0.0136 -0.9944 -0.1047
vn -0.2551 -0.9658 0.0463
vn -0.0239 -0.5493 -0.8353
vn -0.8842 -0.2474 0.3962
vn -0.7445 -0.6367 0.2009
vn -0.9049 0.3015 -0.3004
vn -0.8833 -0.0813 -0.4617
vn 0.1192 -0.9842 0.1312
vn -0.0065 0.0516 -0.9986
vn -0.7242 -0.5704 0.3875
vn -0.0296 0.0328 -0.9990
vn -0.0293 0.0328 -0.9990
vn -0.0335 0.0390 -0.9987
vn 0.0588 -0.0479 -0.9971
vn 0.0657 -0.0410 -0.9970
vn 0.0604 -0.0464 -0.9971
vn -0.0012 -0.0061 -1.0000
vn -0.0080 -0.0008 -1.0000
vn -0.0078 -0.0011 -1.0000
vn -0.0617 0.0299 -0.9976
vn 0.0407 0.1911 -0.9807
vn -0.0142 0.0803 -0.9967
vn -0.0454 0.0073 -0.9989
vn -0.0680 -0.1085 -0.9918
vn 0.1633 -0.9866 -0.0051
vn -0.2046 -0.9787 -0.0144
vn -0.2376 -0.9326 -0.2718
vn 0.1989 0.0873 -0.9761
vn -0.4542 0.8378 -0.3031
vn -0.7128 -0.6141 -0.3388
vn -0.4981 -0.8670 -0.0154
vn -0.1771 -0.9842 0.0052
vn -0.1858 -0.9826 0.0085
vn -0.1841 -0.9829 0.0080
vn -0.7629 -0.0232 -0.6461
vn -0.0286 0.0080 -0.9996
vn 0.0067 0.0042 -1.0000
vn 0.0077 0.0060 -1.0000
vn 0.0072 0.0041 -1.0000
vn 0.9935 -0.0521 -0.1016
vn -0.0860 0.0894 -0.9923
vn -0.0862 0.0876 -0.9924
vn -0.0861 0.0891 -0.9923
vn 0.4152 0.1384 -0.8992
vn -0.0339 -0.9961 -0.0809
vn 0.0983 0.6651 -0.7403
vn 0.1413 -0.0734 -0.9872
vn 0.0953 0.5580 -0.8243
vn -0.3623 -0.9307 -0.0510
vn -0.0833 -0.9951 -0.0542
vn -0.1381 -0.9621 -0.2353
vn -0.3872 -0.3673 -0.8457
vn -0.0129 -0.0419 -0.9990
vn -0.0206 -0.0274 -0.9994
vn -0.0340 0.0398 -0.9986
vn -0.0967 -0.2406 -0.9658
vn 0.8081 0.3963 -0.4358
vn 0.5155 0.1472 -0.8442
vn -0.0781 0.2361 -0.9686
vn 0.1781 -0.0075 -0.9840
vn 0.0065 -0.9694 -0.2454
vn -0.2369 -0.8235 0.5155
vn 0.1081 -0.3192 -0.9415
vn 0.1422 -0.1834 -0.9727
vn 0.2053 -0.0585 -0.9769
vn -0.2208 -0.9606 0.1686
vn -0.0876 -0.9958 -0.0280
vn 0.0845 -0.9964 0.0042
vn -0.2573 -0.9656 0.0374
vn -0.2142 -0.9733 0.0825
vn 0.0091 -0.9802 0.1977
vn -0.0191 -0.8085 -0.5882
vn 0.0302 -0.8713 -0.4898
vn -0.0190 0.0479 -0.9987
vn -0.0134 0.0286 -0.9995
vn -0.0175 -0.0488 -0.9987
vn 0.0668 -0.0398 -0.9970
vn 0.0269 0.1098 -0.9936
vn -0.0052 -0.0198 -0.9998
vn -0.0011 -0.0153 -0.9999
vn -0.0030 -0.0163 -0.9999
vn -0.0862 0.0874 -0.9924
vn 0.0463 -0.7267 -0.6854
vn -0.1518 -0.9884 -0.0090
vn -0.3782 -0.6644 -0.6446
vn -0.7917 0.5482 0.2695
vn -0.1747 -0.9846 0.0042
vn 0.0017 0.0086 -1.0000
vn 0.5786 0.7906 -0.2002
vn 0.7371 -0.4772 -0.4786
vn 0.0087 0.0079 -0.9999
vn 0.0587 -0.9957 -0.0720
vn -0.9547 -0.1631 0.2488
vn -0.9387 0.0628 0.3389
vn -0.8679 -0.4785 -0.1331
vn -0.9982 0.0408 -0.0433
vn 0.0644 -0.9972 -0.0381
vn -0.8105 -0.5836 0.0493
vn -0.8435 0.3003 0.4453
vn -0.9249 0.1421 0.3527
vn -0.9249 0.0239 -0.3794
vn -0.9969 -0.0480 0.0616
vn -0.3305 -0.8997 0.2853
vn -0.8689 -0.4944 0.0241
vn -0.9941 -0.1081 0.0080
vn -0.8608 -0.4925 0.1281
vn -0.9416 0.2822 -0.1834
vn 0.1318 -0.9910 0.0214
vn 0.0076 -0.9899 0.1413
vn 0.0875 -0.9890 0.1191
vn 0.1001 -0.1169 -0.9881
vn 0.0833 -0.9917 0.0976
vn 0.0183 -0.0131 -0.9997
vn 0.0183 -0.0132 -0.9997
vn -0.0020 -0.0041 -1.0000
vn -0.0506 -0.0320 -0.9982
vn 0.0007 0.0303 -0.9995
vn -0.0054 0.0101 -0.9999
vn -0.9181 0.0732 0.3894
vn -0.7492 0.1721 0.6396
vn -0.9925 0.1055 0.0620
vn -0.8132 0.0008 0.5820
vn -0.8516 0.2457 0.4631
vn -0.9813 0.0645 0.1816
vn -0.9786 0.1305 0.1593
vn -0.5220 0.7073 0.4766
vn -0.9989 -0.0281 0.0388
vn -0.9999 0.0012 0.0141
vn -0.9971 0.0610 0.0463
vn -0.9955 0.0951 0.0049
vn -0.6542 0.7544 -0.0531
vn 0.2186 -0.0171 -0.9757
vn -0.8266 -0.2230 -0.5166
vn -0.9947 0.0282 -0.0989
vn -0.9901 0.0070 -0.1402
vn -0.6306 -0.7649 -0.1312
vn -0.7171 -0.6325 -0.2927
vn 0.1422 0.4518 -0.8807
vn 0.0676 -0.9053 0.4195
vn -0.5777 -0.1136 0.8083
vn -0.9970 0.0332 0.0705
vn -0.9983 -0.0335 -0.0485
vn 0.4300 -0.8438 -0.3211
vn 0.0095 0.0539 -0.9985
vn 0.0092 0.0530 -0.9986
vn 0.0094 0.0536 -0.9985
vn 0.5540 -0.5926 -0.5847
vn 0.0066 0.0998 -0.9950
vn -0.0389 0.0020 -0.9992
vn -0.8802 -0.2102 0.4256
vn -0.6734 0.0726 0.7357
vn -0.8830 0.2015 0.4240
vn -0.9919 -0.0571 0.1134
vn 0.0083 0.6188 -0.7855
vn -0.7575 -0.6285 -0.1766
vn -0.1426 -0.9898 -0.0028
vn -0.1440 -0.9896 -0.0025
vn -0.1491 -0.9888 -0.0015
vn -0.1509 -0.9886 -0.0012
vn 0.1448 -0.5873 -0.7963
vn -0.0923 -0.3620 -0.9276
vn -0.9505 0.3032 -0.0676
vn -0.6539 0.7470 0.1202
vn 0.1243 0.8130 -0.5688
vn 0.3515 -0.0497 -0.9349
vn 0.4767 0.1698 -0.8625
vn 0.0120 -0.2082 -0.9780
vn -0.0944 0.4713 -0.8769
vn -0.1549 -0.9879 0.0072
vn -0.5682 -0.8054 -0.1687
vn 0.5841 -0.0239 -0.8113
vn -0.0053 0.0091 -0.9999
vn -0.8443 -0.4751 -0.2480
vn 0.0929 0.9137 -0.3957
vn -0.6713 0.0257 0.7407
vn 0.0183 -0.0129 -0.9997
vn -0.0087 -0.0569 -0.9983
vn -0.0217 -0.0614 -0.9979
vn 0.5649 0.8003 -0.2009
vn -0.0367 -0.0959 -0.9947
vn -0.1077 -0.8208 -0.5610
vn -0.3843 -0.4619 -0.7993
vn -0.7285 0.0983 0.6779
vn 0.0039 0.0295 -0.9996
vn 0.0043 0.0302 -0.9995
vn -0.0022 0.0382 -0.9993
vn -0.0031 0.0413 -0.9991
vn -0.7965 -0.5885 -0.1387
vn -0.2444 -0.5049 -0.8278
vn 0.1220 -0.4654 -0.8767
vn 0.0245 -0.9813 -0.1910
vn 0.0569 -0.9980 -0.0275
vn -0.8604 0.4731 -0.1894
vn 0.1326 -0.3040 -0.9434
vn 0.0052 -0.2186 -0.9758
vn 0.0041 -0.2176 -0.9760
vn 0.0107 -0.2255 -0.9742
vn -0.0089 -0.8099 -0.5866
vn 0.1434 -0.9878 -0.0608
vn 0.7586 -0.0930 -0.6448
vn -0.0031 0.0106 -0.9999
vn -0.0014 0.0140 -0.9999
vn -0.8033 -0.0113 0.5954
vn -0.8901 -0.0967 0.4453
vn -0.9783 0.0049 0.2072
vn -0.9992 0.0389 -0.0096
vn -0.9996 0.0093 -0.0270
vn -1.0000 0.0034 -0.0067
vn -0.9994 0.0199 -0.0286
vn -0.7401 0.0632 0.6695
vn 0.4176 -0.6781 0.6049
vn -0.8605 -0.5052 0.0662
vn 0.0091 0.0526 -0.9986
vn -0.0102 -0.0326 -0.9994
vn 0.3439 -0.5147 -0.7854
vn -0.0292 0.0654 -0.9974
vn -0.0046 -0.0085 -1.0000
vn -0.9523 0.0411 -0.3024
vn -0.9673 0.0325 -0.2515
vn -0.0809 -0.9828 -0.1659
vn -0.9647 0.2606 0.0381
vn -0.9992 0.0388 0.0024
vn -0.8605 -0.4501 -0.2386
vn -0.8578 -0.4539 -0.2412
vn -0.8625 -0.4472 -0.2368
vn 0.0401 0.8573 -0.5132
vn -0.9972 0.0492 -0.0568
vn -0.9838 -0.0079 -0.1789
vn -0.9640 0.0507 -0.2612
vn 0.0670 -0.4301 0.9003
vn -0.9919 0.1255 -0.0171
vn -0.1345 -0.4343 -0.8907
vn -0.0423 -0.1688 -0.9847
vn -0.9762 0.2000 -0.0842
vn 0.1991 -0.8904 -0.4093
vn 0.0114 -0.2268 -0.9739
vn -0.9177 0.3836 -0.1034
vn -0.9401 0.3091 -0.1438
vn -0.9830 0.1834 0.0089
vn -0.1004 -0.2955 -0.9501
vn 0.1847 -0.8987 -0.3977
vn 0.1199 -0.9925 0.0250
vn 0.3397 -0.6186 -0.7085
vn -0.0224 0.1879 -0.9819
vn -0.9747 0.2237 0.0010
vn -0.9630 0.2693 0.0126
vn -0.9372 0.1271 -0.3248
vn 0.1112 -0.9845 0.1355
vn -0.0090 -0.6058 -0.7956
vn -0.0067 -0.5983 -0.8012
vn -0.0082 -0.6033 -0.7975
vn -0.9986 0.0451 -0.0275
vn -0.9989 0.0405 -0.0252
vn -0.9988 0.0417 -0.0257
vn -0.9999 0.0100 -0.0093
vn -0.9999 0.0111 -0.0128
vn -0.9999 0.0102 -0.0112
vn -0.9299 0.3677 0.0101
vn -0.7432 0.1501 0.6520
vn -0.9985 0.0461 -0.0282
vn -0.9995 0.0300 -0.0029
vn -0.9999 0.0093 -0.0093
vn -0.9999 0.0097 -0.0086
vn -0.8159 -0.5684 0.1059
vn 0.0061 0.0175 -0.9998
vn -0.0336 -0.0708 -0.9969
vn -0.0267 0.0249 -0.9993
vn -0.0006 -0.1633 0.9866
vn 0.1382 -0.1758 0.9747
vn 0.1393 -0.1776 0.9742
vn 0.1395 -0.1773 0.9742
vn 0.0160 0.2444 -0.9696
vn -0.9161 0.0408 -0.3988
vn -0.9134 0.0143 -0.4068
vn -0.9389 0.0115 -0.3441
vn 0.5213 -0.8272 -0.2099
vn -0.6276 0.0515 -0.7768
vn -0.8384 0.0325 -0.5441
vn -0.6701 0.3487 -0.6552
vn -0.8632 -0.4463 -0.2361
vn -0.5731 0.3517 -0.7402
vn -0.3816 0.2413 -0.8922
vn -0.5784 0.5874 -0.5660
vn 0.6854 -0.7127 0.1497
vn -0.9547 0.1408 -0.2622
vn -0.5068 0.6600 -0.5547
vn 0.7016 0.2881 -0.6517
vn 0.2595 -0.9657 -0.0056
vn -0.7041 0.6962 -0.1402
vn 0.6493 -0.6855 -0.3295
vn -0.7490 0.6515 -0.1207
vn 0.4005 -0.1428 -0.9051
vn -0.1047 -0.9945 -0.0044
vn -0.7625 0.5892 -0.2673
vn -0.7905 0.2659 -0.5518
vn -0.7151 0.3341 -0.6140
vn -0.6884 0.7243 -0.0387
vn -0.7476 0.6641 -0.0006
vn -0.1091 -0.6899 -0.7157
vn 0.1962 -0.5425 -0.8168
vn 0.2461 -0.4417 -0.8628
vn 0.2545 -0.8030 -0.5389
vn 0.0032 0.0751 -0.9972
vn 0.1382 -0.0173 -0.9902
vn 0.1103 -0.1783 -0.9778
vn 0.4612 -0.8517 -0.2489
vn -0.4295 0.0181 -0.9029
vn -0.7493 -0.0202 -0.6619
vn -0.1024 -0.9947 0.0080
vn -0.3947 0.0302 -0.9183
vn -0.3676 0.2480 -0.8963
vn -0.4861 0.0258 -0.8735
vn -0.4102 0.0477 -0.9108
vn 0.2146 -0.2889 -0.9330
vn 0.2607 -0.3013 -0.9172
vn 0.2512 -0.2775 -0.9273
vn 0.3170 -0.2254 -0.9213
vn 0.7711 -0.6365 -0.0165
vn -0.7066 0.6231 -0.3354
vn 0.2782 -0.2278 -0.9331
vn 0.6226 -0.7758 0.1019
vn 0.1370 -0.2979 -0.9447
vn 0.0366 -0.8265 0.5617
vn -0.0028 0.0095 -1.0000
vn -0.0418 -0.9503 -0.3084
vn -0.0061 -0.5956 -0.8033
vn 0.1718 -0.8628 0.4754
vn 0.0397 0.0349 -0.9986
vn 0.0428 0.0478 -0.9979
vn 0.0397 0.0356 -0.9986
vn 0.0962 -0.0051 -0.9953
vn -0.2226 0.0329 -0.9744
vn -0.2259 0.0325 -0.9736
vn -0.2310 0.0318 -0.9724
vn -0.2343 0.0314 -0.9717
vn -0.1595 0.0092 -0.9872
vn -0.1601 0.0092 -0.9871
vn -0.1610 0.0091 -0.9869
vn 0.0325 -0.0556 -0.9979
vn 0.1739 -0.3461 -0.9219
vn 0.2073 -0.3726 -0.9045
vn 0.0564 -0.2897 -0.9554
vn 0.3539 -0.9350 0.0244
vn -0.1320 -0.9904 0.0399
vn -0.0394 0.1048 -0.9937
vn 0.0253 0.0483 -0.9985
vn -0.0071 -0.0924 0.9957
vn -0.0053 -0.1029 0.9947
vn -0.0065 -0.0958 0.9954
vn -0.0087 0.0007 -1.0000
vn -0.0008 -0.0065 -1.0000
vn 0.0188 -0.0560 -0.9983
vn 0.1005 -0.6899 -0.7169
vn 0.0685 -0.8145 -0.5761
vn -0.1615 0.0091 -0.9868
vn 0.0704 -0.3346 -0.9397
vn 0.0262 -0.3215 -0.9466
vn 0.0259 -0.3209 -0.9468
vn 0.0260 -0.3210 -0.9467
vn 0.3551 -0.9209 0.1606
vn -0.0018 0.0052 -1.0000
vn -0.5128 0.0017 0.8585
vn -0.5313 0.0010 0.8472
vn -0.5286 0.0001 0.8489
vn -0.5390 0.0010 0.8423
vn -0.5361 -0.0002 0.8441
vn -0.5448 0.0009 0.8385
vn -0.5118 0.0028 0.8591
vn -0.5065 0.8622 -0.0075
vn 0.0058 -0.0188 -0.9998
vn 0.0432 0.0481 -0.9979
vn 0.3464 -0.1829 -0.9201
vn -0.5088 0.8526 -0.1193
vn 0.5850 -0.4784 -0.6550
vn 0.5950 -0.7998 -0.0787
vn 0.2908 -0.8833 0.3678
vn -0.0294 0.1848 -0.9823
vn 0.3143 -0.9481 0.0472
vn -0.0845 -0.9964 0.0082
vn -0.0855 -0.9963 0.0001
vn -0.0845 -0.9964 0.0076
vn -0.0625 -0.1207 -0.9907
vn 0.2189 -0.9280 0.3016
vn 0.2434 -0.9442 0.2220
vn -0.0898 -0.9759 -0.1988
vn -0.0036 0.0004 1.0000
vn -0.0028 0.0036 1.0000
vn 0.0039 0.0002 1.0000
vn 0.0119 -0.0858 -0.9962
vn 0.0117 -0.0869 -0.9962
vn 0.0123 -0.0845 -0.9963
vn -0.0254 0.1029 -0.9944
vn -0.0344 0.0999 -0.9944
vn -0.0352 0.0990 -0.9945
vn -0.0025 -0.0506 -0.9987
vn 0.0739 -0.1070 -0.9915
vn 0.0125 0.2180 -0.9759
vn 0.0094 0.0306 -0.9995
vn -0.0108 0.2484 -0.9686
vn 0.0020 0.0593 -0.9982
vn 0.0007 0.0550 -0.9985
vn 0.0017 0.0583 -0.9983
vn 0.0365 -0.3329 -0.9423
vn 0.0891 -0.3007 -0.9495
vn 0.0899 -0.2996 -0.9498
vn 0.0896 -0.3000 -0.9497
vn 0.0243 -0.2986 -0.9541
vn 0.0060 -0.2360 -0.9717
vn 0.0320 -0.8890 0.4567
vn 0.0152 -0.8176 -0.5757
vn 0.0052 -0.4498 -0.8931
vn -0.0035 0.0004 1.0000
vn 0.0186 0.0010 0.9998
vn 0.0021 0.8943 0.4475
vn 0.0215 -0.9996 -0.0163
vn 0.0757 -0.8248 -0.5603
vn 0.0089 -0.0175 -0.9998
vn -0.0005 0.9051 -0.4251
vn -0.0069 0.9126 -0.4088
vn 0.0710 -0.9808 -0.1819
vn -0.0855 -0.9963 -0.0000
vn -0.0229 0.4875 -0.8729
vn 0.0738 -0.2819 -0.9566
vn 0.0889 -0.3010 -0.9495
vn 0.0599 -0.3242 -0.9441
vn 0.1120 -0.9920 0.0587
vn 0.0674 -0.9975 0.0205
vn 0.0043 0.0894 -0.9960
vn -0.0047 -0.1061 0.9943
vn 0.0220 0.3353 -0.9418
vn -0.0003 -0.1008 0.9949
vn 0.0041 -0.5769 0.8168
vn 0.0174 -0.5103 0.8598
vn -0.0147 -0.2640 -0.9644
vn 0.0018 -0.6599 -0.7514
vn 0.0327 0.0002 -0.9995
vn 0.0229 -0.0087 -0.9997
vn 0.0229 -0.0086 -0.9997
vn 0.0225 -0.0091 -0.9997
vn 0.0037 0.0297 -0.9996
vn 0.0317 -0.7075 -0.7060
vn 0.0034 0.0211 -0.9998
vn 0.0028 0.0209 -0.9998
vn 0.0003 0.0194 -0.9998
vn -0.0004 0.0190 -0.9998
vn 0.0178 0.0049 -0.9998
vn -0.0076 -0.0633 -0.9980
vn 0.0088 -0.2600 -0.9656
vn 0.0300 -0.9141 0.4045
vn 0.0264 -0.3219 -0.9464
vn 0.0117 -0.9846 0.1743
vn -0.0021 0.0169 -0.9999
vn -0.0057 0.0193 -0.9998
vn 0.1774 -0.6965 0.6953
vn 0.0605 -0.8962 -0.4395
vn 0.0613 -0.8967 -0.4384
vn 0.0631 -0.8977 -0.4361
vn 0.0132 -0.4063 -0.9136
vn 0.0102 0.4346 -0.9006
vn 0.0022 -0.0046 1.0000
vn -0.0011 0.0039 1.0000
vn 0.0112 0.5319 0.8467
vn 0.0076 0.5163 0.8563
vn 0.0101 0.8778 0.4790
vn -0.0146 -0.0005 -0.9999
vn -0.0147 -0.0067 -0.9999
vn -0.0146 -0.0015 -0.9999
vn -0.0769 -0.0407 -0.9962
vn -0.0294 -0.9984 0.0492
vn 0.0014 0.0130 -0.9999
vn -0.0071 -0.9756 0.2195
vn -0.1188 -0.8136 0.5692
vn -0.0141 0.6753 -0.7374
vn -0.2691 -0.9631 0.0041
vn -0.0950 -0.9686 0.2298
vn -0.0010 0.1070 -0.9943
vn -0.0106 -0.9818 0.1896
vn 0.0542 -0.6020 -0.7967
vn 0.0589 -0.1859 -0.9808
vn 0.0338 -0.2289 -0.9729
vn -0.0924 -0.9863 -0.1365
vn 0.0313 0.0561 -0.9979
vn -0.0029 0.0242 -0.9997
vn 0.0074 -0.0428 -0.9991
vn -0.0349 0.0996 -0.9944
vn -0.0271 0.0442 -0.9987
vn -0.0490 -0.0194 -0.9986
vn -0.2263 -0.2293 -0.9467
vn -0.1854 -0.0490 -0.9814
vn 0.0126 -0.0835 -0.9964
vn 0.0004 0.0539 -0.9985
vn -0.0017 0.0406 -0.9992
vn 0.0095 -0.0425 -0.9990
vn 0.1210 0.1571 -0.9801
vn -0.0124 0.4470 -0.8945
vn -0.0309 -0.2806 -0.9593
vn -0.1037 -0.9764 0.1894
vn -0.0268 -0.3530 -0.9352
vn -0.0186 -0.2977 -0.9545
vn -0.0183 -0.2986 -0.9542
vn -0.0184 -0.2985 -0.9542
vn -0.0138 -0.3081 -0.9513
vn 0.0138 -0.3126 -0.9498
vn -0.0101 -0.9999 0.0117
vn 0.5250 0.0003 0.8511
vn 0.9284 -0.0007 0.3715
vn 0.9175 -0.0017 0.3977
vn 0.9197 -0.0028 0.3926
vn 0.9116 -0.0021 0.4111
vn 0.5123 0.0009 0.8588
vn 0.9139 -0.0032 0.4059
vn 0.4928 0.0002 0.8701
vn 0.8728 -0.0002 0.4881
vn 0.5103 0.8596 0.0254
vn 0.9333 -0.3590 -0.0062
vn 0.9998 -0.0026 0.0193
vn 0.9998 -0.0022 0.0197
vn 0.9998 -0.0035 0.0189
vn 0.9999 -0.0053 0.0165
vn 0.9999 -0.0036 0.0152
vn -0.0031 -0.0441 -0.9990
vn -0.0147 -0.0082 -0.9999
vn -0.0069 -0.8076 -0.5897
vn -0.0348 0.0994 -0.9944
vn -0.0736 0.0029 -0.9973
vn -0.0844 0.0966 -0.9917
vn 0.0146 -0.0854 -0.9962
vn 0.9139 -0.4044 -0.0360
vn 0.9190 -0.0018 -0.3942
vn 0.9164 0.0047 -0.4001
vn 0.9104 -0.0035 -0.4137
vn 0.9139 -0.0013 -0.4060
vn 0.9112 -0.0027 -0.4120
vn 0.8579 0.0009 -0.5138
vn 0.5099 0.8551 -0.0937
vn 0.8938 0.3774 -0.2423
vn -0.5734 -0.2799 -0.7700
vn -0.7083 -0.2386 -0.6643
vn -0.8953 -0.2811 -0.3455
vn -0.3166 -0.5973 -0.7369
vn -0.4145 -0.9075 -0.0676
vn -0.6774 -0.6439 0.3559
vn -0.0262 -0.3078 -0.9511
vn -0.8142 -0.3797 0.4392
vn -0.0437 -0.2893 -0.9562
vn -0.0009 -1.0000 0.0051
vn -0.0413 -0.3431 -0.9384
vn -0.0074 -0.3275 -0.9448
vn 0.0927 -0.0203 -0.9955
vn -0.0470 -0.9220 0.3843
vn 0.0004 -0.9855 0.1697
vn -0.9195 -0.2234 0.3234
vn 0.0285 -0.9958 0.0875
vn -0.0156 0.0630 -0.9979
vn -0.0160 0.0632 -0.9979
vn -0.0162 0.0611 -0.9980
vn -0.0010 -0.0067 -1.0000
vn -0.0028 -0.0270 -0.9996
vn -0.2088 -0.1531 -0.9659
vn -0.1008 -0.9939 -0.0439
vn -0.7066 -0.2211 -0.6722
vn 0.2354 0.0419 -0.9710
vn -0.9661 -0.1841 -0.1812
vn -0.5633 -0.8253 -0.0387
vn -0.8992 -0.2872 0.3300
vn -0.6184 0.4238 0.6618
vn -0.3457 -0.9381 0.0206
vn -0.3456 -0.9381 0.0207
vn -0.3458 -0.9381 0.0205
vn -0.3452 -0.9383 0.0209
vn -0.0316 -0.3130 -0.9492
vn -0.0329 -0.3224 -0.9460
vn -0.0324 -0.3181 -0.9475
vn 0.0110 -0.9999 -0.0032
vn -0.3101 -0.9418 0.1298
vn 0.0076 0.1113 -0.9938
vn -0.0273 0.0310 -0.9991
vn -0.0021 -0.6192 -0.7853
vn -0.0366 -0.3666 -0.9296
vn -0.9406 0.3287 -0.0850
vn -0.3621 0.3179 0.8762
vn -0.4584 -0.4325 -0.7764
vn -0.4612 -0.4850 -0.7430
vn -0.5260 0.3722 0.7647
vn -0.6778 -0.4921 0.5462
vn -0.9185 0.3434 0.1962
vn -0.8840 0.2448 0.3984
vn -0.9781 0.0546 0.2007
vn -0.6913 -0.7066 -0.1512
vn -0.7805 0.2548 0.5708
vn -0.6765 -0.7249 -0.1294
vn 0.1822 0.0293 -0.9828
vn 0.3079 -0.0224 -0.9511
vn 0.4427 -0.5339 -0.7204
vn 0.0147 -0.9997 0.0186
vn -0.1082 0.0839 -0.9906
vn 0.0127 0.4693 -0.8830
vn 0.0001 -0.9998 -0.0211
vn -0.3551 -0.9169 0.1823
vn -0.3449 -0.9177 0.1973
vn 0.0061 -0.9991 0.0416
vn 0.0290 -0.1133 0.9931
vn -0.0127 -0.9944 0.1053
vn 0.0148 -0.9637 0.2665
vn 0.0638 -0.8980 -0.4353
vn -0.1675 -0.9511 0.2597
vn -0.4290 -0.3737 -0.8224
vn -0.4728 -0.7671 -0.4336
vn -0.0173 0.0499 -0.9986
vn -0.0017 -0.0192 -0.9998
vn -0.2293 0.0393 -0.9726
vn -0.1854 -0.0220 -0.9824
vn -0.2556 -0.0511 -0.9654
vn 0.5972 0.0249 -0.8017
vn 0.5300 0.0319 -0.8474
vn -0.6860 0.3592 0.6327
vn -0.1147 -0.2992 -0.9473
vn -0.8543 0.1288 0.5035
vn -0.9176 -0.3533 -0.1823
vn -0.9608 0.1943 0.1978
vn -0.9755 0.0943 0.1985
vn 0.1230 0.7371 -0.6645
vn -0.3118 -0.3020 -0.9009
vn -0.2215 -0.2715 -0.9366
vn -0.2706 -0.3120 -0.9107
vn -0.9672 -0.1740 -0.1853
vn -0.4458 -0.4107 0.7953
vn -0.6933 -0.7206 0.0027
vn -0.8062 -0.1473 -0.5731
vn -0.8598 0.1908 -0.4736
vn -0.5648 -0.8250 -0.0210
vn 0.7400 0.6340 -0.2247
vn -0.8097 0.0097 -0.5868
vn -0.0331 -0.3232 -0.9457
vn -0.0675 -0.2795 -0.9578
vn -0.6412 -0.7642 0.0700
vn 0.1416 0.2923 -0.9458
vn -0.0262 -0.9768 -0.2125
vn -0.0794 0.9891 -0.1243
vn -0.0793 0.9890 -0.1251
vn -0.0691 -0.9319 -0.3562
vn 0.0069 -0.3134 0.9496
vn -0.1817 -0.8238 -0.5370
vn 0.1332 -0.4002 0.9067
vn -0.0173 -0.0081 -0.9998
vn -0.0100 -0.0574 -0.9983
vn -0.0020 0.0699 -0.9976
vn -0.3504 -0.8967 -0.2704
vn -0.3150 -0.9491 -0.0055
vn -0.7782 0.4325 -0.4554
vn -0.2118 -0.3127 -0.9260
vn -0.0819 -0.2847 -0.9551
vn -0.0130 0.0198 -0.9997
vn -0.0159 0.0236 -0.9996
vn -0.0132 0.0195 -0.9997
vn -0.3952 -0.8626 -0.3158
vn -0.0350 -0.6540 0.7557
vn -0.0145 0.0112 -0.9998
vn -0.2501 -0.6490 -0.7185
vn 0.2687 -0.0154 -0.9631
vn -0.0478 -0.2057 0.9775
vn 0.0750 0.0394 -0.9964
vn 0.5589 -0.3677 -0.7432
vn 0.6191 -0.5536 -0.5570
vn 0.0312 -0.2801 0.9595
vn -0.2305 -0.6040 0.7629
vn -0.0656 -0.2359 -0.9696
vn 0.0577 -0.9602 -0.2733
vn 0.0303 -0.3889 -0.9208
vn -0.1067 -0.1911 -0.9757
vn -0.2216 0.1003 -0.9700
vn 0.4341 -0.1740 -0.8839
vn 0.9608 0.2513 -0.1170
vn 0.0011 -0.3678 -0.9299
vn -0.0064 0.0167 -0.9998
vn 0.5137 -0.8028 -0.3026
vn -0.2399 -0.7911 0.5627
vn 0.3487 -0.7257 -0.5930
vn -0.7147 -0.6837 -0.1476
vn -0.0069 0.0046 -1.0000
vn -0.0242 -0.0310 -0.9992
vn -0.0157 -0.0344 -0.9993
vn -0.0178 -0.0247 -0.9995
vn -0.0124 -0.0388 -0.9992
vn -0.0131 -0.0387 -0.9992
vn -0.0232 -0.0351 -0.9991
vn -0.7579 -0.3950 -0.5192
vn 0.3689 0.0127 -0.9294
vn 0.0440 -0.8640 -0.5016
vn -0.0054 -0.9902 -0.1398
vn -0.5435 0.2154 0.8113
vn -0.0744 -0.4156 0.9065
vn -0.1792 -0.3699 -0.9116
vn -0.1965 -0.4988 -0.8441
vn -0.2543 -0.3515 -0.9010
vn -0.1130 -0.8723 -0.4757
vn -0.1580 -0.6272 -0.7627
vn 0.7866 0.6123 -0.0796
vn -0.1813 -0.0042 -0.9834
vn -0.2247 0.5631 -0.7953
vn -0.8386 -0.3265 -0.4361
vn -0.0064 0.0138 -0.9999
vn -0.0801 -0.9915 0.1029
vn -0.8035 -0.5934 -0.0469
vn 0.0145 -0.0018 -0.9999
vn -0.5332 0.8267 -0.1797
vn -0.5233 -0.3884 -0.7585
vn -0.0389 -0.0063 -0.9992
vn -0.0539 0.0169 -0.9984
vn -0.0446 0.0258 -0.9987
vn -0.0459 0.0246 -0.9986
vn 0.0015 0.0210 -0.9998
vn 0.2931 -0.7338 -0.6129
vn 0.9806 0.1463 -0.1307
vn -0.2083 0.0138 -0.9780
vn -0.2023 0.0139 -0.9792
vn -0.1970 0.0133 -0.9803
vn -0.1316 -0.1755 -0.9756
vn -0.3731 -0.5167 -0.7706
vn -0.3276 0.3583 -0.8743
vn 0.2831 -0.4118 -0.8662
vn -0.7071 0.1164 -0.6975
vn -0.7014 0.1231 -0.7021
vn -0.7060 0.1177 -0.6983
vn -0.1112 -0.9937 0.0123
vn -0.7975 -0.6026 -0.0285
vn -0.7980 -0.6020 -0.0280
vn -0.7946 -0.6060 -0.0370
vn -0.0700 -0.7798 -0.6221
vn 0.0001 0.0290 -0.9996
vn -0.0001 0.0293 -0.9996
vn -0.0028 0.0287 -0.9996
vn -0.0213 0.0403 -0.9990
vn -0.4463 -0.2773 -0.8509
vn -0.0436 -0.0474 -0.9979
vn 0.7740 -0.6261 -0.0939
vn -0.0905 -0.9952 -0.0365
vn -0.0909 -0.9952 -0.0371
vn -0.0904 -0.9952 -0.0364
vn -0.4056 -0.3643 -0.8383
vn 0.0213 0.3946 0.9186
vn 0.0316 -0.8096 0.5861
vn -0.2641 -0.8547 -0.4469
vn -0.8697 0.1409 -0.4730
vn 0.1905 -0.3828 -0.9040
vn -0.6718 0.1016 -0.7337
vn -0.0668 -0.9814 0.1798
vn -0.7836 0.6088 -0.1239
vn -0.7776 0.6180 -0.1158
vn -0.7822 0.6107 -0.1238
vn -0.0241 -0.0347 -0.9991
vn -0.7829 0.6094 -0.1254
vn -0.7954 -0.6051 -0.0345
vn 0.0056 0.0126 -0.9999
vn 0.0042 0.0133 -0.9999
vn 0.0058 0.0123 -0.9999
vn -0.4380 0.1828 -0.8802
vn -0.0023 0.0988 -0.9951
vn -0.0169 0.0013 -0.9999
vn -0.0158 0.0008 -0.9999
vn -0.0264 0.0041 -0.9996
vn 0.1541 -0.7692 0.6202
vn -0.3471 -0.4819 -0.8046
vn -0.0673 -0.9197 -0.3868
vn 0.2201 -0.9731 -0.0675
vn 0.2651 -0.4730 -0.8402
vn 0.5287 -0.1732 -0.8310
vn -0.4161 -0.0928 -0.9046
vn 0.0171 -0.9998 -0.0046
vn -0.2850 -0.9020 -0.3242
vn -0.9426 0.2337 0.2383
vn -0.0334 -0.0093 -0.9994
vn -0.7940 -0.6064 -0.0428
vn -0.0443 0.0261 -0.9987
vn 0.0224 -0.0611 -0.9979
vn 0.0274 -0.0572 -0.9980
vn 0.0278 -0.0584 -0.9979
vn -0.5273 -0.3382 -0.7794
vn -0.0338 0.0417 -0.9986
vn -0.0699 -0.9924 -0.1013
vn 0.3485 -0.9194 -0.1822
vn 0.3757 -0.6873 -0.6216
vn 0.2262 -0.8493 0.4771
vn 0.3457 -0.9116 0.2225
vn 0.0070 -0.9947 0.1022
vn -0.0499 -0.9977 -0.0458
vn -0.1226 -0.9922 0.0228
vn -0.4553 -0.4086 -0.7910
vn -0.0050 -0.0033 -1.0000
vn 0.0010 0.0005 -1.0000
vn 0.0008 -0.0008 -1.0000
vn 0.0007 -0.0005 -1.0000
vn 0.0243 -0.9975 0.0662
vn 0.0809 -0.9922 0.0952
vn -0.9536 0.2156 0.2101
vn -0.9648 0.2552 0.0630
vn -0.9279 -0.2683 0.2588
vn -0.0178 0.0148 -0.9997
vn -0.1016 -0.0015 -0.9948
vn 0.0023 0.0149 -0.9999
vn -0.9575 0.1731 -0.2308
vn -0.8560 -0.0443 -0.5151
vn -0.0058 0.2217 -0.9751
vn -0.0051 0.2185 -0.9758
vn -0.0054 0.2196 -0.9756
vn -0.0098 -0.0744 -0.9972
vn -0.0494 -0.7571 -0.6514
vn 0.0986 -0.9949 0.0197
vn 0.1219 0.9809 -0.1514
vn -0.1964 0.0140 -0.9804
vn -0.2374 -0.0893 -0.9673
vn -0.2345 -0.0524 -0.9707
vn -0.2353 -0.0518 -0.9705
vn -0.2339 -0.0529 -0.9708
vn 0.1091 -0.9936 0.0303
vn -0.2744 -0.3909 -0.8786
vn 0.0965 -0.9952 0.0187
vn -0.0175 0.0178 -0.9997
vn -0.0184 -0.0355 -0.9992
vn 0.0046 0.0119 -0.9999
vn -0.7536 0.0377 0.6562
vn -0.0527 -0.0029 -0.9986
vn -0.0899 -0.9953 -0.0358
vn -0.0216 -0.9982 -0.0559
vn 0.0222 -0.9932 -0.1145
vn -0.2424 -0.3377 -0.9095
vn 0.0174 -0.6797 0.7333
vn -0.1606 -0.0657 -0.9848
vn 0.1314 -0.9173 -0.3760
vn 0.0886 -0.8901 -0.4471
vn 0.0835 -0.9654 -0.2472
vn -0.1084 -0.9939 0.0199
vn 0.0980 -0.8930 -0.4393
vn 0.1102 0.5356 -0.8373
vn -0.0259 0.0227 -0.9994
vn 0.0515 -0.9975 -0.0494
vn -0.0326 0.0522 -0.9981
vn -0.0240 -0.0107 -0.9997
vn -0.0060 0.2227 -0.9749
vn 0.0175 -0.0650 -0.9977
vn 0.0079 -0.0345 -0.9994
vn 0.0401 -0.0689 -0.9968
vn 0.0452 0.0814 -0.9957
vn -0.0014 0.0120 -0.9999
vn -0.0114 0.0152 -0.9998
vn -0.0042 0.0139 -0.9999
vn 0.1262 -0.9920 0.0005
vn 0.1247 -0.9922 -0.0037
vn 0.1247 -0.9922 -0.0036
vn 0.1245 -0.9922 -0.0039
vn 0.0217 -0.9967 0.0782
vn 0.4991 -0.6250 0.6002
vn -0.3032 -0.0763 -0.9499
vn 0.4114 -0.7980 0.4404
vn -0.0143 -0.2248 0.9743
vn 0.0006 0.0340 -0.9994
vn -0.0051 0.0258 -0.9997
vn -0.0008 0.0319 -0.9995
vn 0.0173 0.0391 -0.9991
vn -0.0448 0.0017 -0.9990
vn -0.0283 0.0047 -0.9996
vn -0.1331 -0.9910 -0.0131
vn 0.0481 -0.9988 -0.0088
vn -0.1474 -0.9891 0.0004
vn -0.0219 -0.3160 -0.9485
vn 0.7017 -0.0186 -0.7122
vn -0.1415 -0.9768 0.1604
vn -0.0360 -0.0785 -0.9963
vn -0.0291 -0.0770 -0.9966
vn -0.0353 -0.0789 -0.9963
vn -0.0294 -0.0753 -0.9967
vn -0.0737 -0.6033 -0.7941
vn 0.0922 -0.9909 -0.0986
vn -0.3937 -0.1263 -0.9105
vn 0.3419 -0.8783 0.3343
vn -0.0301 0.0779 -0.9965
vn -0.0913 0.1964 -0.9763
vn 0.1307 0.0245 -0.9911
vn 0.0071 -0.9983 -0.0584
vn -0.0501 -0.9931 0.1065
vn -0.2008 -0.4276 -0.8814
vn -0.2632 -0.2472 -0.9325
vn -0.2335 -0.3149 -0.9200
vn -0.0457 0.0343 -0.9984
vn -0.0352 0.0343 -0.9988
vn -0.0359 0.0346 -0.9988
vn -0.0505 -0.0642 -0.9967
vn -0.0463 0.1112 -0.9927
vn -0.0900 0.0082 -0.9959
vn 0.3789 -0.8608 0.3398
vn 0.1787 0.0614 -0.9820
vn 0.3934 -0.7176 -0.5747
vn 0.2589 -0.5175 -0.8156
vn -0.0301 0.0341 -0.9990
vn -0.1018 -0.0472 -0.9937
vn -0.0222 -0.0289 -0.9993
vn -0.0062 0.0244 -0.9997
vn -0.0096 0.0111 -0.9999
vn -0.0106 -0.0167 -0.9998
vn -0.0151 -0.0072 -0.9999
vn -0.0127 -0.0115 -0.9999
vn -0.2888 -0.6870 -0.6668
vn 0.1944 -0.9809 0.0019
vn 0.6741 -0.7285 -0.1215
vn -0.3937 -0.8257 0.4040
vn -0.0044 -0.0041 -1.0000
vn 0.1245 -0.9905 0.0580
vn -0.0827 -0.0141 -0.9965
vn 0.0044 0.0121 -0.9999
vn -0.2804 -0.4576 -0.8438
vn -0.3795 -0.9161 -0.1291
vn -0.3775 -0.9259 0.0123
vn -0.3752 -0.9269 0.0113
vn -0.3699 -0.9290 0.0092
vn -0.3672 -0.9301 0.0081
vn 0.2217 -0.9750 0.0169
vn -0.3303 -0.9217 0.2032
vn 0.2074 -0.9779 0.0256
vn -0.0107 0.0185 -0.9998
vn 0.1130 -0.9901 0.0834
vn -0.1406 -0.0091 -0.9900
vn -0.0104 -0.0176 -0.9998
vn -0.0264 0.0261 -0.9993
vn -0.0090 -0.0167 -0.9998
vn 0.2214 -0.9752 -0.0067
vn -0.4434 -0.8069 0.3904
vn 0.1729 0.3561 -0.9183
vn 0.0044 0.0122 -0.9999
vn -0.0029 0.0283 -0.9996
vn 0.1463 -0.0389 -0.9885
vn -0.0178 -0.0233 -0.9996
vn -0.0196 -0.0060 -0.9998
vn -0.0102 0.0058 -0.9999
vn -0.0083 0.0041 -1.0000
vn -0.4114 -0.9079 -0.0797
vn -0.4467 -0.8944 0.0220
vn -0.5034 -0.8332 0.2289
vn -0.5301 -0.5207 0.6692
vn -0.0466 0.0341 -0.9983
vn -0.0081 -0.0004 -1.0000
vn -0.0021 0.0079 -1.0000
vn -0.0077 0.0007 -1.0000
vn -0.0784 0.2648 -0.9611
vn 0.0537 -0.0089 -0.9985
vn 0.0516 0.0005 -0.9987
vn 0.0445 -0.0021 -0.9990
vn 0.0424 -0.0052 -0.9991
vn 0.0087 -0.0041 -1.0000
vn -0.0052 0.0020 -1.0000
vn -0.2981 -0.4531 -0.8402
vn 0.2982 -0.9545 -0.0057
vn 0.2983 -0.9545 -0.0057
vn 0.2974 -0.9547 -0.0059
vn -0.0101 0.0192 -0.9998
vn 0.0117 -0.0052 -0.9999
vn -0.0077 -0.0001 -1.0000
vn -0.0181 0.1125 -0.9935
vn 0.0529 -0.0095 -0.9986
vn 0.0084 0.0344 -0.9994
vn 0.0027 0.0132 -0.9999
vn -0.5357 -0.8384 -0.1004
vn 0.2971 -0.9548 -0.0059
vn 0.3113 -0.9502 0.0154
vn 0.3133 -0.9495 0.0162
vn 0.3037 -0.9527 0.0124
vn -0.6479 -0.7227 0.2407
vn -0.6495 -0.7227 0.2361
vn -0.6492 -0.7227 0.2371
vn -0.4862 -0.5079 0.7111
vn -0.4938 -0.5053 0.7077
vn -0.4842 -0.5088 0.7118
vn -0.0234 0.0109 -0.9997
vn -0.0145 0.0031 -0.9999
vn -0.0151 0.0042 -0.9999
vn 0.0274 0.0455 -0.9986
vn -0.0933 0.3399 -0.9358
vn -0.0287 0.0536 -0.9982
vn -0.0199 0.0557 -0.9982
vn -0.0211 0.0550 -0.9983
vn 0.0781 -0.0156 -0.9968
vn 0.0537 -0.0084 -0.9985
vn 0.0507 -0.0104 -0.9987
vn 0.0506 -0.0082 -0.9987
vn -0.3016 -0.3224 -0.8973
vn -0.5776 -0.8129 -0.0749
vn -0.6093 -0.7926 0.0245
vn -0.6206 -0.7839 0.0204
vn -0.0189 0.0125 -0.9997
vn -0.0071 0.0196 -0.9998
vn -0.1974 0.3282 -0.9237
vn -0.0198 -0.0093 -0.9998
vn -0.0195 -0.0091 -0.9998
vn -0.0197 -0.0092 -0.9998
vn 0.0423 0.0971 -0.9944
vn 0.0953 -0.0278 -0.9951
vn -0.3671 -0.3574 -0.8588
vn -0.6907 -0.7096 -0.1393
vn -0.7226 -0.6909 0.0230
vn -0.0254 0.0225 -0.9994
vn -0.6066 -0.0599 -0.7927
vn -0.6248 -0.0698 -0.7777
vn -0.7573 0.0387 -0.6519
vn -0.7402 -0.6669 -0.0862
vn -0.7396 -0.6673 -0.0871
vn -0.7465 -0.6592 -0.0910
vn -0.7479 -0.6424 0.1672
vn -0.9748 -0.0391 0.2197
vn -0.8237 0.0654 0.5633
vn -0.0299 0.0112 -0.9995
vn 0.0124 0.0078 -0.9999
vn -0.5159 -0.1705 -0.8395
vn -0.4872 0.1094 -0.8664
vn 0.0540 -0.0076 -0.9985
vn 0.0525 -0.0057 -0.9986
vn 0.0972 0.0244 -0.9950
vn -0.3998 -0.3579 -0.8438
vn -0.9886 -0.0795 -0.1278
vn -0.9672 0.2245 -0.1187
vn -0.9659 0.2306 -0.1175
vn -0.9662 0.2295 -0.1177
vn -0.9866 -0.1633 -0.0018
vn -0.9675 0.2230 -0.1189
vn -0.9878 0.1556 -0.0060
vn -0.9907 -0.1341 0.0235
vn -0.9991 0.0410 -0.0128
vn 0.4271 -0.9042 0.0012
vn 0.4245 -0.9054 -0.0018
vn 0.4292 -0.9032 0.0036
vn -0.9661 -0.2582 0.0018
vn -0.7630 -0.6450 0.0413
vn 0.3877 -0.9216 0.0164
vn -0.9983 -0.0565 0.0160
vn -0.9910 0.1200 0.0599
vn -0.9575 0.2856 0.0406
vn -0.7786 -0.5784 0.2432
vn -0.7880 -0.0649 0.6122
vn -0.8402 0.1802 0.5114
vn -0.8705 0.3314 0.3638
vn -0.7359 -0.5356 0.4142
vn 0.0202 -0.0045 -0.9998
vn 0.0317 -0.0191 -0.9993
vn -0.0352 0.0467 -0.9983
vn -0.0360 0.0471 -0.9982
vn -0.0354 0.0468 -0.9983
vn 0.1133 -0.0151 -0.9934
vn -0.3239 -0.1625 -0.9320
vn -0.3292 -0.1548 -0.9315
vn -0.3268 -0.1591 -0.9316
vn -0.8872 -0.4521 -0.0917
vn -0.8871 -0.4525 -0.0906
vn -0.8869 -0.4536 -0.0876
vn -0.4985 0.1535 -0.8532
vn -0.9353 0.2360 -0.2635
vn -0.4573 0.1261 -0.8803
vn -0.7120 0.3983 -0.5782
vn -0.7468 -0.6587 -0.0916
vn -0.8869 -0.4537 -0.0869
vn -0.9440 0.3242 -0.0605
vn -0.7252 0.6885 0.0036
vn -0.9227 -0.3852 -0.0126
vn -0.8291 -0.5575 0.0426
vn -0.8474 -0.5281 0.0551
vn -0.6574 0.7535 -0.0087
vn -0.9010 -0.4339 0.0055
vn -0.9783 0.2071 0.0053
vn -0.9774 0.2113 0.0093
vn -0.9786 0.2057 0.0043
vn -0.9301 -0.3630 0.0551
vn -0.9786 0.2057 0.0040
vn -0.8231 0.5629 0.0751
vn -0.8307 -0.4242 0.3605
vn -0.9298 0.2393 0.2795
vn -0.9114 0.1603 0.3790
vn -0.9090 0.1623 0.3838
vn -0.9081 0.1631 0.3857
vn -0.7545 -0.4311 0.4948
vn 0.0141 0.0163 -0.9998
vn 0.0139 0.0159 -0.9998
vn 0.0137 0.0151 -0.9998
vn -0.0347 0.0464 -0.9983
vn 0.4298 -0.9029 0.0044
vn -0.0062 0.0007 -1.0000
vn -0.3738 0.3114 -0.8737
vn -0.0171 -0.0235 -0.9996
vn -0.3738 0.1554 -0.9144
vn -0.4690 -0.3734 -0.8004
vn -0.4158 -0.2606 -0.8713
vn -0.8063 -0.5885 -0.0597
vn -0.9759 0.1396 -0.1676
vn -0.8239 -0.5659 -0.0307
vn -0.9663 0.2563 0.0261
vn -0.9820 0.1889 0.0088
vn -0.9124 0.1596 0.3769
vn -0.9189 0.2201 0.3274
vn -0.0080 -0.0072 -0.9999
vn -0.0202 0.0557 -0.9982
vn -0.4361 -0.4026 -0.8048
vn -0.3245 -0.1633 -0.9317
vn -0.8187 -0.5392 -0.1974
vn -0.8368 0.1801 -0.5170
vn -0.8007 -0.3066 -0.5148
vn -0.9657 0.2588 -0.0217
vn -0.9433 -0.3154 -0.1036
vn -0.9477 0.2933 -0.1257
vn -0.9529 0.3010 0.0356
vn -0.9518 -0.2990 0.0679
vn -0.8557 -0.5173 -0.0160
vn -0.8478 -0.5303 -0.0085
vn -0.8412 -0.5362 0.0701
vn -0.8463 -0.5291 0.0624
vn -0.8452 -0.5306 0.0639
vn -0.8463 -0.5291 0.0621
vn -0.9441 -0.3240 0.0602
vn 0.4507 -0.8927 0.0019
vn -0.8959 0.2412 0.3730
vn -0.9051 -0.3146 0.2862
vn -0.8865 0.1689 0.4308
vn -0.7998 -0.1530 0.5804
vn -0.8016 -0.1251 0.5846
vn 0.8988 0.3495 0.2646
vn 0.8679 -0.0834 -0.4896
vn 0.0986 0.0470 -0.9940
vn 0.0465 -0.0130 -0.9988
vn 0.0456 0.0616 -0.9971
vn -0.0194 -0.0089 -0.9998
vn -0.7385 0.0352 -0.6733
vn -0.6520 0.0543 -0.7563
vn -0.9914 0.1118 -0.0684
vn -0.9884 0.0182 -0.1510
vn -0.9964 -0.0699 -0.0473
vn -0.9689 -0.2443 -0.0393
vn -0.9984 -0.0502 0.0274
vn -0.8383 -0.5451 -0.0108
vn -0.9947 -0.0941 0.0419
vn -0.9900 0.1383 0.0260
vn -0.9925 0.1186 0.0301
vn 0.9200 0.3902 -0.0377
vn 0.9197 0.3905 -0.0398
vn 0.9204 0.3894 -0.0337
vn 0.0032 0.0296 -0.9996
vn 0.5911 -0.8054 -0.0442
vn -0.3525 0.5259 -0.7741
vn -0.0206 0.0175 -0.9996
vn 0.0640 0.0367 -0.9973
vn -0.5703 -0.3546 -0.7409
vn -0.8647 -0.4962 -0.0773
vn 0.5625 -0.8268 0.0002
vn -0.5164 0.8563 -0.0003
vn 0.5743 -0.8186 0.0071
vn 0.5400 -0.8392 0.0640
vn -0.0199 0.0561 -0.9982
vn -0.0417 0.0017 -0.9991
vn -0.0399 0.0014 -0.9992
vn -0.0433 0.0057 -0.9990
vn -0.0303 -0.0077 -0.9995
vn -0.5503 -0.3107 -0.7750
vn -0.8813 -0.4726 0.0033
vn -0.8414 -0.5359 0.0702
vn -0.8441 -0.3878 0.3703
vn -0.0356 0.0089 -0.9993
vn -0.0374 0.0114 -0.9992
vn -0.0374 0.0110 -0.9992
vn -0.0457 0.0037 -0.9990
vn -0.0360 0.0056 -0.9993
vn -0.8747 -0.4790 -0.0739
vn -0.6757 -0.6352 0.3741
vn -0.0598 0.0490 -0.9970
vn 0.0023 0.0703 -0.9975
vn -0.4781 -0.1821 -0.8592
vn -0.5382 -0.3132 -0.7825
vn -0.8490 -0.5123 -0.1291
vn -0.8485 -0.5132 -0.1291
vn -0.8484 -0.5133 -0.1290
vn -0.7297 0.6838 0.0010
vn -0.8457 -0.5336 0.0084
vn -0.8320 -0.5548 0.0013
vn -0.7143 0.6999 -0.0062
vn -0.8119 -0.5402 0.2213
vn -0.5482 0.4575 0.7001
vn -0.0227 0.0502 -0.9985
vn 0.0544 -0.0806 -0.9953
vn -0.2321 0.0865 -0.9688
vn 0.0044 0.0159 -0.9999
vn -0.4047 -0.2037 -0.8915
vn -0.4125 -0.2272 -0.8822
vn -0.6666 0.6634 -0.3399
vn -0.8492 -0.5120 -0.1290
vn -0.8512 -0.4693 0.2352
vn -0.8113 -0.3853 0.4397
vn 0.0760 -0.1027 -0.9918
vn -0.0839 0.2282 -0.9700
vn -0.0304 0.0029 -0.9995
vn -0.0305 0.0030 -0.9995
vn -0.8755 -0.4744 -0.0916
vn -0.8772 -0.4801 -0.0036
vn -0.8752 -0.4837 -0.0066
vn -0.8707 -0.4918 0.0013
vn 0.6367 -0.7711 0.0060
vn -0.8685 -0.4956 0.0019
vn -0.8690 -0.4949 0.0023
vn -0.8769 -0.4807 -0.0023
vn -0.8858 -0.4405 0.1463
vn 0.6492 -0.7600 -0.0310
vn 0.6390 0.4151 -0.6475
vn -0.0389 0.0158 -0.9991
vn -0.0301 0.0026 -0.9995
vn -0.0113 0.0038 -0.9999
vn -0.0127 0.0011 -0.9999
vn -0.0126 0.0010 -0.9999
vn -0.4630 -0.2037 -0.8626
vn -0.8938 -0.4282 -0.1336
vn 0.7104 -0.7038 0.0027
vn 0.7122 -0.7020 0.0034
vn 0.7063 -0.7079 0.0011
vn -0.7667 0.6401 0.0489
vn -0.8628 -0.4970 0.0925
vn -0.6955 0.5984 0.3976
vn -0.7277 -0.4304 0.5341
vn 0.1087 0.1399 -0.9842
vn -0.0090 0.0093 -0.9999
vn -0.0121 0.0018 -0.9999
vn 0.7042 -0.7100 0.0002
vn 0.7030 -0.7111 0.0095
vn -0.6991 -0.3549 0.6207
vn -0.0541 0.0241 -0.9982
vn -0.0538 0.0238 -0.9983
vn -0.0516 0.0260 -0.9983
vn -0.0526 -0.0624 -0.9967
vn -0.1815 0.0079 -0.9834
vn -0.4674 -0.2177 -0.8568
vn -0.8838 -0.3607 -0.2981
vn -0.8471 0.5010 -0.1774
vn -0.8981 0.3833 -0.2158
vn -0.8790 -0.4569 -0.1361
vn -0.9390 -0.3438 -0.0075
vn -0.9390 -0.3439 -0.0075
vn -0.9390 -0.3440 -0.0074
vn -0.9299 -0.3541 0.1000
vn -0.7668 0.4346 0.4724
vn -0.4413 0.0334 -0.8967
vn -0.8354 -0.1515 -0.5283
vn -0.8373 0.4774 -0.2663
vn -0.9559 -0.1886 -0.2251
vn -0.9296 0.3574 -0.0897
vn -0.9411 -0.3380 -0.0085
vn -0.9309 0.3652 -0.0072
vn -0.9417 -0.3362 -0.0088
vn -0.9104 0.4137 0.0046
vn -0.9541 -0.2983 0.0251
vn -0.9555 0.2455 0.1637
vn -0.8843 0.4521 0.1168
vn -0.8254 0.3005 0.4778
vn -0.5974 -0.3537 0.7197
vn -0.0345 0.0125 -0.9993
vn -0.0349 0.0082 -0.9994
vn -0.4203 0.0699 -0.9047
vn -0.8899 0.1211 -0.4398
vn -0.3963 0.0598 -0.9162
vn -0.2885 -0.1509 -0.9455
vn -0.7680 -0.3006 -0.5655
vn -0.9635 0.2411 -0.1165
vn -0.9310 -0.2679 -0.2478
vn -0.9641 -0.2614 -0.0465
vn -0.9608 -0.2756 -0.0317
vn -0.9514 0.3080 0.0024
vn -0.9211 -0.3879 0.0340
vn -0.9498 -0.3079 0.0556
vn -0.8478 -0.3166 0.4254
vn -0.3064 0.0612 -0.9499
vn -0.3018 -0.0159 -0.9532
vn -0.3031 -0.0163 -0.9528
vn -0.3059 -0.0174 -0.9519
vn -0.3072 -0.0180 -0.9515
vn -0.8829 -0.1321 -0.4506
vn -0.8901 0.2462 -0.3836
vn -0.9763 0.2144 -0.0289
vn -0.9661 0.2583 -0.0004
vn -0.9676 -0.2515 0.0226
vn -0.9594 -0.2782 0.0457
vn -0.9785 0.2052 0.0225
vn -0.8514 -0.1018 0.5145
vn -0.9023 -0.2559 0.3470
vn -0.0491 0.0276 -0.9984
vn -0.0488 0.0222 -0.9986
vn -0.3952 0.0226 -0.9183
vn -0.9730 0.0165 -0.2300
vn -0.9842 0.1367 -0.1123
vn -0.9507 0.3077 -0.0373
vn -0.9750 0.1224 -0.1855
vn -0.9923 -0.1186 -0.0348
vn -0.9987 -0.0412 -0.0293
vn -0.9968 -0.0792 -0.0115
vn -0.9969 -0.0784 -0.0101
vn -0.9972 -0.0751 -0.0028
vn -0.9634 0.2682 0.0019
vn -0.9993 -0.0384 0.0008
vn -0.9996 -0.0299 -0.0013
vn -0.9994 -0.0360 0.0001
vn -0.9957 -0.0925 -0.0058
vn -0.9958 -0.0911 -0.0063
vn -0.9957 -0.0922 -0.0059
vn -0.9996 -0.0281 -0.0016
vn -0.9959 -0.0907 -0.0065
vn -0.9972 -0.0744 -0.0015
vn -0.9462 0.3222 0.0314
vn -0.8803 0.2388 0.4099
vn -0.8641 0.0794 0.4969
vn -0.9754 -0.0536 0.2140
vn -0.9754 -0.0534 0.2140
vn -0.9754 -0.0533 0.2140
vn -0.9754 -0.0531 0.2140
vn 0.2970 0.1313 -0.9458
vn 0.0168 0.0234 -0.9996
vn 0.3904 -0.1737 -0.9041
vn 0.2813 -0.1173 -0.9524
vn 0.2026 0.0360 -0.9786
vn 0.3379 0.0413 -0.9403
vn -0.2197 -0.0045 0.9756
vn -0.6278 0.1407 0.7655
vn -0.2636 -0.1142 0.9578
vn -0.0254 -0.0019 0.9997
vn 0.0235 0.0035 0.9997
vn 0.0229 0.0011 0.9997
vn 0.0220 0.0011 0.9998
vn 0.9996 -0.0289 -0.0058
vn 0.9935 0.1130 -0.0132
vn 0.9999 -0.0140 -0.0002
vn 0.9949 -0.0512 0.0872
vn 0.7744 0.0110 -0.6326
vn 0.9490 0.2406 -0.2040
vn 0.9490 0.2407 -0.2039
vn 0.9490 0.2404 -0.2041
vn 0.7884 0.1419 -0.5986
vn 0.8974 -0.0692 -0.4358
vn 0.8932 -0.1199 -0.4333
vn 0.9490 0.2403 -0.2042
vn 0.9944 -0.0685 -0.0803
vn 0.9641 -0.2621 -0.0415
vn 0.9773 0.2118 0.0087
vn 0.9743 -0.2247 -0.0126
vn 0.9912 -0.1320 -0.0107
vn 0.9886 0.1504 -0.0089
vn 0.9383 0.3457 -0.0071
vn 0.9798 -0.1990 -0.0176
vn 0.9983 0.0377 0.0444
vn 0.9854 -0.1257 0.1146
vn 0.9044 0.0631 0.4220
vn 0.8137 0.4626 0.3521
vn 0.9145 -0.1230 0.3854
vn 0.5575 0.0379 0.8293
vn 0.8401 -0.0339 0.5413
vn 0.6909 0.0122 -0.7228
vn 0.9411 -0.1427 -0.3065
vn 0.9412 -0.1458 -0.3049
vn 0.9411 -0.1463 -0.3047
vn 0.9411 -0.1418 -0.3070
vn 0.9599 0.2176 -0.1765
vn 0.9731 -0.2287 -0.0285
vn 0.9762 -0.2166 -0.0105
vn 0.9544 0.2982 0.0141
vn 0.9722 -0.2342 -0.0016
vn 0.9502 0.3091 0.0402
vn 0.8284 0.1935 0.5256
vn 0.5223 -0.8512 0.0525
vn 0.9623 -0.1067 0.2501
vn 0.8005 -0.1663 0.5757
vn 0.3227 0.0244 0.9462
vn -0.0442 -0.0268 0.9987
vn 0.0296 0.0013 0.9996
vn 0.8429 -0.2211 -0.4905
vn 0.8887 -0.2911 -0.3543
vn 0.9297 0.3619 -0.0686
vn 0.9409 -0.3307 -0.0735
vn 0.9378 0.3472 -0.0002
vn 0.9422 -0.3349 0.0054
vn 0.9143 0.3883 0.1151
vn 0.8859 -0.3572 0.2960
vn 0.6304 0.2357 0.7396
vn 0.8632 -0.1750 0.4736
vn 0.1984 0.0343 0.9795
vn 0.2278 -0.0590 0.9719
vn 0.8798 0.4566 -0.1319
vn 0.8874 0.4481 -0.1085
vn 0.9359 -0.3463 -0.0644
vn 0.8791 0.4767 -0.0050
vn 0.9302 -0.3671 -0.0005
vn 0.8936 0.4488 0.0034
vn 0.9435 -0.3313 -0.0088
vn 0.9161 0.3637 0.1688
vn 0.8949 0.4318 0.1127
vn 0.9173 -0.3645 0.1604
vn 0.9343 -0.2731 0.2292
vn 0.5958 0.3033 0.7437
vn 0.4812 0.1640 0.8611
vn 0.4807 0.1620 0.8618
vn 0.4829 0.1704 0.8589
vn 0.1684 0.0644 0.9836
vn 0.3123 -0.0541 0.9484
vn 0.0083 -0.0051 1.0000
vn 0.0098 -0.0053 0.9999
vn 0.0062 -0.0053 1.0000
vn 0.7944 -0.3590 -0.4900
vn 0.8491 0.4981 -0.1762
vn 0.9042 -0.4099 -0.1197
vn 0.9038 -0.4279 -0.0111
vn 0.9257 -0.3492 0.1458
vn 0.4834 0.1724 0.8582
vn 0.4105 -0.1201 0.9039
vn 0.4074 -0.1516 0.9006
vn 0.0303 0.0094 0.9995
vn 0.8733 -0.4821 -0.0699
vn 0.8691 -0.4938 -0.0300
vn 0.7831 0.6219 0.0011
vn 0.8757 -0.4829 0.0068
vn 0.7514 0.6528 0.0964
vn 0.8661 -0.4850 0.1208
vn 0.7273 0.5437 0.4189
vn 0.7623 0.4300 0.4837
vn 0.8508 -0.5012 0.1580
vn 0.5312 0.1342 0.8365
vn 0.0958 0.0808 0.9921
vn 0.0517 -0.0360 0.9980
vn 0.1240 0.0748 0.9895
vn 0.8286 -0.5108 -0.2290
vn 0.7714 0.6273 -0.1068
vn 0.7492 0.6623 -0.0091
vn 0.8911 -0.4409 0.1075
vn 0.1303 -0.0279 0.9911
vn 0.0373 -0.0270 0.9989
vn 0.0107 0.0114 0.9999
vn 0.0168 -0.0044 0.9998
vn 0.0170 -0.0047 0.9998
vn 0.0223 -0.0156 0.9996
vn 0.0224 -0.0067 0.9997
vn 0.0223 -0.0182 0.9996
vn 0.7038 0.7019 0.1094
vn 0.8624 -0.4993 0.0839
vn 0.8623 -0.4993 0.0839
vn 0.8622 -0.4996 0.0842
vn 0.3471 0.4101 0.8434
vn 0.3241 0.6361 0.7002
vn 0.0306 -0.0127 0.9994
vn 0.2423 -0.1446 0.9594
vn 0.0515 0.0432 0.9977
vn 0.0300 0.0135 0.9995
vn 0.5882 0.7119 -0.3836
vn 0.8678 -0.4527 -0.2048
vn 0.8674 -0.4541 -0.2033
vn 0.8677 -0.4530 -0.2046
vn 0.6847 0.7288 -0.0018
vn 0.6890 0.7248 -0.0036
vn 0.6908 0.7231 -0.0044
vn 0.8640 -0.5031 -0.0198
vn 0.8626 -0.4989 0.0835
vn -0.0049 0.0601 0.9982
vn 0.0151 0.0182 0.9997
vn 0.3559 -0.1708 0.9188
vn 0.3549 -0.1698 0.9193
vn 0.3509 -0.1655 0.9217
vn 0.3492 -0.1637 0.9226
vn -0.7265 0.4783 -0.4933
vn 0.8674 -0.4544 -0.2030
vn 0.6830 0.7304 -0.0010
vn 0.6788 0.7314 0.0652
vn 0.5738 0.3159 0.7556
vn 0.6123 -0.6335 -0.4730
vn 0.5620 0.6944 -0.4494
vn 0.7751 -0.6284 -0.0666
vn 0.8252 -0.5646 -0.0147
vn 0.7815 -0.6041 0.1561
vn 0.5076 0.6197 0.5986
vn 0.0004 0.0128 0.9999
vn -0.0023 0.0188 0.9998
vn -0.0050 0.0188 0.9998
vn -0.0042 0.0131 0.9999
vn 0.3635 -0.2761 0.8897
vn 0.3353 -0.2876 0.8971
vn -0.8116 0.5301 0.2457
vn 0.4996 0.7721 -0.3927
vn 0.5792 0.8006 0.1537
vn -0.0318 0.0274 0.9991
vn -0.0390 0.0258 0.9989
vn -0.0415 0.0252 0.9988
vn 0.0044 -0.0047 1.0000
vn 0.0077 -0.0051 1.0000
vn 0.0004 0.0014 1.0000
vn -0.2027 -0.0187 0.9791
vn 0.7082 -0.4759 -0.5215
vn 0.7094 -0.4797 -0.5165
vn 0.7096 -0.4765 -0.5190
vn 0.7100 -0.4807 -0.5146
vn 0.5245 0.8514 -0.0000
vn 0.5103 0.8600 -0.0033
vn 0.6192 0.7650 0.1771
vn 0.8109 -0.5681 0.1405
vn 0.1706 0.5249 0.8339
vn 0.3609 -0.1793 0.9152
vn -0.0066 0.0326 0.9994
vn 0.3996 -0.3036 0.8650
vn -0.7967 0.6013 -0.0607
vn 0.0224 -0.0047 0.9997
vn 0.0101 0.0001 0.9999
vn 0.0588 -0.0222 0.9980
vn 0.9936 0.0440 -0.1042
vn 0.9950 0.0788 -0.0621
vn 0.8171 -0.5726 -0.0668
vn 0.8189 -0.5704 -0.0637
vn 0.8188 -0.5704 -0.0641
vn 0.9892 -0.1455 -0.0182
vn 0.3679 0.9299 -0.0010
vn 0.3689 0.9295 -0.0013
vn 0.3684 0.9297 -0.0011
vn 0.8153 -0.5748 -0.0699
vn 0.9961 0.0873 -0.0105
vn 0.9996 0.0237 0.0142
vn 0.9933 -0.1159 -0.0022
vn 0.8356 -0.5491 -0.0141
vn 0.9986 0.0400 0.0359
vn 0.8413 -0.4819 0.2451
vn 0.9824 0.0347 0.1837
vn 0.1630 0.5497 0.8193
vn -0.0306 0.0277 0.9991
vn 0.0064 0.0025 1.0000
vn 0.0058 0.0044 1.0000
vn 0.0686 0.0166 0.9975
vn 0.8342 0.0879 -0.5444
vn 0.9652 0.2218 -0.1389
vn 0.9365 0.3446 -0.0649
vn 0.9809 -0.1929 -0.0260
vn 0.8261 -0.5606 -0.0570
vn 0.9639 -0.2663 -0.0067
vn 0.3694 0.9293 -0.0014
vn 0.9504 0.3109 0.0098
vn 0.9500 0.3120 0.0096
vn 0.9489 0.3155 0.0088
vn 0.9485 0.3165 0.0085
vn 0.9782 -0.2073 0.0144
vn 0.9570 0.2865 0.0449
vn 0.2898 0.8621 0.4157
vn 0.9105 0.3230 0.2582
vn 0.9292 -0.2534 0.2689
vn 0.8478 0.1065 0.5196
vn 0.3969 -0.0153 0.9177
vn 0.8659 -0.1309 0.4827
vn 0.0236 0.0367 0.9990
vn -0.0035 0.0110 0.9999
vn 0.0346 0.0011 0.9994
vn 0.0492 -0.0075 0.9988
vn -0.5337 0.3398 0.7744
vn 0.7119 -0.4792 -0.5134
vn 0.7195 -0.5018 -0.4801
vn 0.8656 -0.4759 -0.1561
vn 0.2977 0.8520 -0.4306
vn 0.9857 0.1455 -0.0847
vn 0.9606 0.2757 -0.0362
vn 0.3023 0.9270 -0.2222
vn 0.9738 0.2272 -0.0125
vn 0.8985 -0.4388 -0.0088
vn 0.8953 -0.4453 -0.0125
vn 0.8980 -0.4399 -0.0095
vn 0.9749 0.2224 0.0072
vn 0.7776 -0.6287 0.0033
vn 0.9703 0.2415 0.0129
vn 0.8492 -0.5224 0.0773
vn 0.9575 0.1568 0.2421
vn 0.9514 0.2477 0.1829
vn 0.8236 -0.4314 0.3681
vn 0.8246 -0.4357 0.3608
vn 0.8221 -0.4369 0.3650
vn 0.8223 -0.4367 0.3648
vn 0.2384 0.5138 0.8241
vn 0.8244 -0.4952 0.2741
vn 0.4122 0.9100 -0.0454
vn 0.0224 -0.0367 0.9991
vn 0.0230 -0.0352 0.9991
vn 0.0260 -0.0278 0.9993
vn 0.0264 -0.0277 0.9993
vn 0.1960 -0.0199 0.9804
vn 0.7508 -0.4532 -0.4806
vn 0.9285 0.2722 -0.2524
vn 0.1976 0.8200 -0.5371
vn 0.7551 -0.4703 -0.4568
vn 0.9114 0.2390 -0.3351
vn 0.9981 0.0603 -0.0102
vn 0.8690 -0.4922 -0.0508
vn 0.9610 0.2317 0.1512
vn 0.8799 -0.4731 -0.0437
vn 0.8943 -0.4473 -0.0136
vn 0.9639 0.2661 0.0109
vn 0.9653 0.2608 0.0135
vn 0.9634 0.2679 0.0100
vn 0.9655 0.2599 0.0140
vn 0.8907 -0.4534 0.0330
vn 0.8964 -0.4432 -0.0101
vn 0.9214 -0.3885 0.0085
vn 0.9488 0.3064 0.0764
vn 0.8327 -0.5021 0.2333
vn 0.9095 0.2941 0.2938
vn 0.8292 -0.4260 0.3618
vn 0.5231 -0.3558 0.7744
vn 0.8971 0.2459 0.3670
vn -0.0713 -0.1854 0.9801
vn 0.0269 -0.0025 0.9996
vn 0.0143 0.0149 0.9998
vn 0.0234 0.0504 0.9985
vn 0.0169 0.0470 0.9988
vn 0.0267 0.0522 0.9983
vn 0.0642 0.0166 0.9978
vn 0.0242 -0.0005 0.9997
vn 0.1805 -0.2112 0.9606
vn 0.1610 -0.1050 0.9813
vn 0.0500 0.0999 0.9937
vn 0.0271 -0.0042 0.9996
vn 0.0058 -0.0131 0.9999
vn 0.0070 -0.0123 0.9999
vn 0.0077 -0.0124 0.9999
vn 0.7988 -0.5344 -0.2761
vn 0.9162 -0.1411 -0.3751
vn 0.9060 0.2616 -0.3328
vn -0.0185 0.9285 -0.3710
vn 0.9868 -0.1555 -0.0454
vn 0.9888 -0.1458 -0.0311
vn 0.9910 0.0749 -0.1106
vn 0.9190 0.3843 0.0875
vn 0.9751 -0.2212 0.0174
vn 0.9938 0.1113 0.0036
vn 0.9901 0.1398 0.0141
vn 0.8302 -0.5569 -0.0260
vn 0.9931 -0.1168 -0.0060
vn 0.9793 -0.0706 0.1897
vn 0.9973 0.0561 0.0474
vn 0.2561 0.8591 0.4431
vn 0.8694 0.3169 0.3791
vn 0.8077 -0.4358 0.3971
vn 0.3437 0.5907 0.7301
vn 0.2937 0.1039 0.9502
vn 0.2163 -0.2207 0.9510
vn 0.2860 -0.0659 0.9560
vn 0.3059 0.0915 0.9476
vn 0.3909 0.1746 0.9037
vn 0.0155 0.0062 0.9999
vn 0.0176 0.0072 0.9998
vn 0.0175 0.0063 0.9998
vn 0.7966 -0.1735 -0.5790
vn 0.9119 0.2589 -0.3184
vn 0.7637 -0.6125 -0.2038
vn 0.5000 0.7578 -0.4193
vn 0.7681 -0.6393 0.0369
vn 0.8139 0.0668 0.5771
vn 0.7278 -0.5593 0.3967
vn 0.8675 -0.1236 0.4818
vn 0.9453 -0.0793 0.3164
vn -0.0021 0.0275 0.9996
vn -0.0229 -0.0142 0.9996
vn 0.2162 0.0996 0.9713
vn 0.1912 -0.1030 0.9761
vn 0.0152 -0.0059 0.9999
vn 0.0152 -0.0057 0.9999
vn 0.0153 -0.0062 0.9999
vn 0.7395 -0.6199 -0.2624
vn -0.6319 0.7750 -0.0012
vn 0.5334 0.7055 -0.4666
vn 0.7763 -0.6256 -0.0771
vn 0.4629 0.8864 0.0047
vn 0.4381 0.8989 -0.0011
vn -0.6596 0.7516 0.0113
vn 0.7171 -0.6086 0.3398
vn 0.4720 0.6615 0.5828
vn 0.2485 -0.0807 0.9653
vn 0.1476 -0.0199 0.9889
vn 0.0189 -0.0008 0.9998
vn 0.0225 -0.0040 0.9997
vn 0.0175 0.0005 0.9998
vn 0.0893 -0.0755 0.9931
vn 0.0916 -0.0700 0.9933
vn 0.0907 -0.0726 0.9932
vn 0.0921 -0.0695 0.9933
vn -0.6880 0.7044 -0.1747
vn 0.0020 0.0123 0.9999
vn 0.7265 -0.6872 -0.0014
vn 0.5711 0.8209 0.0019
vn 0.1375 0.5388 0.8311
vn 0.0565 0.0182 0.9982
vn 0.0238 -0.0041 0.9997
vn 0.0131 -0.0179 0.9998
vn 0.0132 -0.0171 0.9998
vn 0.0121 -0.0172 0.9998
vn 0.0148 0.0209 0.9997
vn 0.0142 0.0208 0.9997
vn 0.0132 0.0183 0.9997
vn -0.1400 0.0161 0.9900
vn 0.4054 0.9141 -0.0074
vn 0.0024 0.0280 0.9996
vn 0.0063 0.0258 0.9996
vn 0.0025 0.0236 0.9997
vn 0.0111 0.0249 0.9996
vn -0.0521 -0.0075 0.9986
vn -0.5190 0.8546 -0.0165
vn -0.5418 0.8405 -0.0081
vn 0.0720 0.9974 0.0004
vn -0.5439 0.8391 0.0087
vn -0.5427 0.8399 0.0090
vn -0.5402 0.8415 0.0096
vn 0.0192 0.9986 0.0491
vn 0.1133 0.7560 0.6447
vn -0.5390 0.8423 0.0099
vn 0.0765 0.5792 0.8116
vn 0.0152 0.0461 0.9988
vn 0.1096 -0.0658 0.9918
vn 0.1464 -0.1821 0.9723
vn 0.0072 0.0010 1.0000
vn 0.0054 -0.0121 0.9999
vn 0.1486 0.9888 0.0125
vn -0.4398 0.0612 0.8960
vn 0.0088 -0.0133 0.9999
vn 0.1396 0.6479 -0.7488
vn -0.3973 0.9175 -0.0165
vn -0.3893 0.9211 0.0086
vn 0.0926 0.5963 0.7974
vn -0.0117 0.0476 0.9988
vn -0.0100 0.0508 0.9987
vn -0.0121 0.0470 0.9988
vn 0.0176 -0.0171 0.9997
vn 0.0157 -0.0107 0.9998
vn 0.0160 -0.0117 0.9998
vn 0.0166 0.0014 0.9999
vn 0.1840 -0.1132 0.9764
vn -0.3841 -0.0423 0.9223
vn -0.7920 -0.1785 0.5838
vn -0.2804 0.9546 0.1005
vn -0.4468 -0.0150 0.8945
vn 0.0194 -0.0057 0.9998
vn 0.0199 -0.0006 0.9998
vn 0.0194 -0.0060 0.9998
vn 0.0078 -0.0130 0.9999
vn -0.3010 0.6963 0.6516
vn -0.8427 -0.4368 0.3148
vn -0.4129 0.9106 0.0174
vn 0.0026 -0.0390 0.9992
vn -0.0022 -0.0342 0.9994
vn -0.0033 -0.0331 0.9994
vn -0.0058 -0.0019 1.0000
vn 0.0180 -0.0179 0.9997
vn 0.0147 0.0036 0.9999
vn 0.1544 -0.1176 0.9810
vn 0.0069 0.9960 -0.0895
vn -0.1041 -0.0856 0.9909
vn 0.0069 0.0376 0.9993
vn -0.0007 0.0403 0.9992
vn -0.0023 0.0409 0.9992
vn -0.3558 0.9345 -0.0024
vn 0.0793 0.8911 -0.4469
vn 0.1995 0.9717 0.1264
vn -0.9504 0.1526 -0.2709
vn -0.6472 0.0384 0.7613
vn -0.5637 0.8249 -0.0421
vn 0.2264 0.9708 0.0798
vn 0.1621 0.9672 0.1956
vn 0.1089 0.5336 0.8387
vn 0.0122 0.1315 0.9912
vn -0.1126 -0.1159 0.9869
vn -0.0659 -0.3925 0.9174
vn -0.0430 0.9988 -0.0243
vn -0.0898 -0.0738 0.9932
vn -0.1255 0.8404 0.5272
vn 0.1035 -0.0146 0.9945
vn 0.0192 0.0133 0.9997
vn -0.6789 0.2329 0.6963
vn -0.7550 0.6491 -0.0936
vn 0.2127 0.9771 0.0043
vn 0.2131 0.9770 0.0044
vn 0.2134 0.9770 0.0045
vn 0.2136 0.9769 0.0046
vn 0.0148 -0.0286 0.9995
vn 0.0056 -0.0343 0.9994
vn 0.0160 -0.0278 0.9995
vn -0.0079 -0.0400 0.9992
vn -0.0085 -0.0400 0.9992
vn 0.0124 -0.0622 0.9980
vn -0.0659 0.9761 0.2073
vn 0.3561 0.8606 -0.3640
vn -0.1601 0.8448 0.5106
vn -0.2004 0.9727 -0.1172
vn 0.0094 0.0286 0.9995
vn 0.0029 -0.0394 0.9992
vn 0.0164 -0.0063 0.9998
vn 0.0209 -0.0149 0.9997
vn 0.0210 0.0009 0.9998
vn -0.0515 -0.0820 0.9953
vn -0.1930 0.9812 -0.0056
vn 0.0423 -0.0224 0.9989
vn -0.1484 0.9887 -0.0201
vn 0.0334 0.9988 0.0355
vn 0.0116 -0.0247 0.9996
vn -0.0778 -0.3705 0.9256
vn 0.4842 0.7851 -0.3863
vn 0.0706 -0.3645 0.9285
vn -0.0072 -0.7435 0.6687
vn 0.2183 0.4325 0.8748
vn 0.0789 0.5576 -0.8263
vn 0.0264 0.8140 0.5803
vn -0.0227 0.6313 0.7752
vn -0.1814 -0.9777 -0.1059
vn 0.1011 0.9931 -0.0601
vn -0.2272 0.9738 0.0064
vn -0.1872 0.9822 0.0183
vn 0.4096 0.3554 0.8402
vn 0.0040 -0.0203 0.9998
vn 0.0072 -0.0301 0.9995
vn -0.0432 -0.0644 0.9970
vn -0.0361 -0.0807 0.9961
vn 0.0300 0.9992 -0.0282
vn 0.0308 0.9992 -0.0265
vn 0.0311 0.9992 -0.0258
vn -0.0074 -0.0401 0.9992
vn 0.4077 0.8892 -0.2075
vn -0.2223 0.9730 -0.0628
vn 0.4592 0.8883 -0.0003
vn 0.4598 0.8880 -0.0005
vn 0.4582 0.8888 -0.0001
vn 0.4577 0.8891 0.0001
vn -0.0346 0.3974 0.9170
vn -0.1237 -0.2200 0.9676
vn -0.1234 -0.2221 0.9672
vn -0.1243 -0.2145 0.9688
vn -0.2715 -0.8714 0.4086
vn 0.5107 0.8494 0.1329
vn 0.0642 -0.0676 0.9956
vn -0.0087 0.0112 0.9999
vn 0.0014 0.0066 1.0000
vn -0.0065 0.0112 0.9999
vn -0.0006 0.0087 1.0000
vn 0.0047 -0.0025 1.0000
vn 0.0074 0.0006 1.0000
vn 0.0044 -0.0025 1.0000
vn 0.0063 0.0070 1.0000
vn 0.0105 0.0246 0.9996
vn -0.0664 -0.5836 0.8093
vn 0.0080 0.0370 0.9993
vn 0.1717 -0.0140 0.9850
vn 0.3589 0.7379 -0.5716
vn 0.8446 0.5250 -0.1053
vn 0.6775 0.7355 -0.0021
vn -0.1246 -0.2120 0.9693
vn -0.2058 -0.7211 0.6615
vn -0.5442 0.4164 0.7283
vn 0.6563 0.7545 -0.0004
vn -0.3528 0.9356 -0.0159
vn 0.4197 0.8274 0.3731
vn 0.8147 -0.1392 0.5629
vn 0.3835 0.5721 0.7250
vn -0.0095 0.0517 0.9986
vn 0.0138 0.0011 0.9999
vn 0.0142 0.0006 0.9999
vn 0.0099 0.0066 0.9999
vn 0.0232 -0.0103 0.9997
vn -0.0285 0.2808 -0.9593
vn 0.0245 -0.0678 0.9974
vn 0.0087 0.0436 0.9990
vn 0.0068 0.0001 1.0000
vn -0.0344 0.4099 0.9115
vn 0.0069 0.0022 1.0000
vn 0.0823 0.0284 0.9962
vn 0.0773 0.0387 0.9963
vn 0.0761 0.0389 0.9963
vn -0.0484 0.2832 0.9579
vn 0.4396 0.8982 -0.0003
vn 0.4400 0.8980 -0.0003
vn 0.4408 0.8976 -0.0002
vn 0.1973 0.9748 -0.1044
vn -0.2229 0.5584 0.7990
vn -0.1867 0.4369 0.8799
vn -0.1955 0.4425 0.8752
vn -0.1956 0.4425 0.8752
vn -0.1959 0.4428 0.8750
vn -0.1961 0.9481 -0.2504
vn 0.4413 0.8974 -0.0002
vn -0.5571 0.8276 0.0694
vn 0.0145 0.0001 0.9999
vn 0.0377 -0.4285 0.9027
vn -0.0158 0.9851 0.1712
vn 0.0771 0.0396 0.9962
vn 0.1342 -0.0330 0.9904
vn 0.1104 -0.0873 0.9901
vn 0.9801 0.1944 -0.0395
vn 0.9868 0.1530 0.0531
vn 0.8864 -0.4056 0.2230
vn 0.9517 -0.3037 -0.0457
vn 0.7729 -0.1147 -0.6241
vn -0.1981 -0.8572 0.4754
vn 0.0305 -0.0094 0.9995
vn 0.0690 0.8499 0.5224
vn -0.0825 0.7023 0.7070
vn 0.1704 0.9294 0.3273
vn 0.2893 0.9080 -0.3030
vn 0.0780 0.7535 -0.6528
vn 0.0173 0.8792 -0.4761
vn 0.0153 0.0461 0.9988
vn 0.0513 -0.3358 0.9405
vn 0.0500 0.9771 0.2069
vn -0.0292 -0.5819 0.8127
vn 0.0297 0.9991 -0.0288
vn -0.0189 0.9967 -0.0787
vn -0.0091 0.9750 0.2222
vn 0.0149 0.0205 0.9997
vn 0.0130 0.0173 0.9998
vn 0.0174 0.0225 0.9996
vn 0.0834 0.1215 0.9891
vn 0.8124 0.5830 -0.0039
vn 0.8876 0.4267 -0.1735
vn 0.0293 0.8305 0.5562
vn 0.2271 0.8079 0.5438
vn -0.4957 -0.3708 0.7854
vn 0.1534 0.9821 -0.1095
vn -0.5196 0.8466 0.1148
vn 0.2058 0.8907 -0.4053
vn 0.0730 0.8533 -0.5163
vn 0.0061 0.0331 0.9994
vn 0.0135 -0.0186 0.9997
vn -0.0138 -0.0089 0.9999
vn 0.8275 -0.5070 0.2413
vn 0.8118 -0.4413 0.3824
vn 0.1688 -0.0849 0.9820
vn 0.7223 -0.4290 -0.5425
vn -0.8993 0.3164 0.3018
vn -0.3026 -0.0796 0.9498
vn -0.1948 0.9205 0.3386
vn 0.0561 0.4984 0.8651
vn 0.1310 0.6090 0.7823
vn 0.0901 -0.9651 -0.2460
vn 0.5379 0.5996 -0.5926
vn 0.2247 0.8580 -0.4620
vn 0.3014 -0.3111 -0.9013
vn -0.0520 0.9977 -0.0442
vn -0.0054 0.0291 0.9996
vn -0.0042 0.0279 0.9996
vn -0.0066 0.0303 0.9995
vn 0.1043 -0.3077 0.9457
vn -0.0044 -0.2265 0.9740
vn 0.2892 0.0144 0.9572
vn 0.1264 -0.1093 0.9859
vn 0.6973 0.7158 -0.0381
vn 0.9772 -0.1833 -0.1075
vn -0.9182 0.1018 0.3828
vn -0.3177 0.0894 0.9440
vn -0.2140 -0.9741 -0.0737
vn -0.7677 0.6408 0.0083
vn -0.3274 0.9105 0.2525
vn 0.1065 0.9942 -0.0159
vn -0.0653 0.9979 0.0028
vn -0.0567 0.9984 0.0056
vn -0.0660 0.9978 0.0026
vn -0.0117 0.9744 -0.2245
vn 0.0045 0.0627 0.9980
vn -0.0039 0.0612 0.9981
vn 0.0052 0.0628 0.9980
vn 0.0082 0.0015 1.0000
vn -0.5150 -0.4082 0.7538
vn -0.1004 0.9866 0.1286
vn 0.0238 -0.6102 0.7919
vn 0.2008 -0.0884 0.9756
vn 0.0037 -0.0045 1.0000
vn 0.0046 -0.0053 1.0000
vn 0.0038 -0.0043 1.0000
vn 0.2395 0.5832 0.7763
vn 0.0685 -0.2476 0.9664
vn 0.6682 -0.6022 0.4369
vn -0.0018 0.8844 -0.4668
vn -0.0349 0.9991 0.0240
vn -0.5803 0.2073 0.7876
vn 0.1906 -0.1765 0.9657
vn -0.2773 0.9482 0.1550
vn 0.0036 1.0000 0.0015
vn 0.0050 1.0000 0.0005
vn 0.0052 1.0000 0.0003
vn -0.7121 0.6927 0.1147
vn 0.1799 0.8046 -0.5658
vn -0.4575 -0.0498 0.8878
vn 0.0019 0.0015 1.0000
vn 0.0026 -0.0023 1.0000
vn 0.1013 -0.0442 0.9939
vn -0.1804 -0.0083 0.9836
vn 0.0069 -0.0380 0.9993
vn 0.4203 0.9061 0.0492
vn -0.6628 0.0656 0.7460
vn 0.0347 0.9987 0.0366
vn -0.6818 -0.0192 0.7313
vn -0.7091 0.0642 0.7022
vn -0.1831 0.5021 0.8452
vn 0.0742 0.1818 0.9805
vn -0.0344 0.1463 0.9886
vn 0.1007 0.3030 0.9477
vn 0.0367 0.0902 0.9952
vn 0.2938 0.9349 0.1992
vn 0.0887 0.8569 0.5077
vn -0.0539 0.9985 0.0065
vn -0.5370 0.8282 0.1606
vn 0.7973 -0.4681 -0.3809
vn 0.6861 0.5818 -0.4369
vn -0.0108 0.8850 0.4655
vn 0.0094 0.5605 0.8281
vn 0.1506 0.9875 -0.0460
vn 0.2035 0.9726 0.1125
vn -0.2873 -0.0111 0.9578
vn -0.2583 0.0015 0.9661
vn 0.3843 0.9098 -0.1570
vn 0.0441 -0.2468 0.9681
vn 0.4038 -0.7866 0.4672
vn 0.3473 0.2088 0.9142
vn 0.5634 0.7685 0.3035
vn 0.0165 0.8080 -0.5889
vn 0.0148 0.8080 -0.5890
vn 0.0343 0.4430 0.8959
vn 0.3327 0.1113 0.9364
vn 0.0053 0.1173 0.9931
vn 0.5803 0.2805 0.7646
vn 0.6581 0.7027 0.2704
vn 0.0033 0.9998 -0.0214
vn 0.5249 0.8446 -0.1051
vn 0.1419 0.3325 0.9324
vn 0.3154 0.7512 -0.5798
vn 0.8742 0.1128 -0.4723
vn 0.0034 1.0000 0.0014
vn -0.0003 0.8342 0.5515
vn -0.0014 0.8358 0.5491
vn -0.0019 0.8367 0.5477
vn 0.0042 -0.0350 0.9994
vn -0.0062 -0.0219 0.9997
vn -0.0033 -0.1081 0.9941
vn -0.5267 0.8495 0.0306
vn 0.0452 0.4600 0.8868
vn 0.0072 -0.0016 1.0000
vn 0.0832 0.1624 0.9832
vn -0.5808 0.1103 0.8065
vn 0.3872 0.8951 -0.2212
vn 0.4766 -0.4430 -0.7593
vn 0.2801 0.3502 0.8938
vn -0.0117 0.6044 0.7966
vn 0.1378 -0.1757 0.9747
vn 0.9032 -0.0381 0.4275
vn 0.3662 0.8995 0.2382
vn 0.8164 0.5772 -0.0203
vn 0.2694 0.5156 0.8134
vn 0.5997 0.2757 0.7512
vn 0.7553 0.4106 0.5108
vn 0.8080 0.1371 0.5730
vn 0.9959 0.0863 -0.0282
vn 0.3853 0.2913 0.8756
vn 0.9331 -0.1669 -0.3186
vn 0.9115 -0.0925 -0.4009
vn 0.6309 0.7251 -0.2760
vn 0.0031 0.0429 0.9991
vn -0.0041 0.0278 0.9996
vn 0.0043 -0.0964 0.9953
vn -0.0226 -0.2722 0.9620
vn 0.0062 0.9928 0.1193
vn 0.1232 0.8522 -0.5084
vn 0.9750 0.2088 0.0763
vn -0.0496 -0.5016 0.8637
vn -0.0056 -0.4938 0.8695
vn 0.0118 0.6203 0.7843
vn 0.0634 0.0039 0.9980
vn 0.0723 -0.0213 0.9972
vn 0.0155 0.0595 0.9981
vn 0.0070 0.0023 1.0000
vn 0.3058 0.9459 -0.1085
vn 0.3421 0.3283 0.8804
vn 0.8000 -0.3157 -0.5103
vn 0.1101 -0.4130 0.9041
vn 0.8734 -0.2348 0.4267
vn 0.3066 0.7061 0.6383
vn 0.8751 0.3636 0.3194
vn 0.7572 -0.6515 -0.0465
vn 0.4722 0.2490 0.8456
vn 0.0681 0.2937 0.9535
vn 0.6308 -0.7756 0.0213
vn -0.2905 0.9553 -0.0550
vn 0.5084 0.8495 -0.1408
vn -0.0154 0.8541 -0.5199
vn -0.0199 -0.2067 0.9782
vn -0.0203 -0.3476 0.9374
vn 0.0029 0.9931 -0.1172
vn 0.0246 0.4013 0.9156
vn 0.1112 0.3330 0.9363
vn 0.0065 0.0135 0.9999
vn 0.3082 0.3904 0.8675
vn 0.1310 0.9734 -0.1881
vn 0.8551 -0.2403 -0.4594
vn 0.4349 0.3596 0.8256
vn 0.9271 -0.3670 -0.0756
vn 0.6906 -0.7225 -0.0326
vn 0.9711 -0.1770 0.1600
vn 0.5485 0.4008 0.7338
vn 0.6090 -0.7663 0.2046
vn 0.0712 0.3153 0.9463
vn -0.3432 0.9270 -0.1514
vn -0.2160 0.9763 -0.0157
vn 0.0023 0.0206 0.9998
vn 0.0088 -0.0121 0.9999
vn 0.0037 -0.0134 0.9999
vn 0.0033 -0.0133 0.9999
vn -0.0056 -0.0137 0.9999
vn 0.0015 0.9956 0.0938
vn 0.0145 0.0209 0.9997
vn 0.0287 -0.3728 0.9275
vn -0.3207 0.7772 0.5414
vn -0.9172 -0.0006 0.3985
vn -0.9076 0.0003 0.4199
vn -0.9122 0.0008 0.4098
vn -0.9058 0.0015 0.4238
vn -0.9105 0.0020 0.4135
vn -0.8930 0.0007 0.4500
vn 0.1648 0.4443 0.8806
vn -0.9999 -0.0009 0.0155
vn -1.0000 -0.0002 -0.0078
vn -1.0000 0.0001 -0.0084
vn -1.0000 -0.0001 -0.0079
vn -1.0000 0.0002 -0.0085
vn -0.9992 0.0014 0.0409
vn 0.5729 -0.3007 -0.7625
vn -0.8950 -0.3568 -0.2678
vn -0.8766 -0.0019 -0.4812
vn -0.8963 -0.0002 -0.4434
vn -0.8960 -0.0001 -0.4440
vn -0.8964 0.0013 -0.4433
vn -0.8961 0.0014 -0.4439
vn -0.8783 0.0004 -0.4781
vn -0.8943 0.3923 -0.2150
vn 0.7944 -0.5815 -0.1754
vn 0.1440 0.2955 0.9444
vn 0.1430 0.2961 0.9444
vn 0.1396 0.2986 0.9441
vn 0.1385 0.2994 0.9440
vn 0.1312 0.3168 0.9394
vn -0.0026 0.0055 1.0000
vn -0.0112 -0.0032 0.9999
vn 0.0024 -0.0025 1.0000
vn 0.0038 -0.0269 0.9996
vn 0.0039 -0.0269 0.9996
vn 0.0005 -0.0619 0.9981
vn -0.0168 -0.2311 0.9728
vn 0.3019 0.8168 0.4916
vn 0.0340 0.1216 0.9920
vn -0.4979 -0.8671 0.0168
vn 0.2249 0.9730 -0.0529
vn -0.5299 -0.8215 -0.2105
vn 0.0193 0.7122 -0.7017
vn -0.5166 -0.0023 -0.8562
vn -0.4938 -0.0013 -0.8696
vn -0.4916 -0.0006 -0.8708
vn -0.4931 0.0071 -0.8699
vn -0.4923 0.0075 -0.8704
vn -0.4282 0.0024 -0.9037
vn -0.4620 0.0008 -0.8869
vn 0.0771 0.3454 0.9353
vn 0.6601 -0.3288 0.6754
vn 0.1221 0.8113 -0.5717
vn 0.1018 0.2881 0.9522
vn -0.7871 0.5369 -0.3037
vn 0.0117 0.2576 0.9662
vn -0.1574 0.9675 -0.1978
vn -0.0017 0.1475 0.9891
vn -0.0050 -0.0133 0.9999
vn -0.0052 0.0610 0.9981
vn -0.0246 -0.2487 0.9683
vn -0.0518 -0.8434 -0.5347
vn 0.0386 0.4301 0.9019
vn -0.1434 -0.3600 -0.9219
vn 0.0107 0.0027 -0.9999
vn -0.0030 0.0096 -0.9999
vn -0.0026 0.0002 -1.0000
vn 0.0663 0.3254 0.9433
vn 0.0390 0.9992 0.0076
vn 0.3594 -0.6031 0.7121
vn 0.1316 0.9178 -0.3747
vn -0.0213 0.6777 0.7350
vn 0.0093 0.9981 -0.0613
vn -0.0008 -0.1531 -0.9882
vn -0.0068 -0.0019 -1.0000
vn -0.0046 0.0062 -1.0000
vn 0.0031 0.0009 -1.0000
vn -0.0068 0.6112 -0.7914
vn 0.0760 0.2793 0.9572
vn -0.0110 0.9999 -0.0081
vn 0.0003 0.9977 0.0683
vn 0.0017 0.8913 -0.4534
vn -0.0455 -0.2012 0.9785
vn -0.0114 0.9999 0.0105
vn 0.0223 -0.5411 0.8407
vn -0.0180 0.9715 -0.2365
vn -0.0078 0.8473 0.5311
vn 0.0090 0.5929 0.8052
vn -0.0016 0.0194 0.9998
vn 0.0010 -0.9256 0.3786
vn -0.0048 -0.8593 -0.5114
vn -0.0004 0.5740 -0.8188
vn 0.1374 -0.5825 0.8011
vn -0.0119 0.2927 0.9561
vn 0.0029 0.1149 0.9934
vn -0.0129 0.0455 0.9989
vn -0.0197 0.0490 0.9986
vn -0.0125 0.0453 0.9989
vn -0.0034 0.0044 1.0000
vn 0.0067 -0.2466 0.9691
vn -0.0131 0.6964 -0.7176
vn -0.0082 0.9404 -0.3399
vn 0.0137 0.2537 0.9672
vn 0.0658 -0.3326 0.9408
vn 0.0757 0.0531 0.9957
vn -0.0029 0.4874 0.8732
vn 0.0015 -0.0590 0.9983
vn 0.0077 0.0022 1.0000
vn 0.0128 -0.9402 0.3403
vn -0.0149 0.0043 -0.9999
vn -0.0148 0.3071 0.9516
vn -0.1101 -0.7099 0.6957
vn 0.0089 0.9651 -0.2618
vn 0.0234 0.9404 0.3392
vn 0.0370 0.9982 -0.0468
vn 0.0542 0.9984 -0.0171
vn 0.0328 0.9994 0.0106
vn -0.0042 0.9978 0.0666
vn -0.0099 0.8987 0.4385
vn 0.0122 0.8342 0.5514
vn 0.0178 -0.3807 0.9245
vn -0.0238 -0.0217 0.9995
vn -0.0058 0.1702 0.9854
vn -0.0308 0.9989 -0.0346
vn -0.0300 0.9989 -0.0365
vn -0.0278 0.9987 -0.0423
vn -0.0232 0.4670 0.8840
vn -0.0271 0.9987 -0.0442
vn 0.0291 -0.8324 -0.5535
vn -0.0043 0.4469 0.8946
vn 0.0118 0.7484 -0.6631
vn 0.0771 -0.3697 -0.9260
vn 0.0182 0.8080 -0.5889
vn -0.3914 -0.5153 0.7625
vn -0.0719 0.2780 0.9579
vn -0.1452 0.9196 -0.3651
vn 0.0304 0.8034 0.5946
vn 0.0184 0.9998 -0.0057
vn -0.1371 -0.8911 0.4326
vn 0.0121 -0.0073 0.9999
vn 0.0075 0.0266 0.9996
vn 0.0113 0.0298 0.9995
vn 0.0121 0.0304 0.9995
vn 0.0036 -0.0270 0.9996
vn 0.0150 0.9988 0.0474
vn 0.0431 0.6288 0.7763
vn -0.0139 -0.0872 0.9961
vn 0.0018 0.1337 0.9910
vn 0.6182 -0.7800 -0.0964
vn -0.5163 0.4618 0.7213
vn 0.5128 -0.0024 -0.8585
vn 0.4479 0.0004 -0.8941
vn 0.4530 0.0007 -0.8915
vn 0.4462 0.0018 -0.8949
vn 0.4514 0.0021 -0.8923
vn 0.4249 0.0030 -0.9052
vn -0.0379 0.3105 0.9498
vn -0.7112 -0.3471 0.6113
vn -0.1260 0.7734 -0.6213
vn -0.0624 0.2714 0.9605
vn 0.0071 0.0260 0.9996
vn 0.4792 0.8579 0.1852
vn -0.0973 0.3609 0.9275
vn 0.0013 0.9809 -0.1943
vn 0.0042 0.9986 -0.0530
vn -0.0820 0.3367 0.9380
vn -0.6064 -0.7815 0.1470
vn -0.0875 0.2500 0.9643
vn -0.0838 0.2915 0.9529
vn 0.0215 0.1471 0.9889
vn 0.0245 -0.0182 0.9995
vn 0.0146 -0.2696 0.9629
vn 0.0669 -0.1894 0.9796
vn 0.0731 -0.1698 0.9828
vn -0.0245 0.9714 -0.2361
vn 0.0002 0.0263 0.9997
vn 0.0029 0.0314 0.9995
vn -0.0009 0.0243 0.9997
vn 0.0039 0.0332 0.9994
vn -0.0543 -0.2559 0.9652
vn 0.0079 0.2879 0.9576
vn 0.4148 0.7403 0.5290
vn 0.0057 0.0131 0.9999
vn -0.2270 0.4755 0.8500
vn -0.3644 0.3966 0.8426
vn 0.4318 0.0186 -0.9018
vn 0.7745 -0.0532 -0.6304
vn -0.1933 0.2381 0.9518
vn -0.1820 0.2639 0.9472
vn -0.3520 0.3865 0.8525
vn -0.2440 0.3308 0.9116
vn -0.0144 0.9999 0.0015
vn -0.0148 0.9999 0.0020
vn -0.0120 0.9999 0.0017
vn 0.5959 0.6972 -0.3986
vn -0.0067 0.9744 -0.2247
vn 0.3593 0.9329 -0.0253
vn -0.0022 0.0061 1.0000
vn 0.0092 -0.0119 0.9999
vn 0.0909 -0.3496 0.9325
vn 0.9998 0.0182 -0.0050
vn 0.9998 0.0149 -0.0156
vn 0.9998 0.0158 -0.0125
vn 0.9999 0.0141 0.0053
vn 0.9932 -0.0374 -0.1106
vn 0.7501 0.1939 0.6323
vn 0.9994 0.0234 -0.0245
vn 0.9994 0.0266 -0.0232
vn 0.9994 0.0259 -0.0237
vn 0.9993 0.0300 -0.0209
vn 0.9993 0.0307 -0.0203
vn 0.9998 0.0186 -0.0037
vn 0.9998 0.0115 -0.0188
vn 0.9998 0.0119 -0.0171
vn 0.9998 0.0127 -0.0135
vn 0.9998 0.0130 -0.0121
vn -0.2141 0.9679 -0.1315
vn -0.2484 0.9666 -0.0631
vn 0.8974 -0.4242 0.1218
vn 0.9259 0.0376 -0.3758
vn 0.9208 0.0189 -0.3895
vn 0.9574 0.0208 -0.2882
vn 0.9366 0.0167 -0.3500
vn 0.9562 0.0058 -0.2926
vn 0.9194 -0.3755 -0.1169
vn 0.9368 -0.2296 -0.2639
vn -0.5749 0.0131 0.8181
vn 0.7692 0.0197 -0.6388
vn 0.6397 0.0701 -0.7654
vn -0.8324 0.4932 -0.2528
vn 0.7191 0.0850 -0.6897
vn 0.6696 0.2818 -0.6872
vn 0.7496 0.4606 -0.4754
vn 0.7199 0.4986 -0.4828
vn 0.4101 0.4541 0.7910
vn 0.6441 0.7442 -0.1768
vn 0.6501 0.1239 -0.7497
vn 0.8417 0.5323 -0.0900
vn 0.6039 0.7458 -0.2812
vn 0.6962 0.7178 -0.0074
vn 0.3015 0.9525 -0.0418
vn 0.7528 0.6578 -0.0243
vn -0.0100 0.0033 0.9999
vn 0.0176 -0.1414 0.9898
vn -0.0112 0.9846 0.1742
vn -0.0794 0.9891 -0.1241
vn -0.1949 0.9670 0.1640
vn -0.1169 0.9510 -0.2863
vn 0.0638 -0.7328 0.6775
vn -0.2031 -0.7903 0.5781
vn -0.1148 -0.0017 0.9934
vn -0.0244 0.5123 0.8584
vn 0.9995 0.0223 -0.0229
vn 0.9996 0.0162 -0.0210
vn 0.9997 0.0152 -0.0167
vn 0.9991 0.0393 0.0125
vn 0.3089 -0.9395 -0.1477
vn -0.1058 0.3638 0.9254
vn 0.1078 0.8022 0.5872
vn 0.8699 0.0484 -0.4908
vn 0.7752 -0.6286 -0.0628
vn -0.3785 -0.1288 0.9166
vn -0.0245 0.8886 0.4581
vn 0.0819 0.8931 0.4424
vn 0.9920 0.0508 -0.1152
vn 0.7893 -0.6032 -0.1146
vn 0.9731 0.2249 0.0504
vn -0.0863 0.3859 0.9185
vn -0.5517 0.8314 -0.0667
vn 0.6085 0.3377 -0.7181
vn -0.2631 0.2474 0.9325
vn -0.0229 0.8238 0.5664
vn -0.2212 0.9065 0.3596
vn -0.5067 -0.6055 0.6137
vn 0.9941 0.0658 -0.0866
vn 0.9845 0.1568 -0.0789
vn -0.5465 0.2698 0.7928
vn 0.9877 0.1510 -0.0396
vn 0.9102 0.3923 -0.1329
vn 0.9788 0.2050 0.0010
vn 0.9797 0.2003 0.0014
vn 0.9795 0.2013 0.0013
vn 0.9785 0.2064 0.0009
vn 0.9746 0.2234 -0.0135
vn 0.0052 -0.0259 0.9997
vn -0.0014 -0.0186 0.9998
vn -0.0032 -0.0166 0.9999
vn -0.0196 0.0480 0.9987
vn -0.0050 -0.0117 0.9999
vn -0.0057 -0.0078 1.0000
vn -0.0072 0.0005 1.0000
vn -0.0093 -0.0006 1.0000
vn 0.9390 0.1476 -0.3105
vn 0.0028 0.5005 0.8657
vn -0.0116 -0.0664 0.9977
vn 0.0068 0.1571 0.9876
vn 0.6115 0.0902 0.7861
vn 0.6880 0.1445 0.7112
vn 0.6786 0.1800 0.7121
vn 0.7834 0.4367 0.4423
vn 0.2526 0.0399 0.9667
vn -0.0881 0.2558 0.9627
vn -0.3143 0.0735 0.9465
vn 0.1431 0.1208 0.9823
vn -0.0428 0.1699 0.9845
vn 0.0482 0.9975 0.0509
vn -0.1204 0.9840 0.1315
vn -0.1505 0.3049 0.9404
vn 0.9432 0.3319 -0.0136
vn -0.5510 0.7259 -0.4116
vn 0.8917 0.4249 -0.1560
vn 0.8419 0.0280 -0.5390
vn -0.0010 0.9999 0.0127
vn -0.0012 0.9999 0.0130
vn -0.0018 0.9999 0.0148
vn 0.4297 0.9028 0.0182
vn -0.0021 0.1610 0.9870
vn -0.0316 0.0185 0.9993
vn -0.0075 -0.0036 1.0000
vn 0.9165 -0.1900 -0.3520
vn 0.9433 0.0952 -0.3180
vn 0.9834 0.0252 0.1795
vn 0.9661 -0.0915 0.2414
vn 0.9881 -0.0247 0.1515
vn 0.0875 -0.0341 0.9956
vn 0.0178 0.9906 0.1355
vn 0.6895 0.0391 0.7233
vn 0.5137 0.0957 0.8526
vn 0.7606 -0.6399 -0.1096
vn 0.5406 0.3411 0.7690
vn 0.2030 0.1265 0.9710
vn -0.2350 0.2198 0.9468
vn 0.0294 0.1002 0.9945
vn -0.0890 0.9800 0.1782
vn 0.9262 0.3535 0.1313
vn -0.2974 0.6947 -0.6549
vn -0.0056 0.0090 0.9999
vn 0.1048 0.9945 -0.0002
vn 0.1840 -0.1644 0.9691
vn -0.1104 0.9700 0.2164
vn -0.1313 -0.1900 0.9730
vn -0.0972 0.1071 0.9895
vn -0.0294 -0.3395 0.9401
vn -0.0101 -0.0280 0.9996
vn 0.0397 -0.0011 0.9992
vn 0.0337 0.0016 0.9994
vn 0.0354 0.0008 0.9994
vn -0.0078 -0.8742 -0.4855
vn -0.0147 0.9818 0.1892
vn -0.5095 0.8538 -0.1071
vn -0.5636 -0.4783 0.6735
vn 0.0191 0.9998 0.0031
vn 0.7141 0.0396 0.6989
vn 0.7496 0.0644 0.6588
vn 0.0454 0.9983 0.0372
vn 0.7582 -0.6453 -0.0931
vn 0.6708 0.1244 0.7312
vn 0.6957 -0.5065 0.5093
vn 0.9420 0.0578 0.3306
vn 0.9419 0.0574 0.3308
vn 0.9435 0.0598 0.3258
vn 0.9437 0.0596 0.3254
vn 0.9943 -0.0089 0.1066
vn 0.9876 0.1457 0.0590
vn 0.9517 0.2357 0.1967
vn 0.9831 0.0923 0.1579
vn 0.9977 0.0683 -0.0010
vn 0.8568 0.3951 0.3313
vn 0.9951 0.0710 -0.0687
vn 0.9696 0.2411 0.0404
vn 0.9964 -0.0071 0.0843
vn 0.6711 0.1896 0.7167
vn 0.1552 0.9617 0.2260
vn 0.9900 0.0532 -0.1306
vn 0.0621 0.9981 0.0026
vn 0.0661 0.9978 0.0007
vn 0.0630 0.9980 0.0022
vn -0.2755 0.8926 0.3568
vn -0.7075 0.1161 -0.6971
vn -0.0020 0.9999 0.0153
vn 0.0002 0.8333 0.5529
vn -0.0062 -0.0019 1.0000
vn -0.0082 -0.0020 1.0000
vn 0.1673 0.0906 0.9817
vn 0.1519 -0.1298 0.9798
vn 0.0410 -0.0016 0.9992
vn 0.8962 0.1018 0.4318
vn 0.8443 0.0595 0.5325
vn 0.6420 0.0465 0.7653
vn 0.8718 0.4852 0.0675
vn 0.9261 0.2434 0.2882
vn -0.1527 0.9284 0.3387
vn -0.1989 0.8898 0.4107
vn 0.3051 0.5381 -0.7857
vn 0.3819 0.0673 -0.9217
vn 0.4271 0.3547 -0.8318
vn -0.3235 0.8832 -0.3396
vn 0.0082 0.8633 0.5046
vn -0.0107 0.0035 0.9999
vn -0.0525 -0.4751 0.8784
vn 0.0284 0.9934 0.1112
vn -0.0034 0.9688 0.2480
vn -0.0035 0.9687 0.2484
vn -0.0036 0.9685 0.2489
vn 0.0843 -0.1206 0.9891
vn -0.0037 0.9684 0.2493
vn -0.0128 0.0364 0.9993
vn -0.3379 -0.3181 0.8858
vn -0.3936 -0.4076 0.8240
vn 0.3313 0.2110 0.9196
vn 0.8244 0.3392 0.4531
vn 0.8658 0.2623 0.4262
vn 0.9256 0.2081 0.3160
vn 0.1511 0.4685 0.8704
vn 0.5831 0.2476 0.7738
vn 0.9952 0.0775 -0.0604
vn 0.9786 0.1976 0.0567
vn 0.9817 0.1817 0.0572
vn 0.7842 -0.2199 -0.5803
vn -0.0883 0.9174 0.3881
vn 0.0665 0.9978 0.0006
vn -0.0103 0.0537 0.9985
vn -0.0033 -0.0308 0.9995
vn -0.0050 -0.0255 0.9997
vn -0.0088 -0.0246 0.9997
vn 0.0547 -0.0477 0.9974
vn 0.0384 -0.0996 0.9943
vn 0.0025 0.0066 1.0000
vn -0.0639 -0.0760 0.9951
vn -0.3371 -0.2887 0.8961
vn -0.0129 0.9705 -0.2407
vn 0.0232 0.1852 0.9824
vn -0.0131 0.9999 -0.0010
vn 0.4501 0.7143 0.5359
vn 0.5985 -0.0798 0.7971
vn 0.9932 0.0680 -0.0941
vn 0.9932 0.0691 -0.0940
vn 0.9922 0.0789 -0.0963
vn 0.7424 0.6200 0.2541
vn 0.9921 0.0801 -0.0969
vn 0.8349 0.2497 0.4905
vn -0.2450 0.9118 -0.3297
vn 0.8846 -0.2127 0.4149
vn 0.8328 0.4146 0.3668
vn 0.7621 0.4086 0.5023
vn 0.0220 0.9709 0.2386
vn 0.0087 0.9534 -0.3016
vn 0.0492 0.9982 -0.0334
vn -0.0096 0.0009 1.0000
vn -0.0140 -0.0102 0.9998
vn -0.0148 -0.0112 0.9998
vn -0.1027 -0.3920 0.9142
vn 0.0554 0.5814 -0.8117
vn 0.0917 -0.1128 0.9894
vn -0.8448 0.4246 -0.3256
vn 0.0043 0.7346 -0.6784
vn -0.0255 0.8723 -0.4884
vn 0.4089 -0.2040 0.8895
vn 0.0171 0.9693 0.2451
vn -0.0740 0.3406 -0.9373
vn -0.1469 0.9816 0.1222
vn -0.1625 0.9700 0.1809
vn -0.2353 0.9209 -0.3107
vn 0.6783 0.2945 0.6732
vn 0.1264 0.9072 -0.4012
vn 0.0580 0.7717 -0.6334
vn 0.0071 0.0121 0.9999
vn 0.0110 0.0106 0.9999
vn 0.0027 0.0136 0.9999
vn -0.0057 -0.0022 1.0000
vn -0.0247 0.0663 0.9975
vn -0.8051 -0.1207 0.5808
vn -0.0607 -0.5382 0.8406
vn -0.2844 0.1085 0.9525
vn 0.0981 -0.0630 0.9932
vn 0.1065 -0.8922 0.4388
vn 0.4631 -0.1572 0.8723
vn 0.4354 0.4889 0.7559
vn 0.3373 0.3675 0.8667
vn 0.3210 0.4418 0.8377
vn -0.0253 0.4297 0.9026
vn 0.0385 -0.9610 0.2739
vn 0.1356 -0.2045 0.9694
vn 0.0074 -0.0698 0.9975
vn 0.0139 0.0476 0.9988
vn 0.0202 -0.0092 0.9998
vn 0.0218 -0.0131 0.9997
vn 0.0206 -0.0099 0.9997
vn 0.0223 -0.0143 0.9997
vn -0.4481 -0.0440 0.8929
vn 0.1142 0.9831 0.1429
vn 0.1158 0.9825 0.1461
vn 0.1161 0.9823 0.1467
vn 0.0845 0.9624 -0.2582
vn 0.0284 0.0395 0.9988
vn 0.0711 -0.7602 0.6458
vn 0.4407 0.8867 -0.1396
vn -0.0144 0.0525 0.9985
vn 0.0062 -0.0268 0.9996
vn 0.0236 0.0181 0.9996
vn 0.0163 0.0375 0.9992
vn -0.0190 0.0063 0.9998
vn -0.0193 0.0065 0.9998
vn -0.0117 0.0085 0.9999
vn -0.0075 -0.0032 1.0000
vn -0.0502 -0.5945 0.8025
vn 0.1243 -0.0816 0.9889
vn 0.0128 0.9899 0.1414
vn 0.0147 0.9953 0.0960
vn 0.0055 -0.0014 1.0000
vn -0.0255 0.0432 0.9987
vn -0.0463 0.0143 0.9988
vn 0.1078 0.9938 0.0271
vn 0.1689 -0.6182 0.7677
vn -0.0369 0.9738 0.2246
vn -0.1625 0.8594 -0.4848
vn 0.7377 0.0750 0.6709
vn 0.9899 0.1413 0.0110
vn 0.8727 -0.4840 0.0643
vn 0.9870 0.1606 -0.0060
vn 0.0441 -0.2785 0.9594
vn -0.0163 0.1235 0.9922
vn 0.1497 0.2390 0.9594
vn -0.1450 0.7549 -0.6397
vn 0.2268 -0.6326 0.7405
vn 0.2696 0.0444 0.9620
vn 0.2691 0.0440 0.9621
vn 0.2675 0.0423 0.9626
vn 0.2657 0.0404 0.9632
vn 0.1168 0.8770 0.4661
vn -0.0125 0.9999 -0.0013
vn -0.2360 0.8219 -0.5185
vn 0.2048 0.9788 0.0045
vn 0.1579 0.9872 0.0217
vn -0.0176 -0.0102 0.9998
vn -0.0572 -0.1826 0.9815
vn -0.0624 -0.1874 0.9803
vn -0.0555 -0.1811 0.9819
vn 0.0658 -0.0514 0.9965
vn 0.0262 0.8693 0.4937
vn -0.0012 -0.0020 1.0000
vn -0.1614 -0.0326 0.9863
vn -0.4078 0.6964 -0.5905
vn -0.3694 0.7685 -0.5224
vn 0.1823 0.9831 -0.0156
vn 0.4356 -0.1061 0.8939
vn 0.1137 0.9833 0.1418
vn -0.0509 0.9935 -0.1023
vn -0.1404 0.6746 -0.7247
vn -0.5385 0.8426 0.0085
vn -0.5339 0.8455 0.0088
vn -0.5410 0.8410 0.0084
vn 0.0188 0.9973 0.0707
vn -0.6729 0.7352 -0.0818
vn 0.4966 -0.6273 0.5999
vn 0.5523 -0.0261 0.8333
vn 0.4201 -0.0990 0.9021
vn 0.7658 -0.5664 -0.3045
vn 0.1918 0.8445 -0.5000
vn 0.2052 0.8537 -0.4785
vn 0.5191 -0.1013 0.8487
vn -0.5314 0.8471 0.0089
vn -0.3633 0.3841 0.8488
vn -0.0639 0.0940 0.9935
vn -0.0042 0.0387 0.9992
vn -0.0053 0.0381 0.9993
vn -0.0052 0.0374 0.9993
vn 0.0020 0.0019 1.0000
vn -0.0013 -0.0039 1.0000
vn -0.0014 -0.0037 1.0000
vn -0.0013 -0.0037 1.0000
vn 0.0133 0.0317 0.9994
vn -0.5041 0.7343 -0.4546
vn 0.2897 0.9571 -0.0051
vn -0.4038 0.9126 -0.0644
vn 0.9457 -0.3034 0.1164
vn 0.9620 -0.0090 0.2730
vn 0.6519 0.6871 0.3208
vn 0.9271 0.3724 0.0414
vn 0.8582 0.4370 -0.2692
vn 0.8264 -0.4863 -0.2837
vn 0.8473 -0.0652 -0.5271
vn 0.9589 -0.2837 -0.0023
vn 0.9184 0.0329 0.3942
vn 0.8869 0.3288 0.3245
vn 0.8075 0.5841 -0.0828
vn -0.4388 0.8986 0.0026
vn 0.7461 -0.1893 -0.6384
vn 0.7465 0.1674 -0.6439
vn 0.3292 0.9442 0.0079
vn -0.5360 0.8375 0.1060
vn -0.0647 -0.1891 0.9798
vn 0.0365 -0.2087 0.9773
vn 0.1742 -0.7545 0.6328
vn -0.0042 -0.0288 0.9996
vn -0.0040 0.0038 1.0000
vn -0.3841 0.9189 -0.0895
vn -0.3389 0.9400 0.0397
vn -0.3436 0.5213 0.7811
vn 0.0162 0.0009 0.9999
vn 0.0142 0.0012 0.9999
vn 0.0133 0.0080 0.9999
vn -0.0054 0.0227 0.9997
vn 0.0927 -0.0530 0.9943
vn -0.0107 0.9986 0.0526
vn 0.0614 -0.0031 0.9981
vn -0.0483 -0.0385 0.9981
vn -0.0167 -0.0215 0.9996
vn -0.0938 0.9199 -0.3807
vn -0.1378 0.5217 0.8419
vn 0.1977 -0.0112 0.9802
vn 0.9917 0.0344 0.1238
vn 0.9948 0.0432 0.0919
vn 0.3612 0.9221 -0.1389
vn 0.8153 0.0810 0.5734
vn -0.1933 0.9800 -0.0467
vn 0.3693 0.9291 -0.0184
vn -0.2137 0.9763 0.0329
vn -0.2138 0.9763 0.0328
vn -0.2138 0.9763 0.0329
vn -0.2139 0.9763 0.0327
vn 0.3640 0.9313 0.0136
vn -0.2894 0.9354 0.2034
vn -0.0164 0.0739 0.9971
vn -0.0509 -0.0040 0.9987
vn -0.0225 0.0030 0.9997
vn -0.0236 0.0007 0.9997
vn -0.0226 0.0027 0.9997
vn -0.0199 -0.0089 0.9998
vn -0.1510 -0.0955 0.9839
vn 0.0363 0.0087 0.9993
vn -0.1363 0.8773 -0.4601
vn 0.4479 0.8941 -0.0011
vn 0.0131 0.0079 0.9999
vn 0.0039 0.0475 0.9989
vn 0.0113 0.0106 0.9999
vn -0.1790 -0.1709 0.9689
vn 0.4789 0.8778 -0.0093
vn 0.2258 -0.8000 0.5559
vn -0.0017 0.0001 1.0000
vn -0.0032 0.0016 1.0000
vn 0.5445 0.8381 -0.0336
vn 0.5344 0.8452 0.0033
vn 0.3011 -0.9535 0.0113
vn -0.1710 0.9791 0.1100
vn -0.1009 0.5594 0.8227
vn -0.4874 -0.5233 0.6990
vn -0.0167 -0.0125 0.9998
vn -0.0141 -0.0058 0.9999
vn -0.0192 -0.0131 0.9997
vn -0.0302 -0.0082 0.9995
vn -0.0132 -0.0141 0.9998
vn -0.0156 -0.0142 0.9998
vn -0.0179 -0.0135 0.9997
vn -0.1600 -0.1619 0.9737
vn 0.1852 -0.4095 0.8933
vn -0.2212 0.9067 -0.3591
vn -0.3256 0.9455 0.0066
vn -0.6475 -0.7227 0.2416
vn -0.1860 0.6871 0.7024
vn -0.0475 0.0270 0.9985
vn -0.0237 0.0005 0.9997
vn -0.0165 -0.0083 0.9998
vn -0.0431 0.0736 0.9964
vn 0.1476 0.2286 0.9623
vn -0.0193 0.0061 0.9998
vn -0.0318 -0.0223 0.9992
vn 0.0062 -0.0002 1.0000
vn -0.3760 0.7360 -0.5630
vn 0.6123 0.7898 -0.0362
vn -0.2347 0.9720 0.0108
vn -0.2041 0.9789 0.0025
vn 0.6245 0.7810 0.0001
vn 0.2678 0.7139 0.6471
vn -0.0371 0.0223 0.9991
vn -0.0018 -0.0316 0.9995
vn -0.4147 0.0165 0.9098
vn -0.0084 0.0058 0.9999
vn -0.1161 -0.2274 0.9669
vn 0.6624 0.7490 -0.0135
vn 0.2736 -0.5524 0.7874
vn 0.0021 0.0040 1.0000
vn 0.0165 0.0001 0.9999
vn 0.0799 0.6171 -0.7828
vn -0.4962 -0.5046 0.7065
vn -0.0067 0.0305 0.9995
vn -0.0057 -0.0024 1.0000
vn -0.0020 -0.0082 1.0000
vn -0.0014 -0.0092 1.0000
vn -0.1620 -0.0300 0.9863
vn -0.1617 0.1046 0.9813
vn -0.1340 0.0404 0.9902
vn -0.0167 -0.0076 0.9998
vn 0.0168 0.0256 -0.9995
vn -0.0022 0.0058 1.0000
vn 0.1007 0.0032 -0.9949
vn 0.1017 0.0037 -0.9948
vn 0.1037 0.0045 -0.9946
vn 0.1047 0.0049 -0.9945
vn 0.6713 0.7410 -0.0178
vn 0.7521 0.6583 -0.0316
vn -0.3797 0.9251 -0.0003
vn -0.3720 0.9282 -0.0009
vn -0.3767 0.9263 -0.0005
vn -0.3692 0.9294 -0.0011
vn 0.7469 0.6649 -0.0103
vn -0.7039 -0.2650 0.6591
vn -0.5660 0.8241 0.0237
vn -0.3584 0.0484 0.9323
vn -0.3725 -0.1421 0.9171
vn 0.0190 0.0017 0.9998
vn 0.2946 -0.0901 0.9514
vn -0.0993 0.3551 -0.9295
vn 0.7710 0.6363 -0.0264
vn 0.9984 -0.0554 -0.0122
vn 0.7805 0.6248 -0.0211
vn 1.0000 0.0005 -0.0001
vn 0.9937 0.1121 -0.0015
vn -0.4241 0.2638 0.8663
vn -0.0216 0.0063 0.9997
vn -0.0112 -0.0858 0.9963
vn -0.2700 0.0664 0.9606
vn -0.2697 0.0648 0.9608
vn -0.2673 0.0574 0.9619
vn 0.4909 0.3037 -0.8166
vn 0.0014 -0.0018 1.0000
vn 0.6452 0.2403 -0.7252
vn 0.9825 0.0152 0.1856
vn 0.2451 -0.0694 0.9670
vn -0.0472 0.0017 0.9989
vn 0.4146 0.2466 0.8760
vn -0.5833 0.7005 -0.4112
vn 0.9765 -0.2117 -0.0412
vn 0.9989 -0.0424 -0.0221
vn -0.9376 0.3389 -0.0774
vn 0.9996 0.0014 -0.0300
vn 0.9722 0.2332 -0.0205
vn 0.9916 0.1290 -0.0135
vn 0.9352 0.3542 -0.0055
vn -0.6394 0.7688 -0.0103
vn -0.9571 0.2881 0.0302
vn 0.8396 0.5416 -0.0418
vn 0.9203 0.3907 -0.0199
vn 0.9793 -0.2023 -0.0057
vn 0.8814 0.4719 -0.0197
vn -0.5326 0.8376 0.1216
vn 0.9775 -0.2101 -0.0185
vn 0.9838 0.1790 0.0127
vn -0.3848 0.5615 0.7326
vn -0.3893 0.5632 0.7288
vn -0.3911 0.5639 0.7274
vn -0.6174 -0.3829 0.6872
vn -0.6678 -0.4711 0.5762
vn -0.0111 0.0539 0.9985
vn 0.0037 0.0064 1.0000
vn -0.0005 -0.0291 0.9996
vn -0.0010 -0.0111 0.9999
vn 0.0015 -0.0099 0.9999
vn -0.0013 -0.0111 0.9999
vn -0.0129 -0.0050 0.9999
vn -0.0122 -0.0034 0.9999
vn 0.9992 -0.0338 0.0211
vn -0.2665 0.0559 0.9622
vn -0.1949 0.0220 0.9806
vn 0.5742 0.1100 -0.8113
vn 0.9747 -0.2133 0.0661
vn -0.0597 0.1282 0.9899
vn -0.4120 0.7762 -0.4773
vn 0.8634 0.5044 -0.0077
vn 0.8686 0.4954 -0.0073
vn 0.8668 0.4986 -0.0074
vn 0.9066 0.4217 -0.0120
vn 0.9716 -0.2359 -0.0172
vn 0.9695 -0.2447 -0.0123
vn 0.9711 -0.2376 -0.0213
vn 0.8685 0.4944 -0.0362
vn -0.5678 0.7936 0.2188
vn -0.3830 0.5608 0.7340
vn -0.9309 0.1182 0.3456
vn -0.9285 -0.0590 0.3666
vn 0.0176 0.0416 0.9990
vn 0.0020 -0.0007 1.0000
vn -0.0068 0.0015 1.0000
vn 0.8886 -0.2420 0.3896
vn 0.4875 0.2813 0.8265
vn -0.5759 0.7747 -0.2610
vn 0.9602 -0.2754 -0.0462
vn -0.5415 0.8407 0.0047
vn 0.9508 0.3064 -0.0452
vn 0.9537 0.2977 -0.0428
vn 0.9528 0.3004 -0.0435
vn 0.9705 -0.2406 -0.0129
vn 0.9446 0.3271 -0.0270
vn 0.9693 -0.2457 -0.0090
vn -0.6146 0.7736 0.1543
vn 0.9206 0.3890 -0.0327
vn -0.0066 -0.0011 1.0000
vn 0.0365 -0.0274 0.9990
vn 0.9297 -0.2372 -0.2817
vn 0.3057 -0.4501 0.8390
vn 0.3063 -0.4511 0.8383
vn 0.3071 -0.4526 0.8372
vn 0.0008 -0.0018 1.0000
vn 0.6315 0.1644 -0.7578
vn 0.9917 -0.1229 -0.0370
vn 0.9915 -0.1246 -0.0376
vn 0.9917 -0.1234 -0.0372
vn 0.9498 0.3095 -0.0461
vn 0.9954 0.0843 -0.0451
vn 0.9946 -0.1033 -0.0127
vn 0.8385 0.5444 -0.0230
vn 0.9981 0.0562 -0.0242
vn 0.9969 0.0767 -0.0154
vn -0.3737 0.5918 0.7142
vn -0.7353 -0.4129 0.5375
vn 0.0029 0.0326 0.9995
vn 0.9925 -0.1223 -0.0024
vn 0.7329 -0.1553 -0.6624
vn 0.3077 -0.4537 0.8364
vn -0.0172 0.0334 0.9993
vn 0.7172 -0.1205 0.6863
vn 0.1946 -0.0194 0.9807
vn 0.1528 0.0911 0.9841
vn 0.8619 0.5070 -0.0078
vn -0.6384 0.7187 -0.2756
vn -0.6252 0.7265 -0.2852
vn 0.8562 0.5166 0.0054
vn 0.8525 0.5227 0.0052
vn 0.8533 0.5215 0.0053
vn 0.9914 -0.1251 -0.0377
vn 0.9984 0.0439 -0.0350
vn 0.8514 0.5246 -0.0047
vn 0.8547 0.5191 -0.0082
vn 0.8550 0.5186 -0.0083
vn -0.6457 0.7467 0.1596
vn -0.2315 -0.1156 0.9659
vn -0.0025 0.0034 1.0000
vn -0.5397 0.5895 0.6010
vn 0.0368 0.0578 0.9977
vn 0.0046 0.0015 1.0000
vn 0.0047 0.0020 1.0000
vn -0.6340 0.7732 -0.0153
vn -0.7263 0.6848 0.0592
vn -0.0174 0.0323 0.9993
vn -0.3021 -0.1715 0.9377
vn -0.2582 -0.1105 0.9598
vn -0.7442 0.5678 0.3517
vn 0.8513 0.5246 -0.0046
vn -0.2304 0.4683 0.8530
vn -0.0026 -0.0013 1.0000
vn -0.0033 0.0037 1.0000
vn -0.7199 0.6304 -0.2904
vn -0.7212 0.6270 -0.2946
vn -0.7214 0.6262 -0.2958
vn -0.7440 0.6680 -0.0116
vn -0.0459 -0.0033 0.9989
vn -0.0510 -0.0336 0.9981
vn -0.0596 0.0401 0.9974
vn -0.7195 0.6312 -0.2896
vn 0.8572 0.5149 0.0054
vn -0.7009 0.5337 0.4732
vn -0.1302 -0.0015 0.9915
vn -0.0537 0.1096 0.9925
vn -0.0289 0.0425 0.9987
vn -0.2782 -0.1692 0.9455
vn 0.8519 0.5237 -0.0047
vn -0.4476 0.4041 0.7977
vn -0.8021 0.5972 0.0002
vn -0.8051 0.5932 0.0022
vn -0.8065 0.5912 0.0032
vn -0.8008 0.5990 -0.0007
vn 0.7612 -0.6485 0.0007
vn 0.7640 -0.6452 0.0039
vn 0.7591 -0.6509 0.0050
vn 0.7515 -0.6597 0.0089
vn -0.8611 -0.2916 0.4165
vn -0.0260 -0.0176 0.9995
vn -0.2619 -0.0557 0.9635
vn 0.6867 -0.5353 0.4917
vn 0.7895 0.4624 0.4035
vn 0.7631 -0.6463 0.0056
vn 0.7578 -0.6525 0.0084
vn 0.8786 0.4772 -0.0152
vn 0.8654 0.5011 0.0038
vn -0.7962 -0.1190 0.5932
vn -0.6117 0.2973 0.7331
vn -0.1183 -0.0607 0.9911
vn -0.0460 0.0848 0.9953
vn -0.0391 -0.0430 0.9983
vn -0.1328 -0.0694 0.9887
vn 0.8876 0.4606 -0.0022
vn -0.2050 0.0256 0.9784
vn -0.0430 0.0167 0.9989
vn 0.0341 0.0157 0.9993
vn 0.9171 0.3986 -0.0022
vn 0.9149 0.4036 0.0007
vn 0.9140 0.4056 0.0014
vn 0.8732 -0.4873 -0.0052
vn -0.8438 0.2279 0.4858
vn -0.9118 0.2054 0.3556
vn -0.3341 -0.0397 0.9417
vn -0.2718 -0.0235 0.9621
vn 0.6641 -0.3849 0.6409
vn 0.4940 -0.2681 0.8271
vn 0.9136 0.4065 0.0010
vn 0.8668 -0.4987 0.0070
vn 0.8629 -0.5053 0.0027
vn 0.8620 -0.5068 0.0017
vn 0.9188 0.3948 -0.0033
vn 0.8681 -0.4963 0.0086
vn -0.3636 0.0382 0.9308
vn -0.0055 -0.0016 1.0000
vn 0.9493 0.3144 0.0002
vn 0.9189 -0.3944 0.0004
vn 0.9204 -0.3911 0.0010
vn 0.9212 -0.3892 0.0013
vn 0.9582 0.2857 -0.0116
vn 0.9181 -0.3963 0.0001
vn 0.9567 0.2910 0.0075
vn 0.9580 0.2866 0.0096
vn 0.9564 0.2920 0.0069
vn 0.9585 0.2850 0.0104
vn 0.6695 -0.1224 0.7326
vn 0.9885 0.1508 -0.0058
vn 0.9884 0.1520 -0.0062
vn 0.9875 0.1575 -0.0076
vn 0.9886 0.1503 -0.0058
vn 0.9683 -0.2497 -0.0004
vn 0.9587 -0.2844 -0.0042
vn 0.9906 -0.1369 -0.0029
vn 0.9901 -0.1402 -0.0036
vn 0.9899 -0.1419 -0.0039
vn 0.9908 -0.1352 -0.0026
vn 0.9842 0.1771 0.0012
vn 0.9932 0.1165 0.0089
vn 1.0000 0.0031 -0.0050
vn 1.0000 0.0039 -0.0052
vn 1.0000 0.0027 -0.0049
vn 1.0000 0.0044 -0.0053
vn -0.9751 0.0052 0.2216
vn -0.9763 0.0306 0.2141
vn -0.2821 0.0120 0.9593
vn -0.5726 -0.0091 0.8198
vn -0.5863 0.0065 0.8101
vn 0.0093 -0.2860 0.9582
vn 0.0757 -0.0094 0.9971
vn -0.0263 -0.0155 0.9995
vn -0.0224 -0.0099 0.9997
vn -0.0255 -0.0144 0.9996
vn -0.0217 -0.0088 0.9997
vn -0.8855 0.0038 0.4646
vn -0.0404 -0.0340 0.9986
vn -0.0408 -0.0338 0.9986
vn -0.0423 -0.0334 0.9985
vn -0.0429 -0.0332 0.9985
vn -0.0462 -0.0627 0.9970
vn -0.0269 -0.0506 0.9984
vn -0.0265 -0.0867 0.9959
vn 0.0141 -0.0124 0.9998
vn 0.0158 -0.0174 0.9997
vn 0.0156 -0.0168 0.9997
vn 0.0287 -0.0012 0.9996
vn 0.0266 -0.0009 0.9996
vn 0.0299 -0.0014 0.9996
vn -0.5116 -0.8063 0.2970
vn 0.0253 -0.0007 0.9997
vn 0.0123 -0.0916 0.9957
vn 0.0158 -0.0049 0.9999
vn 0.0191 -0.3027 0.9529
vn 0.0136 -0.0124 0.9998
vn 0.0229 -0.3571 0.9338
vn 0.0019 -0.0028 1.0000
vn -0.0039 -0.0021 1.0000
vn -0.0022 -0.0041 1.0000
vn 0.0023 0.0006 1.0000
vn 0.0019 -0.0306 0.9995
vn 0.0052 -0.0233 0.9997
vn 0.0093 -0.0202 0.9998
vn 0.0045 -0.0242 0.9997
vn 0.0497 -0.1460 0.9880
vn 0.0025 -0.0082 1.0000
vn 0.0067 -0.0055 1.0000
vn -0.0001 -0.0098 1.0000
vn -0.0000 -0.0101 0.9999
vn -0.0004 -0.0100 0.9999
vn 0.0014 -0.0080 1.0000
vn 0.0038 -0.0658 0.9978
vn 0.0493 -0.0623 0.9968
vn 0.0492 -0.0617 0.9969
vn 0.0440 -0.0542 0.9976
vn 0.0039 -0.0043 1.0000
vn 0.0426 -0.0520 0.9977
vn 0.0506 -0.0632 0.9967
vn 0.2794 0.0065 0.9602
vn 0.2859 0.0050 0.9582
vn 0.2836 0.0056 0.9589
vn 0.7526 -0.0019 0.6584
vn 0.7426 -0.0516 0.6677
vn 0.9914 -0.0027 0.1306
vn 0.2767 0.0070 0.9609
vn 0.7828 -0.0246 0.6218
vn 0.9926 0.0092 0.1210
vn 0.2980 -0.0135 0.9545
vn -0.0000 0.5878 -0.8090
vn -0.0000 -0.9511 0.3090
vn -0.0000 0.9511 0.3090
vn -0.0000 -0.5878 -0.8090
vn -0.0000 -0.0000 1.0000
vn 1.0000 -0.0000 -0.0000
vn -1.0000 -0.0000 -0.0000
vn 0.0028 0.6494 -0.7604
vn 0.0028 -0.6494 -0.7604
vt 0.610109 0.240896
vt 0.322430 0.161391
vt 0.659683 0.153146
vt 0.543658 0.195628
vt 0.554882 0.179509
vt 0.408529 0.505301
vt 0.411761 0.506882
vt 0.452964 0.490566
vt 0.479523 0.208083
vt 0.229073 0.154191
vt 0.559887 0.242534
vt 0.436385 0.158571
vt 0.411411 0.292509
vt 0.465361 0.277868
vt 0.508797 0.454615
vt 0.447535 0.519782
vt 0.525055 0.195437
vt 0.347237 0.576125
vt 0.650392 0.318616
vt 0.539753 0.349212
vt 0.636564 0.160719
vt 0.623678 0.287569
vt 0.650173 0.396498
vt 0.164643 0.004425
vt 0.046269 0.004425
vt 0.125288 0.004425
vt 0.438757 0.356675
vt 0.416022 0.706693
vt 0.514184 0.422497
vt 0.659476 0.290323
vt 0.493250 0.004935
vt 0.468369 0.004425
vt 0.521314 0.010963
vt 0.353494 0.004710
vt 0.659410 0.007467
vt 0.667992 0.455246
vt 0.092353 0.004425
vt 0.260019 0.004425
vt 0.097843 0.004425
vt 0.617626 0.330527
vt 0.673379 0.226228
vt 0.243831 0.036695
vt 0.392111 0.414959
vt 0.407629 0.133752
vt 0.566456 0.650814
vt 0.093205 0.004425
vt 0.045822 0.004425
vt 0.036216 0.004425
vt 0.249743 0.024022
vt 0.584422 0.016018
vt 0.540767 0.444063
vt 0.154208 0.004425
vt 0.031891 0.004425
vt 0.027605 0.004425
vt 0.030197 0.004425
vt 0.486470 0.611134
vt 0.364748 0.008965
vt 0.082984 0.004425
vt 0.331330 0.030557
vt 0.845181 0.198171
vt 0.699845 0.438911
vt 0.438036 0.576522
vt 0.626768 0.038682
vt 0.580408 0.052475
vt 0.393422 0.134390
vt 0.392522 0.254270
vt 0.129453 0.004425
vt 0.060590 0.004425
vt 0.337090 0.387904
vt 0.539851 0.196046
vt 0.036009 0.004425
vt 0.051968 0.004425
vt 0.174271 0.004425
vt 0.107779 0.004425
vt 0.499546 0.040893
vt 0.641381 0.018682
vt 0.557947 0.345810
vt 0.600094 0.399120
vt 0.540012 0.165245
vt 0.578782 0.309500
vt 0.347219 0.440260
vt 0.066033 0.004425
vt 0.534573 0.464418
vt 0.575628 0.268230
vt 0.584088 0.576280
vt 0.095632 0.004425
vt 0.262687 0.517705
vt 0.400265 0.246390
vt 0.554111 0.243208
vt 0.583262 0.221138
vt 0.280515 0.514349
vt 0.671180 0.609832
vt 0.395542 0.561965
vt 0.167930 0.004425
vt 0.333305 0.004425
vt 0.771799 0.123414
vt 0.429223 0.049932
vt 0.455496 0.452271
vt 0.279232 0.451424
vt 0.544645 0.122403
vt 0.494820 0.189800
vt 0.638771 0.152601
vt 0.374520 0.004425
vt 0.524888 0.133928
vt 0.502304 0.433156
vt 0.465141 0.824021
vt 0.409248 0.574309
vt 0.630267 0.688068
vt 0.694072 0.583660
vt 0.573006 0.004480
vt 0.202777 0.260715
vt 0.415262 0.121317
vt 0.408491 0.550557
vt 0.530354 0.126055
vt 0.699988 0.562892
vt 0.362368 0.818642
vt 0.756369 0.016954
vt 0.208776 0.004425
vt 0.081316 0.004425
vt 0.100318 0.004425
vt 0.099774 0.004425
vt 0.047488 0.004425
vt 0.543227 0.010705
vt 0.559220 0.004425
vt 0.395675 0.004425
vt 0.327192 0.004425
vt 0.062195 0.004425
vt 0.534639 0.603421
vt 0.392447 0.249300
vt 0.583015 0.058078
vt 0.546044 0.823489
vt 0.311044 0.004425
vt 0.530461 0.036505
vt 0.402468 0.394693
vt 0.644470 0.443496
vt 0.505263 0.004425
vt 0.468191 0.004425
vt 0.046243 0.004425
vt 0.561215 0.285540
vt 0.024756 0.004425
vt 0.026223 0.004425
vt 0.036094 0.004425
vt 0.429826 0.392790
vt 0.589730 0.435228
vt 0.357318 0.806496
vt 0.378264 0.004425
vt 0.404342 0.004425
vt 0.363859 0.004425
vt 0.155245 0.004425
vt 0.089638 0.004425
vt 0.201750 0.168079
vt 0.584258 0.431369
vt 0.039495 0.004425
vt 0.413668 0.223101
vt 0.040924 0.004425
vt 0.039233 0.004425
vt 0.661325 0.008068
vt 0.131037 0.004425
vt 0.473786 0.115645
vt 0.457346 0.067800
vt 0.584053 0.275258
vt 0.057334 0.004425
vt 0.032321 0.004425
vt 0.140232 0.004425
vt 0.246965 0.156244
vt 0.385164 0.389933
vt 0.533425 0.038386
vt 0.448299 0.012400
vt 0.413824 0.015641
vt 0.578700 0.004425
vt 0.235128 0.004425
vt 0.053516 0.004425
vt 0.477069 0.305950
vt 0.031074 0.004425
vt 0.039559 0.004425
vt 0.394545 0.182676
vt 0.412735 0.421599
vt 0.462746 0.211895
vt 0.729711 0.479429
vt 0.524741 0.122034
vt 0.319070 0.123828
vt 0.300274 0.100016
vt 0.420627 0.408386
vt 0.754343 0.132953
vt 0.609255 0.245865
vt 0.351826 0.300472
vt 0.709166 0.019528
vt 0.411227 0.017593
vt 0.445766 0.007764
vt 0.386456 0.019109
vt 0.569881 0.011082
vt 0.557423 0.048209
vt 0.354391 0.764940
vt 0.037612 0.004425
vt 0.371722 0.861550
vt 0.370668 0.964441
vt 0.566457 0.955927
vt 0.535259 0.734512
vt 0.597266 0.977946
vt 0.736372 0.886665
vt 0.474719 0.923795
vt 0.229613 0.004425
vt 0.610286 0.005141
vt 0.429103 0.734602
vt 0.427689 0.905816
vt 0.459826 0.955471
vt 0.365187 0.971217
vt 0.103423 0.004425
vt 0.500656 0.896748
vt 0.408311 0.963986
vt 0.660688 0.737984
vt 0.031956 0.004425
vt 0.034906 0.004425
vt 0.345894 0.948202
vt 0.415981 0.859798
vt 0.748533 0.922217
vt 0.485543 0.785144
vt 0.883954 0.085828
vt 0.278030 0.020851
vt 0.629823 0.005233
vt 0.413684 0.063395
vt 0.294365 0.054378
vt 0.494304 0.864636
vt 0.383831 0.964809
vt 0.556325 0.447043
vt 0.724519 0.064076
vt 0.406321 0.014904
vt 0.649637 0.004425
vt 0.108610 0.004425
vt 0.476380 0.086167
vt 0.095989 0.004425
vt 0.586168 0.783514
vt 0.470349 0.795607
vt 0.402241 0.439470
vt 0.791380 0.152090
vt 0.547432 0.172693
vt 0.084010 0.004425
vt 0.486076 0.959341
vt 0.046539 0.004425
vt 0.606034 0.944928
vt 0.464031 0.221365
vt 0.104813 0.004425
vt 0.269186 0.091785
vt 0.477169 0.045349
vt 0.398508 0.023882
vt 0.240393 0.501692
vt 0.712832 0.845500
vt 0.943693 0.830217
vt 0.480796 0.774698
vt 0.499567 0.925695
vt 0.697515 0.850379
vt 0.534541 0.811935
vt 0.625440 0.951725
vt 0.242251 0.813966
vt 0.033642 0.004425
vt 0.355832 0.774566
vt 0.555265 0.631582
vt 0.824209 0.110994
vt 0.469591 0.034757
vt 0.537638 0.009199
vt 0.709286 0.065170
vt 0.432864 0.050352
vt 0.333777 0.084413
vt 0.574805 0.410833
vt 0.446391 0.685204
vt 0.429122 0.912864
vt 0.614137 0.962698
vt 0.456028 0.972310
vt 0.511185 0.827085
vt 0.485908 0.926625
vt 0.564244 0.004425
vt 0.439722 0.062566
vt 0.454529 0.014742
vt 0.382807 0.388529
vt 0.375063 0.274387
vt 0.433844 0.512793
vt 0.691904 0.969170
vt 0.287300 0.908145
vt 0.384353 0.696453
vt 0.593509 0.470412
vt 0.451216 0.825722
vt 0.406659 0.834423
vt 0.552209 0.192231
vt 0.573289 0.125602
vt 0.736819 0.736642
vt 0.494633 0.884000
vt 0.784437 0.779697
vt 0.268814 0.490133
vt 0.112930 0.004425
vt 0.755898 0.364479
vt 0.762813 0.093806
vt 0.435500 0.073901
vt 0.572685 0.007515
vt 0.515759 0.010934
vt 0.507755 0.010883
vt 0.436847 0.357363
vt 0.651453 0.441897
vt 0.338602 0.799490
vt 0.439725 0.929873
vt 0.268624 0.130388
vt 0.633797 0.728260
vt 0.465022 0.054506
vt 0.443858 0.033526
vt 0.453092 0.004425
vt 0.301655 0.004425
vt 0.445377 0.197350
vt 0.797349 0.589342
vt 0.765128 0.089166
vt 0.475974 0.894777
vt 0.393845 0.089950
vt 0.641542 0.845149
vt 0.863366 0.896983
vt 0.312328 0.801517
vt 0.567317 0.462528
vt 0.709262 0.897367
vt 0.439644 0.551073
vt 0.754103 0.943618
vt 0.462949 0.325164
vt 0.934392 0.434943
vt 0.625956 0.534392
vt 0.601685 0.769528
vt 0.054042 0.004425
vt 0.609424 0.941529
vt 0.545144 0.014413
vt 0.358881 0.011237
vt 0.424182 0.133674
vt 0.562440 0.469054
vt 0.499559 0.365909
vt 0.544091 0.490385
vt 0.116386 0.877981
vt 0.634401 0.822578
vt 0.532788 0.762917
vt 0.223710 0.784156
vt 0.412734 0.666791
vt 0.499119 0.443008
vt 0.220470 0.170157
vt 0.368775 0.651798
vt 0.699493 0.932266
vt 0.341019 0.900128
vt 0.609047 0.878540
vt 0.291457 0.004425
vt 0.324685 0.862127
vt 0.345373 0.896353
vt 0.268597 0.361749
vt 0.395520 0.588227
vt 0.337773 0.175563
vt 0.635929 0.230074
vt 0.622197 0.036958
vt 0.646624 0.027306
vt 0.713783 0.008021
vt 0.206752 0.004425
vt 0.316958 0.125304
vt 0.639429 0.691611
vt 0.365124 0.857903
vt 0.490199 0.777715
vt 0.491495 0.928691
vt 0.378012 0.123675
vt 0.636575 0.168063
vt 0.581140 0.429302
vt 0.399664 0.502765
vt 0.619800 0.209419
vt 0.419799 0.792717
vt 0.365558 0.842570
vt 0.472889 0.819467
vt 0.354064 0.932289
vt 0.619762 0.942337
vt 0.525316 0.418639
vt 0.645813 0.108383
vt 0.601009 0.338409
vt 0.444835 0.426186
vt 0.281009 0.174397
vt 0.526462 0.453171
vt 0.694247 0.692428
vt 0.205332 0.004425
vt 0.651500 0.930443
vt 0.492880 0.047957
vt 0.411906 0.035260
vt 0.766073 0.097944
vt 0.525127 0.128777
vt 0.504791 0.436060
vt 0.275674 0.004425
vt 0.534309 0.778464
vt 0.401400 0.881611
vt 0.612717 0.436099
vt 0.399486 0.471489
vt 0.698351 0.896813
vt 0.386960 0.373131
vt 0.572179 0.655114
vt 0.570993 0.544208
vt 0.438452 0.723818
vt 0.505963 0.655240
vt 0.470549 0.525774
vt 0.433112 0.562694
vt 0.669088 0.343608
vt 0.464065 0.154489
vt 0.624895 0.269838
vt 0.639044 0.298256
vt 0.779916 0.220989
vt 0.406193 0.029807
vt 0.711935 0.331268
vt 0.804208 0.015718
vt 0.521249 0.320750
vt 0.098486 0.511252
vt 0.523968 0.107544
vt 0.700181 0.117417
vt 0.222069 0.885521
vt 0.483936 0.287881
vt 0.383352 0.269998
vt 0.319201 0.826086
vt 0.728488 0.845690
vt 0.539421 0.268047
vt 0.413093 0.666862
vt 0.722433 0.347352
vt 0.620546 0.126870
vt 0.509045 0.477448
vt 0.506214 0.455650
vt 0.639835 0.511832
vt 0.719840 0.083578
vt 0.581924 0.626643
vt 0.240667 0.601599
vt 0.470948 0.596538
vt 0.373579 0.905296
vt 0.367641 0.882101
vt 0.383733 0.578000
vt 0.407094 0.126362
vt 0.641141 0.882675
vt 0.404651 0.927001
vt 0.441815 0.846264
vt 0.273569 0.896351
vt 0.347232 0.063374
vt 0.572362 0.448256
vt 0.336271 0.265846
vt 0.142150 0.004425
vt 0.373822 0.327906
vt 0.501644 0.174900
vt 0.409473 0.210346
vt 0.392472 0.226586
vt 0.431339 0.416998
vt 0.090971 0.568542
vt 0.483652 0.415061
vt 0.454573 0.878329
vt 0.621657 0.948843
vt 0.368625 0.152790
vt 0.275135 0.479291
vt 0.284863 0.901372
vt 0.452780 0.381224
vt 0.628234 0.566711
vt 0.362262 0.132276
vt 0.273330 0.585657
vt 0.371885 0.119342
vt 0.752200 0.250155
vt 0.139715 0.386368
vt 0.185924 0.004425
vt 0.301987 0.004425
vt 0.603181 0.363506
vt 0.404376 0.158033
vt 0.459969 0.291657
vt 0.582151 0.178903
vt 0.518759 0.079397
vt 0.459624 0.088493
vt 0.357053 0.004425
vt 0.478210 0.504609
vt 0.409280 0.430900
vt 0.298806 0.004425
vt 0.189664 0.004425
vt 0.909564 0.154855
vt 0.536095 0.089976
vt 0.209365 0.150241
vt 0.369265 0.021542
vt 0.702483 0.004425
vt 0.346142 0.004425
vt 0.757196 0.251701
vt 0.555268 0.219004
vt 0.600964 0.218720
vt 0.329521 0.083400
vt 0.195908 0.004425
vt 0.628440 0.559017
vt 0.440470 0.879736
vt 0.551006 0.015572
vt 0.362182 0.009808
vt 0.322757 0.038699
vt 0.879225 0.004772
vt 0.693752 0.086133
vt 0.321070 0.004425
vt 0.424225 0.429056
vt 0.480651 0.120633
vt 0.385467 0.208607
vt 0.489111 0.191389
vt 0.511372 0.440391
vt 0.396901 0.417710
vt 0.662257 0.557083
vt 0.586438 0.771629
vt 0.665327 0.118049
vt 0.629152 0.264340
vt 0.393945 0.004425
vt 0.798292 0.142402
vt 0.476086 0.007769
vt 0.400461 0.005328
vt 0.244701 0.020011
vt 0.592838 0.004425
vt 0.362764 0.004425
vt 0.748469 0.136244
vt 0.644701 0.125483
vt 0.572147 0.408036
vt 0.412207 0.636739
vt 0.308921 0.004425
vt 0.312586 0.127474
vt 0.729816 0.357936
vt 0.628933 0.288887
vt 0.306438 0.004425
vt 0.239181 0.055402
vt 0.737516 0.380096
vt 0.452430 0.093352
vt 0.266411 0.075212
vt 0.382443 0.419198
vt 0.682302 0.085606
vt 0.428048 0.415492
vt 0.411561 0.131982
vt 0.612378 0.047835
vt 0.586467 0.005821
vt 0.820113 0.134494
vt 0.256843 0.004425
vt 0.217158 0.004425
vt 0.188547 0.004425
vt 0.389823 0.512558
vt 0.201115 0.353202
vt 0.907941 0.494191
vt 0.730033 0.600529
vt 0.699064 0.906540
vt 0.363158 0.901217
vt 0.562712 0.101882
vt 0.309043 0.004425
vt 0.652025 0.038897
vt 0.371414 0.297695
vt 0.370061 0.344102
vt 0.500247 0.427184
vt 0.495481 0.142983
vt 0.367792 0.004425
vt 0.588498 0.438907
vt 0.183207 0.615121
vt 0.677622 0.096440
vt 0.566630 0.337301
vt 0.828857 0.733288
vt 0.486215 0.541436
vt 0.713328 0.029655
vt 0.313336 0.004425
vt 0.573965 0.005810
vt 0.657260 0.007017
vt 0.568653 0.128959
vt 0.543716 0.338759
vt 0.239159 0.004425
vt 0.427102 0.004425
vt 0.560336 0.456372
vt 0.569968 0.364071
vt 0.627482 0.092785
vt 0.187531 0.075088
vt 0.503427 0.066503
vt 0.293754 0.023606
vt 0.394860 0.014448
vt 0.356545 0.004465
vt 0.627351 0.004425
vt 0.365186 0.004425
vt 0.569205 0.004425
vt 0.733328 0.057383
vt 0.346402 0.341628
vt 0.678670 0.087656
vt 0.376732 0.004425
vt 0.484724 0.092792
vt 0.627216 0.526974
vt 0.612900 0.302929
vt 0.377099 0.086204
vt 0.545983 0.209355
vt 0.895440 0.057836
vt 0.512697 0.109779
vt 0.303353 0.228480
vt 0.897981 0.057793
vt 0.502421 0.115156
vt 0.670550 0.166693
vt 0.581094 0.009347
vt 0.453607 0.004136
vt 0.694189 0.057585
vt 0.550947 0.131204
vt 0.719623 0.004441
vt 0.422503 0.004463
vt 0.219409 0.019819
vt 0.564480 0.006192
vt 0.634107 0.117259
vt 0.858871 0.438937
vt 0.406933 0.825488
vt 0.297504 0.004425
vt 0.713002 0.104306
vt 0.074764 0.083368
vt 0.497025 0.474525
vt 0.596334 0.170730
vt 0.742838 0.020270
vt 0.458916 0.008098
vt 0.319661 0.004425
vt 0.714428 0.440431
vt 0.653552 0.176590
vt 0.288700 0.131102
vt 0.619876 0.565445
vt 0.476834 0.006338
vt 0.305310 0.004425
vt 0.287605 0.464669
vt 0.669916 0.417088
vt 0.610933 0.605316
vt 0.663588 0.616562
vt 0.789851 0.075474
vt 0.270156 0.405345
vt 0.624552 0.409604
vt 0.246809 0.607676
vt 0.336199 0.736377
vt 0.317044 0.004425
vt 0.311669 0.332832
vt 0.564843 0.903655
vt 0.470608 0.890812
vt 0.502852 0.696952
vt 0.389634 0.938296
vt 0.305352 0.004425
vt 0.509059 0.490223
vt 0.629273 0.210705
vt 0.289281 0.004425
vt 0.513599 0.216534
vt 0.033312 0.274775
vt 0.546580 0.127241
vt 0.524155 0.008543
vt 0.462061 0.004425
vt 0.379704 0.507514
vt 0.338364 0.560132
vt 0.328299 0.910891
vt 0.620842 0.090582
vt 0.444784 0.658092
vt 0.750212 0.906047
vt 0.612838 0.661438
vt 0.600002 0.862091
vt 0.462754 0.671385
vt 0.807508 0.294789
vt 0.819613 0.916685
vt 0.316543 0.409419
vt 0.488687 0.439457
vt 0.460857 0.567906
vt 0.528954 0.207547
vt 0.141756 0.745595
vt 0.561188 0.864237
vt 0.435669 0.892617
vt 0.533986 0.930156
vt 0.306244 0.004425
vt 0.400009 0.493765
vt 0.520561 0.338915
vt 0.487687 0.639374
vt 0.498721 0.655205
vt 0.805670 0.126979
vt 0.489396 0.800964
vt 0.280085 0.569834
vt 0.308037 0.391310
vt 0.513492 0.325371
vt 0.507386 0.012854
vt 0.743270 0.897800
vt 0.502087 0.047340
vt 0.464327 0.026819
vt 0.525692 0.170549
vt 0.315230 0.004425
vt 0.496532 0.907399
vt 0.293815 0.886329
vt 0.400093 0.340496
vt 0.531132 0.092604
vt 0.401980 0.053199
vt 0.665909 0.004425
vt 0.146448 0.004425
vt 0.348192 0.727613
vt 0.394437 0.070149
vt 0.865108 0.869684
vt 0.395225 0.886241
vt 0.346119 0.878644
vt 0.346815 0.132447
vt 0.630682 0.787646
vt 0.790696 0.929363
vt 0.556154 0.209327
vt 0.405615 0.690782
vt 0.266331 0.403803
vt 0.368024 0.177598
vt 0.281001 0.084555
vt 0.289734 0.085021
vt 0.551390 0.011466
vt 0.094255 0.004425
vt 0.387382 0.837391
vt 0.353989 0.062328
vt 0.651878 0.846495
vt 0.462076 0.910992
vt 0.669680 0.673361
vt 0.620862 0.289746
vt 0.508617 0.825940
vt 0.308391 0.896703
vt 0.587909 0.611695
vt 0.653323 0.439474
vt 0.538406 0.076238
vt 0.312244 0.031083
vt 0.530043 0.801966
vt 0.326578 0.160007
vt 0.644226 0.036815
vt 0.084999 0.004425
vt 0.113194 0.004425
vt 0.504360 0.707045
vt 0.245569 0.793992
vt 0.501572 0.861941
vt 0.442139 0.714713
vt 0.367990 0.831307
vt 0.444514 0.842436
vt 0.530719 0.967036
vt 0.309907 0.004425
vt 0.333524 0.069240
vt 0.102639 0.004425
vt 0.648585 0.022765
vt 0.702191 0.005361
vt 0.640172 0.122134
vt 0.611180 0.197082
vt 0.747964 0.349420
vt 0.389718 0.702184
vt 0.494269 0.780275
vt 0.281911 0.893477
vt 0.674192 0.455964
vt 0.480424 0.913017
vt 0.401013 0.690547
vt 0.671185 0.930318
vt 0.307254 0.004425
vt 0.220140 0.769570
vt 0.550458 0.732512
vt 0.495663 0.134945
vt 0.544326 0.004560
vt 0.453666 0.165820
vt 0.163560 0.004425
vt 0.476610 0.486817
vt 0.422591 0.422018
vt 0.497758 0.740426
vt 0.311796 0.650606
vt 0.609483 0.922513
vt 0.256152 0.830912
vt 0.728673 0.417003
vt 0.457756 0.049375
vt 0.418963 0.014205
vt 0.092998 0.004425
vt 0.358297 0.900371
vt 0.568955 0.826481
vt 0.462266 0.816953
vt 0.433796 0.579282
vt 0.531198 0.736357
vt 0.359669 0.076519
vt 0.585546 0.198539
vt 0.460884 0.469364
vt 0.600294 0.071013
vt 0.501499 0.048892
vt 0.641931 0.025525
vt 0.362213 0.083146
vt 0.768106 0.040586
vt 0.328108 0.975736
vt 0.215259 0.951065
vt 0.695326 0.739738
vt 0.582987 0.952306
vt 0.628892 0.459439
vt 0.333309 0.885609
vt 0.433701 0.389477
vt 0.408216 0.032088
vt 0.414430 0.677128
vt 0.648054 0.739522
vt 0.265258 0.753383
vt 0.782041 0.427907
vt 0.751383 0.875450
vt 0.384046 0.624397
vt 0.421099 0.637820
vt 0.384725 0.669930
vt 0.570390 0.863040
vt 0.313842 0.004425
vt 0.481791 0.962023
vt 0.697301 0.055873
vt 0.587496 0.025491
vt 0.549205 0.073819
vt 0.360669 0.018900
vt 0.512368 0.019541
vt 0.104707 0.004425
vt 0.714118 0.614939
vt 0.245342 0.741526
vt 0.286294 0.847782
vt 0.497495 0.928319
vt 0.300511 0.004425
vt 0.136155 0.004425
vt 0.313123 0.004425
vt 0.333583 0.023371
vt 0.134227 0.004425
vt 0.756195 0.680771
vt 0.522508 0.936845
vt 0.579684 0.858510
vt 0.536281 0.005585
vt 0.497436 0.068449
vt 0.745146 0.005173
vt 0.673083 0.726203
vt 0.730723 0.693186
vt 0.572925 0.889274
vt 0.357125 0.937354
vt 0.337021 0.168924
vt 0.372277 0.018508
vt 0.344490 0.817297
vt 0.269217 0.944779
vt 0.526586 0.820365
vt 0.373474 0.026035
vt 0.138907 0.004425
vt 0.602903 0.004425
vt 0.114808 0.004425
vt 0.751062 0.203458
vt 0.131094 0.004425
vt 0.314754 0.004425
vt 0.394021 0.820183
vt 0.375084 0.098877
vt 0.717244 0.019556
vt 0.175790 0.004425
vt 0.751950 0.436155
vt 0.732720 0.455457
vt 0.720460 0.134820
vt 0.536662 0.004425
vt 0.039019 0.004425
vt 0.563196 0.725810
vt 0.505789 0.748946
vt 0.339599 0.011755
vt 0.609425 0.004425
vt 0.152653 0.004425
vt 0.112287 0.004425
vt 0.186863 0.004425
vt 0.445115 0.139953
vt 0.313135 0.052191
vt 0.580519 0.009503
vt 0.121813 0.004425
vt 0.683509 0.447223
vt 0.761406 0.440906
vt 0.316580 0.568644
vt 0.374655 0.009493
vt 0.582096 0.056981
vt 0.175808 0.004425
vt 0.463553 0.252444
vt 0.310231 0.004425
vt 0.311223 0.004425
vt 0.281707 0.056410
vt 0.488334 0.006217
vt 0.125139 0.012370
vt 0.563931 0.004425
vt 0.306231 0.004425
vt 0.323308 0.004425
vt 0.414163 0.417608
vt 0.448307 0.073337
vt 0.533271 0.004425
vt 0.265751 0.010300
vt 0.165537 0.004425
vt 0.229253 0.004425
vt 0.378553 0.401242
vt 0.889036 0.005490
vt 0.808037 0.006549
vt 0.300549 0.004425
vt 0.495257 0.012233
vt 0.532022 0.011343
vt 0.733031 0.005835
vt 0.475446 0.011840
vt 0.825258 0.007876
vt 0.421881 0.004425
vt 0.294103 0.004425
vt 0.267486 0.004425
vt 0.350522 0.030643
vt 0.367549 0.032666
vt 0.620725 0.029376
vt 0.391410 0.032378
vt 0.390101 0.497035
vt 0.170244 0.022256
vt 0.528615 0.026837
vt 0.309163 0.004425
vt 0.385342 0.013656
vt 0.379706 0.004425
vt 0.547703 0.622781
vt 0.392305 0.579833
vt 0.075439 0.012885
vt 0.524316 0.010442
vt 0.229785 0.022398
vt 0.471675 0.004569
vt 0.313092 0.017583
vt 0.367798 0.249846
vt 0.556861 0.170701
vt 0.380366 0.321268
vt 0.138584 0.023344
vt 0.279924 0.004425
vt 0.430743 0.180151
vt 0.259445 0.025262
vt 0.236938 0.019523
vt 0.715082 0.109753
vt 0.526835 0.004425
vt 0.310123 0.004425
vt 0.598718 0.615257
vt 0.310545 0.167095
vt 0.446240 0.230583
vt 0.452042 0.004425
vt 0.423146 0.004425
vt 0.553320 0.004425
vt 0.203441 0.004425
vt 0.581504 0.009148
vt 0.629936 0.005943
vt 0.332940 0.004425
vt 0.543435 0.729055
vt 0.349276 0.039202
vt 0.823392 0.005529
vt 0.283713 0.004425
vt 0.171550 0.004425
vt 0.433982 0.007168
vt 0.741092 0.004543
vt 0.500301 0.004425
vt 0.220677 0.022426
vt 0.394557 0.013673
vt 0.374396 0.004425
vt 0.352009 0.004425
vt 0.792833 0.004425
vt 0.271872 0.737512
vt 0.517113 0.733703
vt 0.384998 0.722905
vt 0.560801 0.006206
vt 0.326602 0.009665
vt 0.761904 0.004975
vt 0.643806 0.007679
vt 0.227983 0.019862
vt 0.458706 0.701081
vt 0.387064 0.634472
vt 0.716785 0.204423
vt 0.447652 0.055153
vt 0.624116 0.019213
vt 0.592929 0.008217
vt 0.345766 0.400783
vt 0.688424 0.081472
vt 0.492779 0.060190
vt 0.654819 0.087428
vt 0.303120 0.110695
vt 0.524708 0.004426
vt 0.458831 0.005942
vt 0.278504 0.017811
vt 0.367715 0.014827
vt 0.514946 0.527813
vt 0.825409 0.004539
vt 0.398061 0.013719
vt 0.444116 0.179290
vt 0.359987 0.009008
vt 0.293654 0.017014
vt 0.648537 0.057872
vt 0.281217 0.017762
vt 0.737815 0.040020
vt 0.563457 0.049970
vt 0.716267 0.057774
vt 0.524401 0.059381
vt 0.343071 0.036051
vt 0.914539 0.004438
vt 0.345212 0.015609
vt 0.278715 0.018104
vt 0.600067 0.146950
vt 0.373991 0.028131
vt 0.572950 0.013039
vt 0.375657 0.014188
vt 0.397854 0.013435
vt 0.314723 0.043923
vt 0.265165 0.018061
vt 0.531506 0.576245
vt 0.439935 0.028317
vt 0.402824 0.006335
vt 0.839849 0.005484
vt 0.526112 0.440514
vt 0.428004 0.057833
vt 0.765712 0.042670
vt 0.243186 0.019247
vt 0.489290 0.039464
vt 0.443354 0.607277
vt 0.756690 0.004425
vt 0.462510 0.105356
vt 0.167442 0.022124
vt 0.522911 0.012322
vt 0.330862 0.016828
vt 0.512460 0.064171
vt 0.765778 0.042353
vt 0.325081 0.016284
vt 0.072281 0.027777
vt 0.436773 0.055043
vt 0.770620 0.050115
vt 0.561377 0.016090
vt 0.885320 0.005814
vt 0.463063 0.021675
vt 0.424140 0.026852
vt 0.096399 0.026332
vt 0.471152 0.016747
vt 0.242655 0.023748
vt 0.134486 0.024882
vt 0.146829 0.026135
vt 0.190448 0.541141
vt 0.678495 0.004425
vt 0.543302 0.013836
vt 0.601974 0.004503
vt 0.820811 0.004709
vt 0.548050 0.010800
vt 0.148890 0.023503
vt 0.778518 0.007346
vt 0.850287 0.005100
vt 0.291815 0.017280
vt 0.282996 0.017719
vt 0.298557 0.019478
vt 0.323083 0.037713
vt 0.544925 0.335810
vt 0.198564 0.023605
vt 0.656244 0.057153
vt 0.368325 0.014288
vt 0.762194 0.055791
vt 0.207648 0.030344
vt 0.462147 0.042023
vt 0.330853 0.614897
vt 0.469844 0.395743
vt 0.607629 0.302548
vt 0.692459 0.241481
vt 0.369386 0.488006
vt 0.243801 0.535416
vt 0.459660 0.005019
vt 0.525332 0.004415
vt 0.312450 0.004425
vt 0.211140 0.020487
vt 0.156505 0.024217
vt 0.530049 0.010261
vt 0.459935 0.007846
vt 0.104749 0.004425
vt 0.036347 0.004425
vt 0.072733 0.026512
vt 0.214093 0.004425
vt 0.533120 0.010311
vt 0.233708 0.004425
vt 0.288049 0.023955
vt 0.349637 0.006720
vt 0.040820 0.004425
vt 0.032854 0.004425
vt 0.541535 0.035436
vt 0.200234 0.004425
vt 0.502935 0.011115
vt 0.319000 0.004425
vt 0.509754 0.012281
vt 0.502848 0.268437
vt 0.781943 0.039593
vt 0.211662 0.004425
vt 0.388276 0.037175
vt 0.320130 0.004425
vt 0.185119 0.023778
vt 0.122481 0.025952
vt 0.681730 0.043524
vt 0.031292 0.004425
vt 0.593270 0.045374
vt 0.050403 0.004425
vt 0.775687 0.070911
vt 0.314047 0.004425
vt 0.756345 0.057347
vt 0.286869 0.004425
vt 0.754230 0.004425
vt 0.788258 0.045453
vt 0.492705 0.046386
vt 0.651892 0.049980
vt 0.178506 0.004425
vt 0.734903 0.055708
vt 0.625174 0.004425
vt 0.302818 0.004425
vt 0.332661 0.004425
vt 0.703207 0.225585
vt 0.563815 0.072979
vt 0.628511 0.082599
vt 0.385475 0.031751
vt 0.352432 0.004425
vt 0.427269 0.078117
vt 0.766795 0.078094
vt 0.283976 0.004425
vt 0.757677 0.134206
vt 0.313140 0.004425
vt 0.414878 0.239852
vt 0.073094 0.004425
vt 0.546618 0.192106
vt 0.285260 0.004425
vt 0.578424 0.150057
vt 0.348054 0.004425
vt 0.466567 0.271197
vt 0.044563 0.004425
vt 0.449517 0.004425
vt 0.128377 0.004425
vt 0.100162 0.004425
vt 0.612333 0.146920
vt 0.318975 0.004425
vt 0.223924 0.004425
vt 0.151074 0.004425
vt 0.203058 0.004425
vt 0.307602 0.004425
vt 0.343699 0.233521
vt 0.601557 0.004425
vt 0.346730 0.004425
vt 0.032491 0.004425
vt 0.499882 0.305506
vt 0.428886 0.004425
vt 0.580387 0.165706
vt 0.305711 0.004425
vt 0.151147 0.004425
vt 0.494487 0.004556
vt 0.032126 0.004425
vt 0.399184 0.088246
vt 0.397036 0.007388
vt 0.428958 0.013161
vt 0.313783 0.004425
vt 0.633278 0.007963
vt 0.037051 0.004425
vt 0.409838 0.004425
vt 0.243667 0.004425
vt 0.480579 0.281016
vt 0.511917 0.004425
vt 0.313616 0.004425
vt 0.420726 0.004425
vt 0.615810 0.044479
vt 0.391958 0.006866
vt 0.222671 0.023022
vt 0.659228 0.004772
vt 0.032510 0.004425
vt 0.455256 0.004425
vt 0.431902 0.004481
vt 0.313804 0.004425
vt 0.331327 0.004425
vt 0.313774 0.004425
vt 0.690842 0.175171
vt 0.413977 0.051670
vt 0.518212 0.010812
vt 0.475290 0.251562
vt 0.369335 0.004508
vt 0.674289 0.007208
vt 0.322228 0.004425
vt 0.309270 0.004425
vt 0.085258 0.004425
vt 0.435554 0.004425
vt 0.419989 0.004425
vt 0.309551 0.004425
vt 0.456000 0.687707
vt 0.541292 0.689892
vt 0.837402 0.431066
vt 0.312813 0.004425
vt 0.311803 0.004425
vt 0.155023 0.453586
vt 0.766405 0.088672
vt 0.308774 0.031575
vt 0.501968 0.605443
vt 0.696632 0.348030
vt 0.682152 0.326426
vt 0.724254 0.279794
vt 0.305641 0.004425
vt 0.740358 0.236084
vt 0.497734 0.173661
vt 0.665491 0.711655
vt 0.531137 0.386288
vt 0.808366 0.204109
vt 0.352411 0.170743
vt 0.329761 0.004425
vt 0.308570 0.004425
vt 0.525208 0.673352
vt 0.558598 0.346367
vt 0.414392 0.356133
vt 0.357990 0.651203
vt 0.758494 0.004730
vt 0.769828 0.725427
vt 0.633519 0.223126
vt 0.660296 0.612907
vt 0.505901 0.198623
vt 0.456742 0.326577
vt 0.350327 0.262451
vt 0.401150 0.200393
vt 0.447161 0.215986
vt 0.108974 0.650765
vt 0.502918 0.611175
vt 0.682096 0.963099
vt 0.417543 0.114136
vt 0.560156 0.978353
vt 0.333391 0.016079
vt 0.622043 0.008638
vt 0.305378 0.004425
vt 0.591705 0.669674
vt 0.687521 0.925722
vt 0.379184 0.975702
vt 0.300360 0.940725
vt 0.432885 0.765553
vt 0.374195 0.260907
vt 0.618868 0.008418
vt 0.511908 0.010968
vt 0.485673 0.007486
vt 0.454619 0.311612
vt 0.664388 0.699809
vt 0.645842 0.449773
vt 0.466027 0.533749
vt 0.681597 0.546999
vt 0.712452 0.106839
vt 0.421511 0.247421
vt 0.485093 0.439252
vt 0.732086 0.456249
vt 0.392869 0.831328
vt 0.300191 0.530580
vt 0.391334 0.364677
vt 0.306411 0.004425
vt 0.556231 0.542716
vt 0.461444 0.317275
vt 0.652433 0.689515
vt 0.291750 0.578873
vt 0.579148 0.606086
vt 0.604206 0.930088
vt 0.119392 0.984631
vt 0.411498 0.013339
vt 0.349935 0.207283
vt 0.474740 0.952737
vt 0.250507 0.488557
vt 0.480658 0.717743
vt 0.387699 0.030680
vt 0.441891 0.643938
vt 0.561095 0.071309
vt 0.540626 0.006121
vt 0.101878 0.084256
vt 0.623563 0.703867
vt 0.625814 0.312272
vt 0.434426 0.004425
vt 0.678714 0.653718
vt 0.804003 0.888354
vt 0.817035 0.929359
vt 0.513523 0.451883
vt 0.548173 0.312659
vt 0.436363 0.490042
vt 0.720790 0.437253
vt 0.300242 0.446425
vt 0.456645 0.173290
vt 0.316496 0.016489
vt 0.304225 0.004425
vt 0.470693 0.208585
vt 0.268251 0.690183
vt 0.557805 0.709596
vt 0.343185 0.506776
vt 0.383336 0.498005
vt 0.455989 0.848437
vt 0.385923 0.188420
vt 0.548211 0.154894
vt 0.561713 0.432386
vt 0.388619 0.337645
vt 0.327083 0.004881
vt 0.492268 0.305155
vt 0.453119 0.252494
vt 0.733457 0.413951
vt 0.471241 0.773806
vt 0.729104 0.813005
vt 0.719833 0.006035
vt 0.790233 0.842202
vt 0.547493 0.639056
vt 0.660326 0.220003
vt 0.576360 0.067363
vt 0.660871 0.105962
vt 0.987682 0.057673
vt 0.649306 0.109722
vt 0.193937 0.277689
vt 0.629248 0.062517
vt 0.559433 0.124131
vt 0.675463 0.229128
vt 0.648482 0.007762
vt 0.327366 0.004425
vt 0.080742 0.888184
vt 0.691437 0.695065
vt 0.616063 0.074569
vt 0.611505 0.050527
vt 0.530663 0.103068
vt 0.499456 0.106913
vt 0.412625 0.137075
vt 0.625697 0.232174
vt 0.270006 0.673721
vt 0.481180 0.057960
vt 0.413400 0.041761
vt 0.415308 0.101490
vt 0.699201 0.408348
vt 0.418923 0.327005
vt 0.139556 0.050275
vt 0.099879 0.156075
vt 0.591965 0.504636
vt 0.277802 0.414825
vt 0.644960 0.861129
vt 0.481575 0.174630
vt 0.742900 0.061033
vt 0.632006 0.237712
vt 0.167828 0.030419
vt 0.320693 0.818626
vt 0.621742 0.539399
vt 0.601561 0.821041
vt 0.565466 0.901664
vt 0.596117 0.866869
vt 0.782048 0.744102
vt 0.589703 0.139100
vt 0.255458 0.601439
vt 0.296381 0.360492
vt 0.443460 0.134588
vt 0.323271 0.004425
vt 0.500211 0.766740
vt 0.661661 0.351448
vt 0.325605 0.183317
vt 0.333472 0.311754
vt 0.597454 0.376315
vt 0.603217 0.616351
vt 0.603838 0.539944
vt 0.441975 0.496180
vt 0.524426 0.739362
vt 0.540626 0.630311
vt 0.736104 0.660084
vt 0.559120 0.199277
vt 0.385606 0.512098
vt 0.296740 0.544450
vt 0.525013 0.584759
vt 0.458122 0.566594
vt 0.527635 0.449785
vt 0.673489 0.873899
vt 0.408734 0.398610
vt 0.483586 0.401805
vt 0.615254 0.375319
vt 0.449830 0.279274
vt 0.453038 0.918680
vt 0.629507 0.174287
vt 0.470776 0.798873
vt 0.560425 0.541543
vt 0.516615 0.129947
vt 0.597332 0.535398
vt 0.672675 0.142087
vt 0.394498 0.886043
vt 0.483882 0.141921
vt 0.469178 0.485177
vt 0.448520 0.135883
vt 0.513110 0.110554
vt 0.527028 0.063591
vt 0.408851 0.013433
vt 0.717124 0.004428
vt 0.720744 0.237046
vt 0.763606 0.539338
vt 0.479012 0.747460
vt 0.413147 0.236985
vt 0.469628 0.219480
vt 0.722444 0.006472
vt 0.609181 0.145648
vt 0.308861 0.729612
vt 0.255370 0.520672
vt 0.661977 0.617383
vt 0.408601 0.651595
vt 0.431867 0.388425
vt 0.317987 0.771842
vt 0.435396 0.401266
vt 0.448087 0.806253
vt 0.560430 0.631841
vt 0.299018 0.749261
vt 0.312055 0.749601
vt 0.669821 0.942337
vt 0.903032 0.543832
vt 0.454136 0.905350
vt 0.462385 0.952253
vt 0.194742 0.420453
vt 0.284642 0.029203
vt 0.739280 0.561672
vt 0.330362 0.421885
vt 0.320584 0.400314
vt 0.390452 0.568122
vt 0.461476 0.890188
vt 0.210857 0.596885
vt 0.460894 0.929411
vt 0.289940 0.768459
vt 0.395659 0.013523
vt 0.315598 0.016840
vt 0.517943 0.161468
vt 0.372500 0.448514
vt 0.469664 0.961475
vt 0.509839 0.920202
vt 0.478163 0.943965
vt 0.801522 0.974638
vt 0.434318 0.013012
vt 0.633855 0.183135
vt 0.320730 0.949208
vt 0.428441 0.965663
vt 0.405718 0.013392
vt 0.300250 0.884733
vt 0.666803 0.961145
vt 0.623409 0.285845
vt 0.377797 0.646159
vt 0.247489 0.965047
vt 0.658088 0.111971
vt 0.392256 0.053158
vt 0.788518 0.004701
vt 0.717131 0.540273
vt 0.534715 0.811748
vt 0.354502 0.964401
vt 0.423608 0.113871
vt 0.599568 0.958519
vt 0.536609 0.954249
vt 0.447095 0.954236
vt 0.650818 0.389587
vt 0.387160 0.004425
vt 0.161197 0.440216
vt 0.185860 0.165838
vt 0.566961 0.500143
vt 0.530245 0.876770
vt 0.628110 0.960449
vt 0.428518 0.341465
vt 0.694389 0.124467
vt 0.570406 0.050364
vt 0.509853 0.735075
vt 0.254855 0.236374
vt 0.536753 0.801951
vt 0.686290 0.951141
vt 0.546312 0.952099
vt 0.543953 0.530924
vt 0.472013 0.491171
vt 0.508518 0.424743
vt 0.595418 0.080185
vt 0.786217 0.686717
vt 0.467986 0.484435
vt 0.655777 0.155258
vt 0.639948 0.185409
vt 0.524483 0.417943
vt 0.541459 0.197925
vt 0.333590 0.139174
vt 0.555009 0.010059
vt 0.524002 0.004425
vt 0.495618 0.737301
vt 0.289155 0.020696
vt 0.310193 0.692221
vt 0.458943 0.580333
vt 0.448567 0.305561
vt 0.169273 0.432712
vt 0.443936 0.012613
vt 0.353649 0.015701
vt 0.502945 0.255218
vt 0.850250 0.323159
vt 0.575237 0.268089
vt 0.136707 0.025171
vt 0.759564 0.005247
vt 0.386342 0.247045
vt 0.661644 0.667279
vt 0.314530 0.016852
vt 0.581900 0.240267
vt 0.522177 0.077270
vt 0.540589 0.642899
vt 0.487468 0.422855
vt 0.284479 0.726349
vt 0.801468 0.255537
vt 0.539411 0.276987
vt 0.703327 0.279088
vt 0.780971 0.826172
vt 0.546244 0.209951
vt 0.366434 0.014771
vt 0.387827 0.188084
vt 0.299932 0.666532
vt 0.307213 0.590304
vt 0.677155 0.617676
vt 0.739797 0.609510
vt 0.676308 0.066639
vt 0.233869 0.019883
vt 0.518294 0.177512
vt 0.744231 0.297292
vt 0.386287 0.673677
vt 0.457860 0.071584
vt 0.435075 0.629102
vt 0.454428 0.441351
vt 0.619715 0.199200
vt 0.591924 0.613160
vt 0.292321 0.032354
vt 0.426779 0.013672
vt 0.317526 0.409473
vt 0.561737 0.220414
vt 0.395415 0.553636
vt 0.440858 0.643410
vt 0.538520 0.169873
vt 0.176930 0.022077
vt 0.241765 0.031871
vt 0.698851 0.254583
vt 0.555454 0.499897
vt 0.147335 0.030973
vt 0.492539 0.587437
vt 0.399808 0.482477
vt 0.591367 0.036265
vt 0.673090 0.256579
vt 0.736416 0.139593
vt 0.250344 0.483948
vt 0.499928 0.220218
vt 0.194321 0.168772
vt 0.553794 0.339965
vt 0.506058 0.169857
vt 0.438415 0.180282
vt 0.428030 0.660563
vt 0.624558 0.756127
vt 0.805554 0.784192
vt 0.505178 0.681028
vt 0.537423 0.757470
vt 0.609814 0.705501
vt 0.429028 0.635853
vt 0.479545 0.639399
vt 0.460495 0.723383
vt 0.506615 0.663556
vt 0.428669 0.680986
vt 0.543388 0.707978
vt 0.590438 0.790236
vt 0.451750 0.744552
vt 0.000000 0.000000
s 1
usemtl material_0.001
f 2/1/1 3/2/2 5/3/3
f 2/1/1 5/3/3 6/4/4
f 1/5/5 2/1/5 6/4/5
f 6/4/6 5/3/6 7/6/6
f 6/4/7 7/6/7 13/7/7
f 7/6/8 5/3/9 8/8/10
f 9/9/11 1/5/11 6/4/11
f 4/10/12 10/11/12 11/12/12
f 3/2/13 4/10/14 5/3/15
f 15/13/16 9/9/16 12/14/16
f 5/3/15 4/10/14 11/12/17
f 9/9/18 6/4/18 12/14/18
f 5/3/9 11/12/19 8/8/10
f 12/14/20 6/4/21 13/7/22
f 12/14/23 14/15/24 22/16/25
f 12/14/20 13/7/22 14/15/26
f 13/7/27 7/6/27 14/15/27
f 10/11/28 16/17/29 11/12/30
f 22/16/25 15/13/31 12/14/23
f 11/12/30 16/17/29 8/8/32
f 8/8/32 16/17/29 17/18/33
f 10/11/34 19/19/34 16/17/34
f 18/20/35 15/13/35 22/16/35
f 19/19/36 29/21/36 16/17/36
f 39/22/37 18/20/37 22/16/37
f 39/22/38 22/16/38 36/23/38
f 29/21/39 17/18/39 16/17/39
f 26/24/40 28/25/40 52/26/40
f 19/19/41 38/27/41 29/21/41
f 17/18/42 29/21/42 70/28/42
f 22/16/43 14/15/43 64/29/43
f 14/15/44 7/6/45 64/29/46
f 7/6/45 8/8/47 64/29/46
f 50/30/48 18/20/48 39/22/48
f 51/31/49 40/32/50 52/26/51
f 40/32/52 26/24/52 52/26/52
f 54/33/53 42/34/54 84/35/55
f 84/35/55 42/34/54 40/32/56
f 50/30/57 39/22/58 55/36/59
f 36/23/60 22/16/60 64/29/60
f 8/8/47 17/18/61 64/29/46
f 84/35/62 40/32/50 51/31/49
f 52/26/63 41/37/63 65/38/63
f 41/37/64 53/39/64 65/38/64
f 86/40/65 50/30/65 55/36/65
f 55/36/59 39/22/58 90/41/66
f 66/42/67 54/33/67 84/35/67
f 38/27/68 74/43/69 29/21/70
f 29/21/70 69/44/71 70/28/72
f 70/28/72 69/44/71 80/45/73
f 90/41/74 39/22/74 36/23/74
f 53/39/75 75/46/76 65/38/77
f 75/46/78 67/47/78 85/48/78
f 76/49/79 66/42/79 93/50/79
f 93/50/80 66/42/80 84/35/80
f 29/21/70 74/43/69 69/44/71
f 88/51/81 86/40/81 55/36/81
f 55/36/82 90/41/82 88/51/82
f 52/26/51 65/38/83 51/31/49
f 65/38/77 75/46/76 94/52/84
f 95/53/85 79/54/85 96/55/85
f 69/44/86 97/56/87 80/45/88
f 36/23/89 64/29/90 90/41/91
f 64/29/46 17/18/61 70/28/92
f 93/50/93 84/35/94 105/57/95
f 84/35/94 51/31/96 105/57/95
f 94/52/97 75/46/97 106/58/97
f 75/46/98 85/48/98 106/58/98
f 114/59/99 76/49/99 93/50/99
f 90/41/100 109/60/100 88/51/100
f 64/29/90 110/61/101 90/41/91
f 70/28/102 80/45/102 111/62/102
f 107/63/103 114/59/103 115/64/103
f 74/43/104 124/65/105 69/44/86
f 86/40/106 88/51/106 103/66/106
f 64/29/90 70/28/107 110/61/101
f 51/31/96 65/38/108 105/57/95
f 94/52/109 106/58/109 122/67/109
f 106/58/110 113/68/110 122/67/110
f 103/66/111 125/69/112 121/70/113
f 95/53/114 116/71/115 123/72/116
f 103/66/111 88/51/117 125/69/112
f 116/71/118 118/73/118 141/74/118
f 125/69/119 88/51/119 109/60/119
f 110/61/101 70/28/107 111/62/120
f 114/59/121 93/50/121 129/75/121
f 129/75/122 93/50/122 158/76/122
f 74/43/104 104/77/123 124/65/105
f 93/50/93 105/57/95 158/76/124
f 135/78/125 139/79/125 128/80/125
f 135/78/126 138/81/126 139/79/126
f 123/72/127 130/82/127 122/67/127
f 128/80/128 140/83/128 137/84/128
f 128/80/129 139/79/130 174/85/131
f 131/86/132 116/71/132 141/74/132
f 142/87/133 137/84/133 140/83/133
f 128/80/134 174/85/134 140/83/134
f 109/60/135 90/41/135 152/88/135
f 145/89/136 137/84/136 155/90/136
f 155/90/137 137/84/138 191/91/139
f 191/91/139 137/84/138 142/87/140
f 174/85/131 139/79/130 143/92/141
f 124/65/142 169/93/142 111/62/142
f 142/87/143 140/83/143 174/85/143
f 122/67/144 146/94/144 180/95/144
f 148/96/145 129/75/145 183/97/145
f 136/98/146 154/99/146 161/100/146
f 139/79/147 138/81/147 162/101/147
f 104/77/148 136/98/148 161/100/148
f 121/70/149 125/69/150 144/102/151
f 104/77/152 161/100/153 124/65/154
f 131/86/155 141/74/156 164/103/157
f 181/104/158 155/90/158 191/91/158
f 125/69/150 168/105/159 144/102/151
f 139/79/160 162/101/160 143/92/160
f 124/65/154 161/100/153 169/93/161
f 143/92/162 162/101/162 171/106/162
f 125/69/163 109/60/164 168/105/165
f 109/60/164 152/88/166 168/105/165
f 191/91/167 142/87/167 173/107/167
f 143/92/168 171/106/168 175/108/168
f 110/61/101 111/62/120 192/109/169
f 105/57/170 65/38/171 179/110/172
f 94/52/173 122/67/173 180/95/173
f 154/99/174 177/111/174 184/112/174
f 177/111/175 155/90/175 181/104/175
f 129/75/176 158/76/177 183/97/178
f 177/111/179 181/104/179 184/112/179
f 154/99/180 184/112/180 161/100/180
f 138/81/181 178/113/181 162/101/181
f 161/100/182 184/112/182 188/114/182
f 181/104/183 191/91/183 190/115/183
f 184/112/184 181/104/184 190/115/184
f 161/100/185 188/114/186 169/93/187
f 188/114/186 192/109/188 169/93/187
f 188/114/189 184/112/189 192/109/189
f 184/112/190 190/115/190 192/109/190
f 191/91/191 173/107/191 190/115/191
f 175/108/192 171/106/192 208/116/192
f 174/85/193 143/92/193 175/108/193
f 158/76/194 105/57/195 216/117/196
f 65/38/171 94/52/197 180/95/198
f 198/118/199 157/119/199 199/120/199
f 157/119/200 200/121/200 199/120/200
f 157/119/201 182/122/201 200/121/201
f 162/101/202 208/116/202 171/106/202
f 111/62/203 169/93/203 192/109/203
f 192/109/204 190/115/204 173/107/204
f 105/57/205 179/110/205 217/123/205
f 65/38/171 180/95/198 266/124/206
f 146/94/207 197/125/207 180/95/207
f 218/126/208 198/118/208 199/120/208
f 182/122/209 201/127/209 200/121/209
f 196/128/210 222/129/210 178/113/210
f 183/97/178 158/76/177 219/130/211
f 178/113/212 222/129/212 162/101/212
f 162/101/213 227/131/213 208/116/213
f 173/107/214 142/87/214 174/85/214
f 218/126/215 199/120/215 239/132/215
f 219/130/216 158/76/216 241/133/216
f 158/76/194 216/117/196 241/133/217
f 144/102/218 168/105/218 250/134/218
f 162/101/219 222/129/219 227/131/219
f 168/105/220 152/88/220 250/134/220
f 173/107/221 174/85/222 256/135/223
f 216/117/224 105/57/224 217/123/224
f 180/95/225 197/125/225 258/136/225
f 218/126/226 239/132/226 267/137/226
f 201/127/227 240/138/227 200/121/227
f 222/129/228 196/128/228 262/139/228
f 244/140/229 205/141/230 263/142/231
f 227/131/232 222/129/232 262/139/232
f 152/88/233 90/41/91 274/143/234
f 110/61/101 192/109/169 302/144/235
f 192/109/169 173/107/236 256/135/223
f 175/108/237 208/116/237 234/145/237
f 179/110/172 65/38/171 266/124/206
f 197/125/238 237/146/238 258/136/238
f 237/146/239 259/147/239 258/136/239
f 259/147/240 238/148/240 267/137/240
f 238/148/241 218/126/241 267/137/241
f 199/120/242 200/121/243 276/149/242
f 200/121/244 240/138/244 268/150/244
f 144/102/245 250/134/245 215/151/245
f 90/41/91 110/61/101 330/152/246
f 239/132/242 199/120/242 276/149/242
f 240/138/247 269/153/247 268/150/247
f 250/134/248 152/88/248 282/154/248
f 263/142/249 264/155/249 279/156/249
f 217/123/250 179/110/250 291/157/250
f 276/149/251 200/121/251 285/158/251
f 261/159/252 219/130/252 286/160/252
f 270/161/253 261/159/253 286/160/253
f 263/142/254 287/162/254 260/163/254
f 287/162/255 263/142/255 288/164/255
f 304/165/256 215/151/256 306/166/256
f 295/167/257 216/117/258 217/123/259
f 275/168/260 217/123/260 291/157/260
f 266/124/261 308/169/261 179/110/261
f 266/124/262 180/95/262 309/170/262
f 180/95/263 258/136/263 309/170/263
f 239/132/264 276/149/264 292/171/264
f 200/121/265 268/150/265 293/172/265
f 268/150/266 269/153/266 293/172/266
f 270/161/267 286/160/267 296/173/267
f 294/174/268 260/163/268 287/162/268
f 263/142/269 279/156/269 288/164/269
f 291/157/270 179/110/270 308/169/270
f 259/147/271 267/137/271 258/136/271
f 269/153/272 294/174/273 293/172/274
f 241/133/275 216/117/258 295/167/257
f 269/153/276 260/163/276 294/174/276
f 215/151/277 250/134/277 306/166/277
f 288/164/278 279/156/278 310/175/278
f 282/154/279 152/88/279 341/176/279
f 256/135/223 537/177/280 192/109/169
f 311/178/281 312/179/281 303/180/281
f 313/181/282 303/180/282 283/182/282
f 303/180/283 312/179/283 283/182/283
f 312/179/284 284/183/284 283/182/284
f 314/184/285 315/185/285 257/186/285
f 295/167/286 217/123/286 318/187/286
f 275/168/287 291/157/287 307/188/287
f 308/169/288 266/124/288 319/189/288
f 258/136/289 267/137/290 432/190/291
f 267/137/290 239/132/292 363/191/293
f 363/191/293 239/132/292 292/171/294
f 286/160/295 219/130/295 321/192/295
f 219/130/296 241/133/296 321/192/296
f 250/134/297 341/176/297 306/166/297
f 250/134/298 282/154/298 341/176/298
f 175/108/299 234/145/299 299/193/299
f 285/158/300 200/121/300 293/172/300
f 294/174/273 320/194/301 293/172/274
f 241/133/275 295/167/257 321/192/302
f 337/195/303 338/196/303 324/197/303
f 337/195/304 324/197/304 339/198/304
f 324/197/305 340/199/305 325/200/305
f 325/200/306 340/199/306 356/201/306
f 288/164/307 310/175/307 346/202/307
f 341/176/308 152/88/233 274/143/234
f 90/41/91 330/152/246 274/143/234
f 362/203/309 258/136/310 432/190/311
f 350/204/312 351/205/312 335/206/312
f 351/205/313 352/207/313 335/206/313
f 294/174/314 287/162/314 349/208/314
f 350/204/315 335/206/315 336/209/315
f 336/209/316 355/210/316 354/211/316
f 339/198/317 325/200/317 356/201/317
f 287/162/318 288/164/319 349/208/320
f 288/164/319 359/212/321 349/208/320
f 288/164/322 346/202/322 359/212/322
f 318/187/323 217/123/323 275/168/323
f 309/170/324 258/136/324 362/203/324
f 432/190/291 267/137/290 363/191/293
f 320/194/325 294/174/325 364/213/325
f 294/174/326 349/208/326 364/213/326
f 350/204/327 336/209/327 354/211/327
f 353/214/328 337/195/328 367/215/328
f 354/211/329 355/210/329 368/216/329
f 337/195/330 339/198/330 367/215/330
f 367/215/331 339/198/331 369/217/331
f 339/198/332 356/201/332 369/217/332
f 313/181/333 283/182/333 371/218/333
f 308/169/334 319/189/335 377/219/336
f 393/220/337 363/191/337 292/171/337
f 375/221/338 286/160/338 321/192/338
f 376/222/339 321/192/339 295/167/339
f 390/223/340 369/217/340 356/201/340
f 340/199/341 439/224/341 356/201/341
f 302/144/235 192/109/169 537/177/280
f 256/135/223 174/85/222 671/225/342
f 371/218/343 283/182/343 382/226/343
f 291/157/344 308/169/344 383/227/344
f 266/124/345 309/170/346 319/189/347
f 319/189/347 309/170/346 411/228/348
f 411/228/349 309/170/349 362/203/349
f 293/172/350 320/194/350 394/229/350
f 375/221/351 321/192/351 384/230/351
f 364/213/352 349/208/352 386/231/352
f 354/211/353 388/232/353 350/204/353
f 354/211/354 368/216/354 388/232/354
f 367/215/355 369/217/355 387/233/355
f 175/108/356 299/193/357 626/234/358
f 313/181/359 371/218/359 391/235/359
f 304/165/360 306/166/361 392/236/362
f 285/158/363 293/172/363 394/229/363
f 364/213/364 386/231/364 395/237/364
f 388/232/365 368/216/365 397/238/365
f 368/216/366 355/210/366 397/238/366
f 349/208/367 359/212/367 398/239/367
f 390/223/368 356/201/368 399/240/368
f 356/201/369 439/224/369 399/240/369
f 341/176/370 402/241/370 306/166/370
f 330/152/246 110/61/101 302/144/235
f 275/168/371 307/188/371 318/187/371
f 394/229/372 320/194/372 412/242/372
f 320/194/373 364/213/373 412/242/373
f 384/230/374 321/192/374 413/243/374
f 432/190/375 363/191/375 414/244/375
f 363/191/376 415/245/376 414/244/376
f 415/245/377 363/191/377 393/220/377
f 350/204/378 388/232/378 396/246/378
f 438/247/379 369/217/379 421/248/379
f 369/217/380 390/223/380 421/248/380
f 440/249/381 401/250/381 400/251/381
f 440/249/382 400/251/382 442/252/382
f 400/251/383 401/250/383 422/253/383
f 446/254/384 400/251/384 422/253/384
f 398/239/385 359/212/385 423/255/385
f 299/193/386 357/256/386 496/257/386
f 428/258/387 391/235/387 371/218/387
f 295/167/388 318/187/389 410/259/390
f 308/169/391 377/219/392 383/227/393
f 411/228/394 362/203/395 450/260/396
f 276/149/397 285/158/397 394/229/397
f 413/243/398 321/192/398 452/261/398
f 321/192/399 376/222/399 452/261/399
f 376/222/400 295/167/400 434/262/400
f 432/190/401 414/244/401 435/263/401
f 386/231/402 349/208/402 398/239/402
f 392/236/362 306/166/361 457/264/403
f 459/265/404 387/233/404 438/247/404
f 399/240/405 439/224/405 492/266/405
f 401/250/406 441/267/406 443/268/406
f 442/252/407 400/251/407 445/269/407
f 400/251/408 446/254/408 445/269/408
f 457/264/409 306/166/410 402/241/411
f 446/254/412 422/253/412 447/270/412
f 341/176/413 274/143/413 402/241/413
f 174/85/222 175/108/356 671/225/342
f 393/220/414 292/171/415 433/271/416
f 414/244/417 415/245/417 451/272/417
f 415/245/418 393/220/419 453/273/420
f 436/274/421 416/275/421 413/243/421
f 396/246/422 388/232/422 458/276/422
f 379/277/423 437/278/423 474/279/423
f 388/232/424 397/238/424 458/276/424
f 397/238/425 379/277/425 474/279/425
f 438/247/426 421/248/426 459/265/426
f 493/280/427 442/252/427 462/281/427
f 442/252/428 445/269/428 462/281/428
f 446/254/429 447/270/429 480/282/429
f 362/203/430 469/283/430 450/260/430
f 362/203/309 432/190/311 469/283/431
f 295/167/388 410/259/390 434/262/432
f 432/190/433 435/263/433 469/283/433
f 435/263/434 414/244/434 470/284/434
f 470/284/435 414/244/435 451/272/435
f 474/279/436 437/278/436 473/285/436
f 458/276/437 397/238/437 474/279/437
f 459/265/438 421/248/438 477/286/438
f 476/287/439 440/249/439 478/288/439
f 421/248/440 390/223/440 477/286/440
f 390/223/441 399/240/441 477/286/441
f 477/286/442 399/240/442 492/266/442
f 440/249/443 442/252/443 478/288/443
f 442/252/444 493/280/444 478/288/444
f 386/231/445 398/239/445 479/289/445
f 445/269/446 446/254/446 480/282/446
f 445/269/447 480/282/447 462/281/447
f 779/290/448 428/258/448 484/291/448
f 428/258/449 371/218/449 484/291/449
f 371/218/450 382/226/450 485/292/450
f 318/187/451 307/188/451 488/293/451
f 307/188/452 291/157/452 488/293/452
f 291/157/453 383/227/453 488/293/453
f 377/219/392 489/294/454 383/227/393
f 377/219/336 319/189/335 489/294/455
f 319/189/456 411/228/457 600/295/458
f 393/220/419 433/271/459 453/273/420
f 412/242/460 364/213/460 395/237/460
f 459/265/461 491/296/461 506/297/461
f 459/265/462 477/286/462 491/296/462
f 476/287/463 490/298/463 460/299/463
f 457/264/409 402/241/411 465/300/464
f 175/108/356 626/234/358 671/225/342
f 299/193/357 496/257/465 626/234/358
f 435/263/466 467/301/466 469/283/466
f 487/302/467 415/245/467 500/303/467
f 433/271/416 292/171/415 501/304/468
f 395/237/469 386/231/469 502/305/469
f 547/306/470 471/307/470 523/308/470
f 547/306/471 455/309/471 471/307/471
f 523/308/472 471/307/472 552/310/472
f 503/311/473 504/312/473 527/313/473
f 396/246/474 458/276/474 471/307/474
f 552/310/475 471/307/475 458/276/475
f 455/309/476 505/314/476 472/315/476
f 505/314/477 506/297/477 473/285/477
f 473/285/478 506/297/478 532/316/478
f 532/316/479 506/297/479 510/317/479
f 490/298/480 476/287/480 478/288/480
f 507/318/481 490/298/481 478/288/481
f 532/316/482 510/317/482 509/319/482
f 506/297/483 491/296/483 510/317/483
f 491/296/484 477/286/484 510/317/484
f 462/281/485 480/282/485 495/320/485
f 495/320/486 480/282/486 514/321/486
f 479/289/487 398/239/487 516/322/487
f 480/282/488 447/270/488 515/323/488
f 398/239/489 423/255/489 516/322/489
f 383/227/490 489/294/491 544/324/490
f 450/260/396 521/325/492 411/228/394
f 450/260/493 469/283/493 522/326/493
f 292/171/494 276/149/494 501/304/494
f 276/149/495 394/229/495 501/304/495
f 455/309/496 524/327/496 526/328/496
f 524/327/497 525/329/497 526/328/497
f 455/309/498 526/328/498 505/314/498
f 525/329/499 527/313/499 526/328/499
f 503/311/500 528/330/500 504/312/500
f 526/328/501 506/297/501 505/314/501
f 506/297/502 526/328/502 418/331/502
f 418/331/503 526/328/503 530/332/503
f 526/328/504 527/313/504 530/332/504
f 527/313/505 507/318/505 530/332/505
f 527/313/506 504/312/506 507/318/506
f 507/318/507 504/312/507 508/333/507
f 504/312/508 529/334/508 508/333/508
f 458/276/509 474/279/509 578/335/509
f 474/279/510 473/285/510 532/316/510
f 530/332/511 507/318/511 533/336/511
f 530/332/512 533/336/512 534/337/512
f 507/318/513 478/288/513 533/336/513
f 478/288/514 493/280/514 533/336/514
f 513/338/515 535/339/515 512/340/515
f 423/255/516 517/341/516 516/322/516
f 538/342/517 539/343/517 540/344/517
f 540/344/518 539/343/518 559/345/518
f 540/344/519 559/345/519 518/346/519
f 499/347/520 453/273/520 543/348/520
f 410/259/521 318/187/522 751/349/523
f 453/273/524 545/350/524 543/348/524
f 453/273/525 433/271/525 545/350/525
f 501/304/526 394/229/526 546/351/526
f 565/352/527 547/306/527 523/308/527
f 547/306/528 567/353/528 524/327/528
f 524/327/529 569/354/529 551/355/529
f 569/354/530 548/356/530 551/355/530
f 436/274/531 413/243/531 549/357/531
f 565/352/532 523/308/532 552/310/532
f 392/236/533 457/264/534 449/358/535
f 449/358/535 457/264/534 531/359/536
f 552/310/537 458/276/537 578/335/537
f 474/279/538 532/316/538 555/360/538
f 529/334/539 554/361/539 494/362/539
f 529/334/540 494/362/540 511/363/540
f 477/286/541 615/364/541 556/365/541
f 477/286/542 492/266/542 615/364/542
f 492/266/543 534/337/543 615/364/543
f 510/317/544 556/365/544 509/319/544
f 510/317/545 477/286/545 556/365/545
f 531/359/546 457/264/546 465/300/546
f 493/280/547 495/320/547 514/321/547
f 515/323/548 583/366/548 514/321/548
f 274/143/234 330/152/246 625/367/549
f 540/344/550 518/346/550 558/368/550
f 466/369/551 696/370/551 560/371/551
f 565/352/552 566/372/552 547/306/552
f 488/293/553 383/227/490 544/324/490
f 489/294/554 319/189/554 600/295/554
f 450/260/555 522/326/555 521/325/555
f 522/326/556 469/283/556 564/373/556
f 394/229/557 412/242/557 546/351/557
f 412/242/558 395/237/558 572/374/558
f 546/351/559 412/242/559 572/374/559
f 569/354/560 570/375/560 548/356/560
f 601/376/561 434/262/562 571/377/563
f 434/262/562 410/259/564 571/377/563
f 607/378/565 565/352/565 552/310/565
f 607/378/566 552/310/566 574/379/566
f 474/279/567 555/360/567 614/380/567
f 555/360/568 509/319/568 614/380/568
f 386/231/569 579/381/569 502/305/569
f 494/362/570 554/361/570 581/382/570
f 509/319/571 556/365/571 618/383/571
f 534/337/572 533/336/573 662/384/574
f 533/336/575 493/280/575 580/385/575
f 493/280/576 514/321/576 580/385/576
f 514/321/577 583/366/577 582/386/577
f 402/241/578 274/143/234 586/387/579
f 589/388/580 562/389/580 592/390/580
f 589/388/581 590/391/581 562/389/581
f 590/391/582 593/392/582 562/389/582
f 593/392/583 591/393/583 599/394/583
f 593/392/584 598/395/584 562/389/584
f 593/392/585 595/396/585 598/395/585
f 595/396/586 593/392/586 599/394/586
f 596/397/587 566/372/587 565/352/587
f 520/398/588 543/348/588 597/399/588
f 596/397/589 565/352/589 638/400/589
f 318/187/522 701/401/590 751/349/523
f 489/294/591 600/295/591 544/324/591
f 543/348/592 545/350/592 597/399/592
f 376/222/593 601/376/593 452/261/593
f 376/222/594 434/262/594 601/376/594
f 595/396/595 599/394/595 603/402/595
f 599/394/596 639/403/596 603/402/596
f 572/374/597 395/237/597 502/305/597
f 550/404/598 562/389/598 606/405/598
f 562/389/599 598/395/599 606/405/599
f 638/400/600 565/352/601 607/378/602
f 551/355/603 548/356/603 604/406/603
f 598/395/604 609/407/604 608/408/604
f 598/395/605 595/396/605 609/407/605
f 595/396/606 603/402/606 609/407/606
f 503/311/607 553/409/607 610/410/607
f 598/395/608 608/408/608 606/405/608
f 552/310/609 578/335/609 574/379/609
f 578/335/610 474/279/610 614/380/610
f 608/408/611 617/411/611 606/405/611
f 614/380/612 509/319/612 618/383/612
f 615/364/613 534/337/572 662/384/574
f 554/361/614 616/412/614 619/413/614
f 581/382/615 554/361/615 619/413/615
f 550/404/616 606/405/616 557/414/616
f 662/384/617 533/336/617 620/415/617
f 533/336/618 580/385/618 620/415/618
f 579/381/619 386/231/619 479/289/619
f 580/385/620 582/386/620 620/415/620
f 582/386/621 535/339/621 581/382/621
f 557/414/622 606/405/622 622/416/622
f 606/405/623 617/411/623 622/416/623
f 557/414/624 622/416/624 624/417/624
f 540/344/625 558/368/625 627/418/625
f 371/218/626 485/292/627 484/291/628
f 591/393/629 629/419/630 639/403/631
f 640/420/632 629/419/633 631/421/634
f 632/422/635 635/423/635 638/400/635
f 635/423/636 636/424/636 596/397/636
f 599/394/637 591/393/629 639/403/631
f 639/403/638 629/419/638 640/420/638
f 631/421/634 632/422/639 638/400/640
f 635/423/641 596/397/641 638/400/641
f 631/421/634 638/400/640 640/420/632
f 318/187/642 488/293/642 701/401/642
f 521/325/643 522/326/643 641/425/643
f 433/271/644 501/304/644 545/350/644
f 568/426/645 567/353/645 644/427/645
f 569/354/646 602/428/647 645/429/648
f 413/243/649 452/261/649 646/430/649
f 639/403/650 640/420/650 648/431/650
f 640/420/651 638/400/651 648/431/651
f 648/431/652 638/400/652 649/432/652
f 572/374/653 502/305/653 647/433/653
f 603/402/654 639/403/654 651/434/654
f 639/403/655 648/431/655 651/434/655
f 649/432/656 638/400/656 688/435/656
f 638/400/600 607/378/602 688/435/657
f 609/407/658 655/436/658 654/437/658
f 609/407/659 603/402/659 655/436/659
f 609/407/660 654/437/660 658/438/660
f 553/409/661 612/439/661 610/410/661
f 608/408/662 609/407/662 657/440/662
f 657/440/663 609/407/663 658/438/663
f 612/439/664 577/441/664 611/442/664
f 502/305/665 579/381/665 647/433/665
f 617/411/666 608/408/666 657/440/666
f 614/380/667 618/383/667 659/443/667
f 617/411/668 657/440/668 664/444/668
f 618/383/669 556/365/669 663/445/669
f 531/359/670 465/300/670 621/446/670
f 619/413/671 616/412/671 666/447/671
f 581/382/672 619/413/672 665/448/672
f 619/413/673 666/447/673 665/448/673
f 617/411/674 664/444/674 622/416/674
f 622/416/675 664/444/675 667/449/675
f 465/300/676 402/241/676 670/450/676
f 537/177/280 256/135/223 671/225/342
f 558/368/677 518/346/677 627/418/677
f 627/418/678 518/346/678 675/451/678
f 518/346/679 561/452/679 675/451/679
f 410/259/680 751/349/680 571/377/680
f 501/304/681 546/351/681 683/453/681
f 546/351/682 642/454/682 683/453/682
f 572/374/683 647/433/683 642/454/683
f 648/431/684 649/432/684 685/455/684
f 685/455/685 649/432/685 688/435/685
f 449/358/686 531/359/686 676/456/686
f 653/457/687 651/434/687 648/431/687
f 603/402/688 689/458/688 655/436/688
f 603/402/689 651/434/689 689/458/689
f 651/434/690 653/457/690 689/458/690
f 574/379/691 690/459/691 706/460/691
f 574/379/692 578/335/692 690/459/692
f 578/335/693 614/380/693 690/459/693
f 690/459/694 614/380/694 659/443/694
f 647/433/695 579/381/695 687/461/695
f 657/440/696 658/438/696 692/462/696
f 615/364/697 662/384/697 660/463/697
f 579/381/698 479/289/698 691/464/698
f 620/415/699 581/382/699 665/448/699
f 516/322/700 517/341/700 778/465/700
f 402/241/578 586/387/579 670/450/701
f 274/143/234 625/367/549 586/387/579
f 540/344/702 627/418/702 742/466/702
f 484/291/628 485/292/627 695/467/703
f 594/468/704 597/399/704 700/469/704
f 545/350/705 501/304/706 702/470/707
f 501/304/708 683/453/708 682/471/708
f 653/457/709 648/431/710 704/472/711
f 704/472/711 648/431/710 705/473/712
f 648/431/713 685/455/714 705/473/715
f 685/455/716 688/435/716 734/474/716
f 688/435/717 607/378/717 706/460/717
f 607/378/718 574/379/718 706/460/718
f 660/463/719 662/384/719 737/475/719
f 687/461/720 691/464/720 709/476/720
f 621/446/721 465/300/721 670/450/721
f 624/417/722 622/416/722 667/449/722
f 626/234/723 496/257/723 714/477/723
f 539/343/724 538/342/725 715/478/726
f 701/401/727 488/293/727 752/479/727
f 784/480/728 411/228/394 521/325/492
f 521/325/729 641/425/729 724/481/729
f 597/399/730 545/350/730 700/469/730
f 700/469/731 545/350/731 785/482/731
f 685/455/714 734/474/732 705/473/715
f 659/443/733 660/463/733 737/475/733
f 662/384/734 620/415/735 739/483/736
f 691/464/737 479/289/737 740/484/737
f 625/367/549 330/152/246 741/485/738
f 302/144/235 537/177/280 330/152/246
f 718/486/739 745/487/739 719/488/739
f 745/487/740 746/489/741 719/488/742
f 746/489/741 747/490/743 719/488/742
f 719/488/744 747/490/744 720/491/744
f 747/490/745 748/492/745 720/491/745
f 720/491/746 750/493/746 723/494/746
f 600/295/458 411/228/457 784/480/747
f 501/304/706 682/471/748 702/470/707
f 683/453/749 642/454/749 725/495/749
f 723/494/750 750/493/750 733/496/750
f 729/497/751 730/498/751 725/495/751
f 730/498/752 703/499/752 758/500/752
f 758/500/753 703/499/753 760/501/753
f 790/502/754 689/458/754 759/503/754
f 709/476/755 691/464/755 740/484/755
f 621/446/756 736/504/757 531/359/758
f 665/448/759 666/447/759 763/505/759
f 479/289/760 764/506/760 740/484/760
f 479/289/761 516/322/761 764/506/761
f 742/466/762 627/418/762 765/507/762
f 745/487/763 768/508/764 746/489/765
f 724/481/766 641/425/767 753/509/768
f 545/350/769 702/470/770 785/482/771
f 682/471/772 683/453/772 769/510/772
f 683/453/773 725/495/773 769/510/773
f 646/430/774 452/261/774 771/511/774
f 704/472/775 705/473/775 774/512/775
f 655/436/776 689/458/776 790/502/776
f 689/458/777 653/457/778 759/503/779
f 688/435/780 706/460/780 789/513/780
f 690/459/781 659/443/782 777/514/783
f 620/415/784 665/448/784 739/483/784
f 665/448/785 763/505/785 957/515/785
f 764/506/786 516/322/786 778/465/786
f 765/507/787 627/418/787 780/516/787
f 627/418/788 675/451/788 780/516/788
f 768/508/764 782/517/789 746/489/765
f 782/517/789 747/490/790 746/489/765
f 720/491/791 783/518/791 750/493/791
f 594/468/792 700/469/792 803/519/792
f 700/469/793 785/482/793 803/519/793
f 848/520/794 600/295/458 784/480/747
f 750/493/795 783/518/795 733/496/795
f 783/518/796 878/521/796 733/496/796
f 730/498/797 758/500/797 787/522/797
f 676/456/798 531/359/758 736/504/757
f 654/437/799 655/436/799 790/502/799
f 789/513/800 706/460/800 777/514/800
f 706/460/801 690/459/781 777/514/783
f 777/514/802 659/443/802 737/475/802
f 709/476/803 792/523/803 791/524/803
f 709/476/804 740/484/804 792/523/804
f 624/417/805 667/449/805 958/525/805
f 715/478/726 538/342/725 797/526/806
f 675/451/807 588/527/807 800/528/807
f 717/529/808 635/423/808 801/530/808
f 718/486/809 804/531/809 745/487/809
f 804/531/810 768/508/810 745/487/810
f 769/510/811 725/495/811 805/532/811
f 725/495/812 787/522/812 805/532/812
f 452/261/813 601/376/814 771/511/815
f 601/376/814 806/533/816 771/511/815
f 601/376/561 571/377/563 806/533/817
f 725/495/818 730/498/818 787/522/818
f 653/457/819 704/472/820 857/534/821
f 857/534/821 704/472/820 788/535/822
f 705/473/823 734/474/823 807/536/823
f 807/536/824 734/474/824 688/435/824
f 688/435/825 789/513/825 808/537/825
f 708/538/826 709/476/826 791/524/826
f 662/384/734 739/483/736 737/475/827
f 740/484/828 764/506/828 792/523/828
f 330/152/246 537/177/280 1187/539/829
f 626/234/830 714/477/830 811/540/830
f 797/526/831 765/507/831 812/541/831
f 765/507/832 780/516/833 812/541/834
f 780/516/835 675/451/835 816/542/835
f 675/451/836 800/528/836 816/542/836
f 747/490/790 821/543/837 748/492/838
f 748/492/839 821/543/839 720/491/839
f 821/543/840 822/544/840 720/491/840
f 720/491/841 822/544/841 783/518/841
f 488/293/842 544/324/843 824/545/844
f 682/471/845 769/510/845 826/546/845
f 758/500/846 830/547/846 787/522/846
f 705/473/847 807/536/847 774/512/847
f 758/500/848 760/501/848 830/547/848
f 830/547/849 760/501/849 832/548/849
f 761/549/850 654/437/850 833/550/850
f 791/524/851 792/523/851 835/551/851
f 792/523/852 764/506/852 838/552/852
f 795/553/853 624/417/853 958/525/853
f 779/290/854 484/291/854 796/554/854
f 484/291/855 695/467/855 840/555/855
f 695/467/856 815/556/856 840/555/856
f 840/555/857 815/556/857 841/557/857
f 782/517/789 821/543/837 747/490/790
f 803/519/858 785/482/858 937/558/858
f 571/377/859 751/349/859 806/533/859
f 752/479/860 488/293/860 847/559/860
f 544/324/861 600/295/861 848/520/861
f 785/482/771 702/470/770 825/560/862
f 702/470/863 682/471/863 850/561/863
f 682/471/864 851/562/864 850/561/864
f 826/546/865 769/510/865 852/563/865
f 769/510/866 805/532/866 852/563/866
f 753/509/768 827/564/867 724/481/766
f 759/503/779 653/457/778 857/534/868
f 704/472/869 774/512/869 788/535/869
f 807/536/870 688/435/870 808/537/870
f 790/502/871 759/503/871 858/565/871
f 654/437/872 790/502/872 833/550/872
f 789/513/873 777/514/873 881/566/873
f 791/524/874 835/551/874 859/567/874
f 884/568/875 737/475/875 885/569/875
f 885/569/876 737/475/877 861/570/878
f 737/475/877 739/483/879 861/570/878
f 665/448/880 957/515/880 739/483/880
f 621/446/881 670/450/881 862/571/881
f 804/531/882 867/572/882 768/508/882
f 804/531/883 868/573/883 867/572/883
f 868/573/884 869/574/885 867/572/886
f 768/508/887 867/572/887 782/517/887
f 782/517/887 867/572/887 821/543/887
f 869/574/885 870/575/888 867/572/886
f 867/572/889 822/544/889 821/543/889
f 867/572/890 870/575/890 822/544/890
f 822/544/891 870/575/891 783/518/891
f 804/531/892 873/576/892 868/573/892
f 873/576/893 874/577/894 868/573/893
f 868/573/893 874/577/894 869/574/895
f 869/574/895 874/577/894 870/575/896
f 874/577/894 875/578/897 870/575/896
f 488/293/898 824/545/898 847/559/898
f 544/324/843 848/520/899 824/545/844
f 937/558/900 785/482/900 828/579/900
f 785/482/771 825/560/862 828/579/901
f 825/560/902 702/470/902 849/580/902
f 702/470/903 850/561/903 849/580/903
f 682/471/904 826/546/904 851/562/904
f 804/531/905 855/581/905 873/576/905
f 873/576/906 855/581/907 874/577/908
f 855/581/907 877/582/909 874/577/908
f 874/577/910 877/582/910 875/578/910
f 877/582/911 878/521/911 875/578/911
f 783/518/912 870/575/912 878/521/912
f 875/578/913 878/521/913 870/575/913
f 852/563/914 805/532/914 876/583/914
f 852/563/915 876/583/915 879/584/915
f 879/584/916 876/583/916 880/585/916
f 805/532/917 787/522/917 876/583/917
f 876/583/918 787/522/918 830/547/918
f 880/585/919 830/547/919 832/548/919
f 789/513/920 881/566/920 808/537/920
f 896/586/921 880/585/921 832/548/921
f 881/566/922 777/514/922 883/587/922
f 676/456/923 736/504/923 882/588/923
f 777/514/924 737/475/924 883/587/924
f 883/587/925 737/475/925 884/568/925
f 763/505/926 794/589/926 957/515/926
f 838/552/927 778/465/927 809/590/927
f 796/554/928 484/291/928 888/591/928
f 840/555/929 841/557/929 817/592/929
f 676/456/930 871/593/930 843/594/930
f 751/349/931 701/401/932 1060/595/933
f 784/480/728 521/325/492 890/596/934
f 521/325/935 724/481/935 890/596/935
f 851/562/936 826/546/936 908/597/936
f 872/598/937 853/599/937 891/600/937
f 826/546/938 852/563/938 879/584/938
f 853/599/939 854/601/939 891/600/939
f 879/584/940 880/585/940 893/602/940
f 876/583/941 830/547/941 880/585/941
f 893/602/942 880/585/942 896/586/942
f 893/602/943 896/586/943 859/567/943
f 893/602/944 835/551/945 898/603/946
f 835/551/945 792/523/947 898/603/946
f 861/570/948 739/483/949 925/604/950
f 926/605/951 736/504/951 621/446/951
f 792/523/952 838/552/952 898/603/952
f 958/525/953 667/449/953 810/606/953
f 330/152/246 1187/539/829 741/485/738
f 626/234/954 811/540/954 902/607/954
f 888/591/955 484/291/955 904/608/955
f 484/291/956 840/555/956 904/608/956
f 816/542/957 800/528/957 818/609/957
f 846/610/958 907/611/958 911/612/958
f 908/597/959 826/546/959 910/613/959
f 826/546/960 879/584/960 910/613/960
f 846/610/961 911/612/961 892/614/961
f 911/612/962 909/615/962 892/614/962
f 909/615/963 912/616/963 892/614/963
f 892/614/964 912/616/964 916/617/964
f 912/616/965 913/618/965 916/617/965
f 910/613/966 879/584/966 917/619/966
f 892/614/967 916/617/967 894/620/967
f 917/619/968 879/584/968 893/602/968
f 857/534/969 788/535/969 774/512/969
f 807/536/970 808/537/970 915/621/970
f 808/537/971 881/566/971 915/621/971
f 676/456/972 882/588/972 871/593/972
f 858/565/973 759/503/973 857/534/973
f 833/550/974 790/502/974 858/565/974
f 882/588/975 736/504/975 926/605/975
f 898/603/976 838/552/976 927/622/976
f 838/552/977 809/590/977 927/622/977
f 621/446/978 862/571/978 926/605/978
f 715/478/979 797/526/979 930/623/979
f 797/526/980 812/541/980 930/623/980
f 796/554/981 888/591/981 931/624/981
f 812/541/834 780/516/833 930/623/982
f 840/555/983 817/592/983 904/608/983
f 780/516/984 816/542/984 933/625/984
f 816/542/985 818/609/985 933/625/985
f 806/533/986 751/349/931 1060/595/933
f 848/520/794 784/480/747 1016/626/987
f 849/580/988 850/561/988 942/627/988
f 850/561/989 851/562/989 942/627/989
f 942/627/990 851/562/990 908/597/990
f 946/628/991 807/536/991 914/629/991
f 857/534/992 774/512/992 946/628/992
f 916/617/993 944/630/993 894/620/993
f 881/566/994 883/587/994 981/631/994
f 919/632/995 947/633/995 920/634/995
f 947/633/996 918/635/996 920/634/996
f 920/634/997 983/636/997 949/637/997
f 983/636/998 948/638/998 949/637/998
f 834/639/999 833/550/999 921/640/999
f 883/587/1000 884/568/1000 951/641/1000
f 951/641/1001 884/568/1001 922/642/1001
f 922/642/1002 884/568/1002 885/569/1002
f 922/642/1003 885/569/1003 953/643/1003
f 953/643/1004 885/569/1004 924/644/1004
f 893/602/1005 898/603/1005 917/619/1005
f 953/643/1006 924/644/1006 954/645/1006
f 924/644/1007 885/569/1007 955/646/1007
f 898/603/1008 950/647/1008 917/619/1008
f 887/648/1009 921/640/1009 987/649/1009
f 924/644/1010 955/646/1010 954/645/1010
f 739/483/949 956/650/1011 925/604/950
f 739/483/1012 957/515/1012 956/650/1012
f 898/603/1013 927/622/1013 950/647/1013
f 958/525/1014 810/606/1014 928/651/1014
f 930/623/1015 780/516/1015 961/652/1015
f 800/528/1016 1013/653/1016 962/654/1017
f 780/516/1018 933/625/1018 961/652/1018
f 767/655/1019 803/519/1019 995/656/1019
f 937/558/1020 828/579/1020 968/657/1020
f 909/615/1021 911/612/1021 974/658/1021
f 771/511/1022 806/533/1022 975/659/1022
f 724/481/1023 827/564/1023 976/660/1023
f 827/564/1024 941/661/1024 976/660/1024
f 910/613/1025 917/619/1025 1022/662/1025
f 917/619/1026 950/647/1026 1022/662/1026
f 949/637/1027 948/638/1027 986/663/1027
f 885/569/1028 861/570/1028 989/664/1028
f 861/570/1029 925/604/1029 1030/665/1029
f 670/450/1030 586/387/1031 1012/666/1032
f 803/519/1033 937/558/1033 994/667/1033
f 803/519/1034 994/667/1034 995/656/1034
f 784/480/1035 890/596/1035 1040/668/1035
f 937/558/1036 968/657/1036 994/667/1036
f 908/597/1037 969/669/1037 942/627/1037
f 974/658/1038 911/612/1038 997/670/1038
f 828/579/1039 825/560/1039 968/657/1039
f 908/597/1040 910/613/1040 969/669/1040
f 881/566/1041 981/631/1041 979/671/1041
f 918/635/1042 947/633/1042 998/672/1042
f 983/636/1043 985/673/1043 982/674/1043
f 922/642/1044 1000/675/1044 951/641/1044
f 922/642/1045 953/643/1045 1002/676/1045
f 953/643/1046 954/645/1046 1002/676/1046
f 861/570/1047 1030/665/1047 989/664/1047
f 954/645/1048 955/646/1048 1004/677/1048
f 925/604/1049 1057/678/1049 1030/665/1049
f 925/604/1050 956/650/1050 1006/679/1050
f 862/571/1051 670/450/1051 1012/666/1051
f 586/387/579 625/367/549 959/680/1052
f 961/652/1053 993/681/1053 930/623/1053
f 904/608/1054 905/682/1054 888/591/1054
f 961/652/1055 933/625/1055 993/681/1055
f 1039/683/1056 994/667/1056 1017/684/1056
f 824/545/1057 848/520/1057 1016/626/1057
f 1016/626/1058 784/480/1059 1040/668/1060
f 724/481/1061 976/660/1062 890/596/1063
f 994/667/1064 968/657/1064 1017/684/1064
f 825/560/1065 849/580/1065 942/627/1065
f 969/669/1066 910/613/1066 1018/685/1066
f 910/613/1067 1022/662/1067 1018/685/1067
f 1024/686/1068 982/674/1068 998/672/1068
f 983/636/1069 982/674/1069 1024/686/1069
f 981/631/1070 883/587/1070 1025/687/1070
f 883/587/1071 1026/688/1071 1025/687/1071
f 883/587/1072 951/641/1072 1026/688/1072
f 922/642/1073 1002/676/1073 1000/675/1073
f 1002/676/1074 954/645/1074 1031/689/1074
f 1003/690/1075 897/691/1075 1027/692/1075
f 954/645/1076 1004/677/1076 1031/689/1076
f 1004/677/1077 955/646/1077 1029/693/1077
f 925/604/1078 1006/679/1078 1032/694/1078
f 625/367/549 741/485/738 959/680/1052
f 1187/539/829 537/177/280 1034/695/1079
f 888/591/1080 905/682/1080 1036/696/1080
f 1039/683/1081 1017/684/1081 1061/697/1081
f 701/401/1082 752/479/1082 847/559/1082
f 941/661/1083 966/698/1083 1041/699/1083
f 1061/697/1084 1017/684/1084 1044/700/1084
f 942/627/1085 1043/701/1085 1042/702/1085
f 942/627/1086 969/669/1087 1043/701/1088
f 825/560/1089 942/627/1089 1042/702/1089
f 979/671/1090 981/631/1090 1025/687/1090
f 1023/703/1091 1001/704/1091 999/705/1091
f 951/641/1092 1053/706/1093 1026/688/1094
f 951/641/1095 1000/675/1095 1053/706/1095
f 1068/707/1096 1002/676/1096 1031/689/1096
f 989/664/1097 1055/708/1097 1029/693/1097
f 989/664/1098 1030/665/1098 1055/708/1098
f 1003/690/1099 1058/709/1100 1032/694/1101
f 950/647/1102 927/622/1102 1028/710/1102
f 1059/711/1103 1039/683/1104 1061/697/1105
f 969/669/1106 1018/685/1106 1076/712/1106
f 806/533/1107 1060/595/1108 1062/713/1109
f 941/661/1110 1041/699/1110 976/660/1110
f 1017/684/1111 968/657/1111 1044/700/1111
f 968/657/1112 825/560/1112 1077/714/1112
f 1019/715/1113 1025/687/1113 1063/716/1113
f 1022/662/1114 950/647/1115 1028/710/1116
f 1025/687/1117 1026/688/1117 1052/717/1117
f 1051/718/1118 1066/719/1118 1054/720/1118
f 1051/718/1119 1056/721/1119 1066/719/1119
f 1002/676/1120 1068/707/1120 1000/675/1120
f 1029/693/1121 1055/708/1121 1070/722/1121
f 1057/678/1122 925/604/1122 1071/723/1122
f 1032/694/1123 1058/709/1123 1091/724/1123
f 927/622/1124 809/590/1124 1094/725/1124
f 1037/726/1125 1074/727/1126 1075/728/1127
f 890/596/1063 976/660/1062 1121/729/1128
f 1041/699/1129 1037/726/1125 1075/728/1127
f 1100/730/1130 1059/711/1103 1061/697/1105
f 975/659/1131 806/533/1132 1062/713/1133
f 1041/699/1134 1075/728/1134 976/660/1134
f 1044/700/1135 968/657/1135 1077/714/1135
f 1077/714/1136 825/560/1137 1078/731/1138
f 1063/716/1139 1025/687/1139 1079/732/1139
f 1000/675/1140 1084/733/1140 1053/706/1140
f 1000/675/1141 1068/707/1141 1084/733/1141
f 1056/721/1142 1057/678/1142 1087/734/1142
f 1057/678/1143 1071/723/1143 1087/734/1143
f 1031/689/1144 1086/735/1144 1068/707/1144
f 1029/693/1145 1070/722/1145 1069/736/1145
f 1071/723/1146 925/604/1146 1089/737/1146
f 925/604/1147 1032/694/1147 1089/737/1147
f 1074/727/1148 1099/738/1148 1075/728/1148
f 1040/668/1149 890/596/1149 1121/729/1149
f 1100/730/1130 1061/697/1105 1104/739/1150
f 1043/701/1088 969/669/1087 1076/712/1151
f 1102/740/1152 976/660/1153 1075/728/1154
f 1104/739/1155 1061/697/1155 1044/700/1155
f 825/560/1156 1042/702/1156 1078/731/1156
f 1018/685/1157 1022/662/1157 1130/741/1157
f 1079/732/1158 1025/687/1158 1052/717/1158
f 1053/706/1159 1084/733/1159 1107/742/1159
f 1066/719/1160 1056/721/1160 1083/743/1160
f 1056/721/1161 1087/734/1161 1083/743/1161
f 1071/723/1162 1111/744/1162 1087/734/1162
f 1071/723/1163 1089/737/1163 1111/744/1163
f 927/622/1164 1094/725/1164 1028/710/1164
f 1032/694/1165 1091/724/1165 1089/737/1165
f 537/177/280 1096/745/1166 1034/695/1167
f 537/177/280 671/225/342 1096/745/1166
f 626/234/358 902/607/1168 1173/746/1169
f 888/591/1170 1036/696/1170 1115/747/1170
f 843/594/1171 871/593/1171 1116/748/1171
f 1099/738/1172 1074/727/1172 1118/749/1172
f 1099/738/1173 1118/749/1173 1122/750/1173
f 1118/749/1174 1100/730/1174 1122/750/1174
f 701/401/1175 847/559/1175 1119/751/1175
f 824/545/1176 1016/626/1176 1120/752/1176
f 976/660/1177 1102/740/1177 1121/729/1177
f 1099/738/1178 1122/750/1178 1103/753/1178
f 1122/750/1179 1100/730/1179 1104/739/1179
f 646/430/1180 771/511/1181 1101/754/1182
f 771/511/1183 975/659/1183 1101/754/1183
f 1076/712/1184 1018/685/1184 1130/741/1184
f 871/593/1185 882/588/1185 1116/748/1185
f 1053/706/1186 1107/742/1186 1124/755/1186
f 1026/688/1094 1053/706/1093 1125/756/1187
f 1086/735/1188 1069/736/1188 1137/757/1188
f 1069/736/1189 1070/722/1190 1108/758/1189
f 1069/736/1189 1108/758/1189 1137/757/1191
f 1146/759/1192 926/605/1192 1012/666/1192
f 1089/737/1193 1091/724/1193 1141/760/1193
f 926/605/1194 862/571/1194 1012/666/1194
f 1012/666/1032 586/387/1031 1095/761/1195
f 847/559/1196 824/545/1196 1129/762/1196
f 975/659/1131 1062/713/1133 1101/754/1197
f 1103/753/1198 1122/750/1198 1104/739/1198
f 1042/702/1199 1043/701/1199 1078/731/1199
f 1130/741/1200 1022/662/1114 1028/710/1116
f 1079/732/1201 1052/717/1201 1132/763/1201
f 1052/717/1202 1133/764/1202 1132/763/1202
f 1052/717/1203 1026/688/1203 1133/764/1203
f 1065/765/1204 1082/766/1204 1134/767/1204
f 1026/688/1205 1125/756/1205 1133/764/1205
f 1082/766/1206 1085/768/1206 1148/769/1206
f 1086/735/1207 1137/757/1207 1136/770/1207
f 1111/744/1208 1089/737/1208 1164/771/1208
f 1028/710/1209 1094/725/1209 1140/772/1209
f 1089/737/1210 1141/760/1210 1164/771/1210
f 1141/760/1211 1091/724/1211 1153/773/1211
f 586/387/1031 959/680/1212 1095/761/1195
f 1036/696/1213 1128/774/1213 1115/747/1213
f 701/401/1214 1119/751/1214 1215/775/1214
f 847/559/1215 1129/762/1215 1119/751/1215
f 646/430/1180 1101/754/1182 1123/776/1216
f 1075/728/1154 1144/777/1217 1102/740/1152
f 1075/728/1218 1103/753/1218 1144/777/1218
f 1104/739/1219 1044/700/1219 1160/778/1219
f 1044/700/1220 1077/714/1220 1160/778/1220
f 1043/701/1221 1145/779/1222 1078/731/1223
f 1116/748/1224 882/588/1225 1146/759/1226
f 882/588/1225 926/605/1227 1146/759/1226
f 1136/770/1228 1137/757/1228 1149/780/1228
f 1138/781/1229 1087/734/1229 1152/782/1229
f 1137/757/1230 1108/758/1230 1151/783/1230
f 1087/734/1231 1111/744/1231 1152/782/1231
f 1094/725/1232 1092/784/1232 1195/785/1232
f 1043/701/1233 1076/712/1234 1145/779/1235
f 1103/753/1236 1104/739/1236 1144/777/1236
f 1104/739/1237 1160/778/1237 1144/777/1237
f 1077/714/1136 1078/731/1138 1160/778/1238
f 1130/741/1239 1028/710/1239 1169/786/1239
f 1148/769/1240 1085/768/1240 1136/770/1240
f 1028/710/1241 1140/772/1241 1169/786/1241
f 1137/757/1242 1151/783/1242 1149/780/1242
f 1141/760/1243 1153/773/1243 1164/771/1243
f 1094/725/1244 1195/785/1244 1140/772/1244
f 824/545/1245 1120/752/1246 1129/762/1247
f 1120/752/1246 1167/787/1248 1129/762/1247
f 1076/712/1249 1130/741/1249 1168/788/1249
f 1132/763/1250 1133/764/1250 1161/789/1250
f 1133/764/1251 1125/756/1251 1171/790/1251
f 1148/769/1252 1136/770/1252 1170/791/1252
f 1120/752/1253 1016/626/1253 1189/792/1253
f 1123/776/1254 1101/754/1254 1177/793/1254
f 1144/777/1255 1160/778/1255 1178/794/1255
f 1161/789/1256 1133/764/1256 1182/795/1256
f 1182/795/1257 1133/764/1257 1183/796/1257
f 1183/796/1258 1133/764/1258 1184/797/1258
f 1133/764/1259 1171/790/1259 1184/797/1259
f 1151/783/1260 1194/798/1260 1149/780/1260
f 1209/799/1261 1012/666/1262 1095/761/1263
f 1129/762/1264 1167/787/1264 1188/800/1264
f 1167/787/1265 1120/752/1265 1189/792/1265
f 1102/740/1266 1144/777/1266 1121/729/1266
f 1170/791/1267 1136/770/1267 1185/801/1267
f 1184/797/1268 1171/790/1268 1193/802/1268
f 1136/770/1269 1149/780/1269 1205/803/1269
f 1149/780/1270 1194/798/1270 1205/803/1270
f 701/401/1271 1215/775/1271 1060/595/1271
f 1119/751/1272 1129/762/1272 1216/804/1272
f 1016/626/1058 1040/668/1060 1189/792/1273
f 1145/779/1235 1076/712/1234 1200/805/1274
f 1076/712/1275 1168/788/1275 1200/805/1275
f 1121/729/1276 1201/806/1277 1040/668/1278
f 1168/788/1279 1130/741/1279 1218/807/1279
f 1116/748/1280 1146/759/1280 1211/808/1280
f 1185/801/1281 1136/770/1281 1205/803/1281
f 1195/785/1282 1208/809/1282 1222/810/1282
f 626/234/358 1173/746/1169 1298/811/1283
f 1115/747/1284 1128/774/1284 1210/812/1284
f 1216/804/1285 1129/762/1285 1188/800/1285
f 1101/754/1197 1062/713/1133 1217/813/1286
f 1200/805/1287 1168/788/1287 1218/807/1287
f 1130/741/1288 1169/786/1288 1218/807/1288
f 1169/786/1289 1140/772/1290 1220/814/1291
f 1140/772/1290 1222/810/1292 1220/814/1291
f 1146/759/1293 1012/666/1293 1221/815/1293
f 1140/772/1294 1195/785/1294 1222/810/1294
f 1012/666/1295 1209/799/1295 1221/815/1295
f 1187/539/829 1034/695/1079 1237/816/1296
f 671/225/342 626/234/358 1298/811/1283
f 1128/774/1297 1212/817/1297 1210/812/1297
f 1119/751/1298 1216/804/1298 1215/775/1298
f 1121/729/1276 1144/777/1299 1201/806/1277
f 1144/777/1300 1178/794/1300 1224/818/1300
f 1178/794/1301 1160/778/1301 1224/818/1301
f 1211/808/1302 1146/759/1302 1221/815/1302
f 1222/810/1303 1208/809/1303 1247/819/1303
f 1173/746/1304 1207/820/1304 1246/821/1304
f 1062/713/1133 1230/822/1305 1217/813/1286
f 1062/713/1109 1060/595/1108 1230/822/1306
f 1188/800/1307 1167/787/1307 1189/792/1307
f 1189/792/1273 1040/668/1060 1231/823/1308
f 1040/668/1278 1201/806/1277 1231/823/1309
f 1160/778/1310 1078/731/1223 1242/824/1311
f 1078/731/1223 1145/779/1222 1242/824/1311
f 1169/786/1312 1220/814/1312 1218/807/1312
f 1220/814/1313 1222/810/1313 1232/825/1313
f 1232/825/1314 1222/810/1314 1247/819/1314
f 1247/819/1315 1208/809/1315 1235/826/1315
f 1209/799/1261 1095/761/1263 1257/827/1316
f 1230/822/1317 1060/595/1318 1215/775/1319
f 1177/793/1320 1101/754/1320 1241/828/1320
f 1216/804/1321 1188/800/1322 1239/829/1323
f 1188/800/1322 1189/792/1324 1239/829/1323
f 1144/777/1325 1224/818/1325 1201/806/1325
f 1160/778/1310 1242/824/1311 1224/818/1326
f 1200/805/1327 1218/807/1327 1243/830/1327
f 1211/808/1328 1221/815/1329 1245/831/1330
f 1187/539/829 1237/816/1296 1252/832/1331
f 1034/695/1332 1096/745/1332 1226/833/1332
f 1230/822/1317 1215/775/1319 1254/834/1333
f 1177/793/1334 1241/828/1334 1240/835/1334
f 1215/775/1335 1216/804/1321 1239/829/1323
f 1145/779/1336 1255/836/1336 1242/824/1336
f 1145/779/1337 1200/805/1337 1255/836/1337
f 1218/807/1338 1220/814/1338 1243/830/1338
f 1211/808/1328 1245/831/1330 1260/837/1339
f 1221/815/1340 1209/799/1341 1257/827/1342
f 1232/825/1343 1247/819/1344 1266/838/1345
f 1267/839/1346 1266/838/1347 1235/826/1348
f 741/485/1349 1187/539/1350 1252/832/1351
f 1173/746/1352 1246/821/1352 1298/811/1352
f 1241/828/1353 1101/754/1353 1262/840/1353
f 1101/754/1354 1217/813/1355 1262/840/1356
f 1269/841/1357 1201/806/1357 1270/842/1357
f 1263/843/1358 1201/806/1359 1224/818/1360
f 1255/836/1361 1200/805/1361 1243/830/1361
f 1243/830/1362 1220/814/1362 1264/844/1362
f 1264/844/1363 1220/814/1363 1265/845/1363
f 1220/814/1364 1232/825/1364 1265/845/1364
f 959/680/1212 741/485/1349 1251/846/1365
f 1096/745/1166 671/225/342 1298/811/1283
f 1215/775/1366 1239/829/1366 1254/834/1366
f 1240/835/1367 1241/828/1367 1271/847/1367
f 1239/829/1368 1189/792/1369 1286/848/1370
f 1201/806/1371 1269/841/1371 1272/849/1371
f 1201/806/1372 1263/843/1372 1270/842/1372
f 1255/836/1373 1243/830/1373 1273/850/1373
f 1273/850/1374 1243/830/1374 1264/844/1374
f 1315/851/1375 1264/844/1375 1265/845/1375
f 1095/761/1195 959/680/1212 1284/852/1376
f 1269/841/1377 1270/842/1377 1291/853/1377
f 1291/853/1378 1270/842/1378 1279/854/1378
f 1270/842/1379 1263/843/1379 1279/854/1379
f 1273/850/1380 1264/844/1381 1315/851/1382
f 1300/855/1383 1265/845/1383 1266/838/1383
f 1297/856/1384 1302/857/1384 1282/858/1384
f 1297/856/1385 1282/858/1385 1249/859/1385
f 1251/846/1365 741/485/1349 1252/832/1351
f 1239/829/1386 1286/848/1386 1254/834/1386
f 1231/823/1387 1201/806/1387 1272/849/1387
f 1272/849/1388 1269/841/1388 1291/853/1388
f 1279/854/1389 1263/843/1389 1288/860/1389
f 1224/818/1360 1280/861/1390 1263/843/1358
f 1224/818/1360 1242/824/1391 1280/861/1390
f 1242/824/1392 1255/836/1392 1310/862/1392
f 1255/836/1393 1273/850/1393 1289/863/1393
f 1291/853/1394 1279/854/1394 1293/864/1394
f 1279/854/1395 1288/860/1396 1294/865/1397
f 1293/864/1398 1279/854/1398 1295/866/1398
f 1295/866/1399 1279/854/1395 1294/865/1397
f 1294/865/1400 1288/860/1400 1296/867/1400
f 1293/864/1401 1295/866/1401 1297/856/1401
f 1295/866/1402 1294/865/1402 1296/867/1402
f 1260/837/1403 1245/831/1404 1287/868/1405
f 1293/864/1406 1297/856/1406 1299/869/1406
f 1315/851/1407 1265/845/1407 1300/855/1407
f 1287/868/1408 1245/831/1408 1257/827/1408
f 1297/856/1409 1295/866/1409 1302/857/1409
f 1295/866/1410 1296/867/1410 1302/857/1410
f 1296/867/1411 1301/870/1411 1302/857/1411
f 1300/855/1412 1266/838/1412 1351/871/1412
f 1299/869/1413 1297/856/1413 1249/859/1413
f 1302/857/1414 1301/870/1414 1282/858/1414
f 1282/858/1415 1301/870/1415 1303/872/1415
f 1351/871/1416 1266/838/1416 1276/873/1416
f 1034/695/1417 1306/874/1417 1305/875/1417
f 1034/695/1418 1226/833/1418 1306/874/1418
f 1257/827/1419 1095/761/1420 1284/852/1421
f 1231/823/1422 1272/849/1422 1308/876/1422
f 1272/849/1423 1291/853/1424 1327/877/1425
f 1327/877/1426 1291/853/1427 1312/878/1428
f 1263/843/1429 1311/879/1429 1288/860/1429
f 1288/860/1430 1311/879/1430 1313/880/1430
f 1263/843/1431 1280/861/1431 1311/879/1431
f 1290/881/1432 1271/847/1432 1314/882/1432
f 1315/851/1382 1289/863/1433 1273/850/1380
f 1312/878/1428 1291/853/1427 1293/864/1434
f 1288/860/1435 1313/880/1435 1296/867/1435
f 1290/881/1436 1314/882/1436 1281/883/1436
f 1312/878/1437 1293/864/1437 1335/884/1437
f 1315/851/1438 1300/855/1438 1349/885/1438
f 1351/871/1439 1349/885/1439 1300/855/1439
f 1281/883/1440 1314/882/1440 1316/886/1440
f 1335/884/1441 1293/864/1441 1299/869/1441
f 1296/867/1442 1313/880/1443 1317/887/1444
f 1335/884/1445 1299/869/1445 1336/888/1445
f 1296/867/1442 1317/887/1444 1301/870/1446
f 1281/883/1447 1316/886/1447 1337/889/1447
f 1299/869/1448 1249/859/1448 1336/888/1448
f 1301/870/1449 1317/887/1449 1303/872/1449
f 1317/887/1450 1320/890/1451 1303/872/1452
f 1340/891/1453 1351/871/1453 1276/873/1453
f 1383/892/1454 1034/695/1455 1305/875/1456
f 959/680/1212 1251/846/1365 1284/852/1376
f 1257/827/1419 1284/852/1421 1355/893/1457
f 1260/837/1403 1287/868/1405 1285/894/1458
f 1254/834/1333 1286/848/1459 1230/822/1317
f 1280/861/1460 1309/895/1460 1328/896/1460
f 1189/792/1273 1231/823/1308 1362/897/1461
f 1311/879/1462 1280/861/1462 1328/896/1462
f 1310/862/1463 1255/836/1463 1329/898/1463
f 1329/898/1464 1255/836/1464 1289/863/1464
f 1329/898/1465 1289/863/1465 1315/851/1465
f 1311/879/1466 1330/899/1466 1313/880/1466
f 1329/898/1467 1315/851/1467 1349/885/1467
f 1313/880/1468 1330/899/1468 1334/900/1468
f 1313/880/1469 1334/900/1469 1317/887/1469
f 1317/887/1450 1334/900/1470 1320/890/1451
f 1320/890/1471 1334/900/1471 1339/901/1471
f 1096/745/1166 1298/811/1283 1394/902/1472
f 1262/840/1356 1217/813/1355 1375/903/1473
f 1308/876/1474 1272/849/1474 1347/904/1474
f 1347/904/1475 1272/849/1423 1327/877/1425
f 1347/904/1476 1327/877/1476 1312/878/1476
f 1328/896/1477 1309/895/1477 1348/905/1477
f 1310/862/1478 1329/898/1478 1363/906/1478
f 1328/896/1479 1348/905/1479 1330/899/1479
f 1363/906/1480 1329/898/1480 1349/885/1480
f 1330/899/1481 1348/905/1481 1364/907/1481
f 1330/899/1482 1364/907/1482 1354/908/1482
f 1366/909/1483 1349/885/1483 1351/871/1483
f 1347/904/1484 1312/878/1484 1380/910/1484
f 1380/910/1485 1312/878/1485 1335/884/1485
f 1380/910/1486 1335/884/1487 1371/911/1488
f 1371/911/1488 1335/884/1487 1336/888/1489
f 1366/909/1490 1351/871/1490 1370/912/1490
f 1287/868/1491 1257/827/1491 1355/893/1491
f 1334/900/1492 1354/908/1492 1339/901/1492
f 1370/912/1493 1351/871/1493 1340/891/1493
f 1339/901/1494 1354/908/1494 1358/913/1494
f 1358/913/1495 1370/912/1495 1268/914/1495
f 1370/912/1496 1340/891/1496 1268/914/1496
f 1383/892/1497 1305/875/1497 1352/915/1497
f 1305/875/1498 1306/874/1498 1338/916/1498
f 1394/902/1499 1298/811/1499 1381/917/1499
f 1387/918/1500 1231/823/1500 1388/919/1500
f 1231/823/1501 1308/876/1501 1388/919/1501
f 1286/848/1370 1189/792/1369 1362/897/1502
f 1309/895/1503 1310/862/1503 1348/905/1503
f 1348/905/1504 1310/862/1504 1363/906/1504
f 1364/907/1505 1348/905/1505 1365/920/1505
f 1348/905/1506 1363/906/1506 1365/920/1506
f 1365/920/1507 1363/906/1507 1366/909/1507
f 1363/906/1508 1349/885/1508 1366/909/1508
f 1365/920/1509 1366/909/1509 1369/921/1509
f 1347/904/1510 1380/910/1510 1401/922/1510
f 1366/909/1511 1370/912/1511 1369/921/1511
f 1364/907/1512 1365/920/1512 1354/908/1512
f 1354/908/1513 1365/920/1513 1369/921/1513
f 1383/892/1514 1352/915/1515 1368/923/1516
f 1237/816/1517 1383/892/1517 1419/924/1517
f 1285/894/1518 1287/868/1518 1367/925/1518
f 1361/926/1519 1262/840/1519 1375/903/1519
f 1217/813/1520 1230/822/1520 1398/927/1520
f 1362/897/1521 1231/823/1521 1387/918/1521
f 1391/928/1522 1308/876/1522 1347/904/1522
f 1391/928/1523 1347/904/1523 1401/922/1523
f 1287/868/1524 1378/929/1524 1367/925/1524
f 1376/930/1525 1379/931/1525 1356/932/1525
f 1287/868/1526 1355/893/1526 1378/929/1526
f 1355/893/1527 1373/933/1527 1378/929/1527
f 1375/903/1473 1217/813/1355 1398/927/1528
f 1230/822/1529 1286/848/1530 1389/934/1531
f 1286/848/1532 1362/897/1532 1390/935/1532
f 1388/919/1533 1308/876/1533 1391/928/1533
f 1401/922/1534 1380/910/1534 1402/936/1534
f 1380/910/1486 1371/911/1488 1402/936/1535
f 1402/936/1536 1371/911/1536 1360/937/1536
f 1252/832/1537 1237/816/1538 1404/938/1539
f 1230/822/1529 1389/934/1531 1398/927/1540
f 1389/934/1531 1286/848/1530 1390/935/1541
f 1399/939/1542 1391/928/1542 1401/922/1542
f 1402/936/1543 1360/937/1543 1410/940/1543
f 1355/893/1544 1284/852/1544 1412/941/1544
f 1362/897/1545 1387/918/1545 1414/942/1545
f 1387/918/1546 1388/919/1546 1399/939/1546
f 1388/919/1547 1391/928/1547 1399/939/1547
f 1416/943/1548 1399/939/1549 1401/922/1550
f 1376/930/1551 1400/944/1551 1379/931/1551
f 1416/943/1552 1401/922/1552 1402/936/1552
f 1416/943/1553 1402/936/1553 1417/945/1553
f 1379/931/1554 1400/944/1554 1418/946/1554
f 1417/945/1555 1402/936/1555 1410/940/1555
f 1403/947/1556 1341/948/1556 1321/949/1556
f 1404/938/1557 1237/816/1557 1419/924/1557
f 1355/893/1558 1412/941/1558 1373/933/1558
f 1375/903/1559 1398/927/1559 1413/950/1559
f 1390/935/1560 1362/897/1560 1414/942/1560
f 1414/942/1561 1387/918/1561 1415/951/1561
f 1387/918/1562 1399/939/1562 1415/951/1562
f 1375/903/1563 1413/950/1563 1400/944/1563
f 1415/951/1564 1399/939/1549 1416/943/1548
f 1417/945/1565 1410/940/1565 1427/952/1565
f 1434/953/1566 1427/952/1566 1410/940/1566
f 1373/933/1567 1412/941/1567 1422/954/1567
f 1413/950/1568 1398/927/1568 1423/955/1568
f 1398/927/1569 1389/934/1570 1443/956/1569
f 1415/951/1571 1416/943/1571 1439/957/1571
f 1439/957/1572 1416/943/1573 1425/958/1574
f 1367/925/1575 1378/929/1575 1324/959/1575
f 1425/958/1574 1416/943/1576 1417/945/1577
f 1425/958/1574 1417/945/1577 1449/960/1578
f 1427/952/1579 1449/960/1579 1417/945/1579
f 1378/929/1580 1373/933/1580 1422/954/1580
f 1419/924/1581 1421/961/1581 1404/938/1581
f 1423/955/1582 1398/927/1582 1424/962/1582
f 1398/927/1569 1443/956/1569 1424/962/1583
f 1389/934/1584 1390/935/1585 1444/963/1586
f 1429/964/1587 1414/942/1587 1415/951/1587
f 1429/964/1588 1415/951/1588 1439/957/1588
f 1324/959/1589 1378/929/1590 1432/965/1591
f 1418/946/1592 1431/966/1592 1426/967/1592
f 1449/960/1593 1427/952/1593 1440/968/1593
f 1426/967/1594 1431/966/1594 1428/969/1594
f 1440/968/1595 1427/952/1595 1434/953/1595
f 1404/938/1596 1421/961/1596 1450/970/1596
f 1443/956/1597 1389/934/1584 1438/971/1598
f 1405/972/1599 1324/959/1589 1432/965/1591
f 1439/957/1572 1425/958/1574 1449/960/1578
f 1378/929/1600 1422/954/1600 1432/965/1600
f 1452/973/1601 1440/968/1601 1434/953/1601
f 1284/852/1602 1251/846/1603 1412/941/1604
f 1444/963/1605 1390/935/1605 1445/974/1605
f 1390/935/1606 1414/942/1606 1445/974/1606
f 1445/974/1607 1414/942/1607 1429/964/1607
f 1445/974/1608 1429/964/1608 1457/975/1608
f 1423/955/1609 1446/976/1609 1430/977/1609
f 1423/955/1610 1424/962/1610 1446/976/1610
f 1429/964/1611 1439/957/1611 1457/975/1611
f 1448/978/1612 1439/957/1613 1449/960/1614
f 1449/960/1615 1440/968/1615 1469/979/1615
f 1433/980/1616 1431/966/1616 1451/981/1616
f 1424/962/1617 1443/956/1617 1456/982/1617
f 1389/934/1584 1444/963/1586 1438/971/1598
f 1444/963/1618 1445/974/1618 1455/983/1618
f 1424/962/1619 1456/982/1619 1446/976/1619
f 1455/983/1620 1445/974/1620 1457/975/1620
f 1446/976/1621 1456/982/1621 1458/984/1621
f 1457/975/1622 1439/957/1613 1448/978/1612
f 1446/976/1623 1458/984/1623 1459/985/1623
f 1457/975/1622 1448/978/1612 1468/986/1624
f 1446/976/1625 1459/985/1625 1431/966/1625
f 1469/979/1626 1448/978/1626 1449/960/1626
f 1431/966/1627 1459/985/1627 1451/981/1627
f 1459/985/1628 1461/987/1628 1451/981/1628
f 1461/987/1629 1441/988/1629 1451/981/1629
f 1478/989/1630 1469/979/1630 1436/990/1630
f 1251/846/1631 1252/832/1537 1462/991/1632
f 1456/982/1633 1443/956/1633 1465/992/1633
f 1465/992/1634 1467/993/1634 1456/982/1634
f 1443/956/1635 1438/971/1635 1465/992/1635
f 1444/963/1636 1455/983/1636 1466/994/1636
f 1455/983/1637 1457/975/1637 1466/994/1637
f 1458/984/1638 1456/982/1638 1467/993/1638
f 1466/994/1639 1457/975/1639 1474/995/1639
f 1474/995/1640 1457/975/1640 1476/996/1640
f 1457/975/1641 1468/986/1641 1476/996/1641
f 1459/985/1642 1458/984/1642 1461/987/1642
f 1468/986/1643 1448/978/1643 1469/979/1643
f 1468/986/1644 1469/979/1644 1470/997/1644
f 1470/997/1645 1469/979/1645 1478/989/1645
f 1252/832/1537 1404/938/1539 1462/991/1632
f 1465/992/1646 1438/971/1646 1472/998/1646
f 1438/971/1647 1444/963/1648 1473/999/1649
f 1473/999/1649 1444/963/1648 1466/994/1650
f 1473/999/1651 1466/994/1651 1474/995/1651
f 1465/992/1652 1472/998/1652 1467/993/1652
f 1458/984/1653 1467/993/1653 1475/1000/1653
f 1458/984/1654 1475/1000/1654 1461/987/1654
f 1485/1001/1655 1476/996/1655 1468/986/1655
f 1485/1001/1656 1468/986/1656 1470/997/1656
f 1475/1000/1657 1477/1002/1657 1461/987/1657
f 1487/1003/1658 1485/1001/1658 1478/989/1658
f 1485/1001/1659 1470/997/1659 1478/989/1659
f 1412/941/1604 1251/846/1603 1495/1004/1660
f 1251/846/1603 1462/991/1661 1495/1004/1660
f 1472/998/1662 1438/971/1662 1473/999/1662
f 1472/998/1663 1473/999/1663 1480/1005/1663
f 1467/993/1664 1472/998/1664 1480/1005/1664
f 1475/1000/1665 1467/993/1665 1481/1006/1665
f 1467/993/1666 1480/1005/1666 1481/1006/1666
f 1473/999/1667 1482/1007/1667 1480/1005/1667
f 1473/999/1668 1474/995/1668 1482/1007/1668
f 1474/995/1669 1476/996/1670 1482/1007/1671
f 1475/1000/1672 1481/1006/1672 1483/1008/1672
f 1481/1006/1673 1480/1005/1674 1483/1008/1675
f 1480/1005/1676 1482/1007/1677 1484/1009/1678
f 1483/1008/1675 1480/1005/1674 1484/1009/1679
f 1484/1009/1678 1482/1007/1677 1485/1001/1680
f 1482/1007/1671 1476/996/1670 1485/1001/1681
f 1475/1000/1682 1483/1008/1682 1477/1002/1682
f 1477/1002/1683 1483/1008/1683 1471/1010/1683
f 1471/1010/1684 1483/1008/1684 1487/1003/1684
f 1483/1008/1685 1484/1009/1686 1487/1003/1687
f 1484/1009/1686 1485/1001/1688 1487/1003/1687
f 1404/938/1689 1488/1011/1689 1462/991/1689
f 1495/1004/1690 1462/991/1690 1496/1012/1690
f 1412/941/1691 1492/1013/1691 1486/1014/1691
f 1412/941/1692 1495/1004/1692 1492/1013/1692
f 1462/991/1693 1490/1015/1693 1496/1012/1693
f 1496/1012/1694 1490/1015/1694 1497/1016/1694
f 1/5/1695 3/2/1695 2/1/1695
f 3/2/1696 10/11/1696 4/10/1696
f 18/20/1697 9/9/1697 15/13/1697
f 9/9/1698 3/2/1698 1/5/1698
f 9/9/1699 10/11/1700 3/2/1701
f 27/1017/1702 23/1018/1702 21/1019/1702
f 20/1020/1703 24/1021/1703 27/1017/1703
f 24/1021/1704 23/1018/1704 27/1017/1704
f 24/1021/1705 25/1022/1705 23/1018/1705
f 27/1017/1706 26/24/1706 40/32/1706
f 20/1020/1707 27/1017/1708 42/34/1709
f 27/1017/1710 40/32/1710 42/34/1710
f 27/1017/1711 21/1019/1711 26/24/1711
f 21/1019/1712 28/25/1712 26/24/1712
f 44/1023/1713 20/1020/1707 42/34/1709
f 31/1024/1714 30/1025/1714 28/25/1714
f 21/1019/1715 31/1024/1715 28/25/1715
f 44/1023/1716 32/1026/1716 20/1020/1716
f 21/1019/1717 23/1018/1717 31/1024/1717
f 31/1024/1718 33/1027/1718 30/1025/1718
f 47/1028/1719 32/1026/1719 44/1023/1719
f 32/1026/1720 24/1021/1720 20/1020/1720
f 23/1018/1721 34/1029/1721 31/1024/1721
f 34/1029/1722 33/1027/1722 31/1024/1722
f 25/1022/1723 34/1029/1723 23/1018/1723
f 47/1028/1724 35/1030/1724 32/1026/1724
f 32/1026/1725 35/1030/1725 24/1021/1725
f 25/1022/1726 37/1031/1726 34/1029/1726
f 35/1030/1727 37/1031/1727 24/1021/1727
f 37/1031/1728 25/1022/1728 24/1021/1728
f 28/25/1729 41/37/1729 52/26/1729
f 30/1025/1730 41/37/1731 28/25/1732
f 30/1025/1730 43/1032/1733 41/37/1731
f 54/33/1734 44/1023/1734 42/34/1734
f 30/1025/1735 57/1033/1735 43/1032/1735
f 30/1025/1736 33/1027/1736 57/1033/1736
f 45/1034/1737 47/1028/1737 44/1023/1737
f 33/1027/1738 59/1035/1738 57/1033/1738
f 46/1036/1739 47/1028/1739 45/1034/1739
f 46/1036/1740 35/1030/1740 47/1028/1740
f 34/1029/1741 48/1037/1741 33/1027/1741
f 48/1037/1742 59/1035/1742 33/1027/1742
f 37/1031/1743 48/1037/1743 34/1029/1743
f 35/1030/1744 49/1038/1744 37/1031/1744
f 50/30/1745 9/9/1745 18/20/1745
f 83/1039/1746 10/11/1700 9/9/1699
f 43/1032/1747 53/39/1747 41/37/1747
f 43/1032/1748 67/47/1748 53/39/1748
f 56/1040/1749 44/1023/1749 54/33/1749
f 43/1032/1750 57/1033/1750 67/47/1750
f 44/1023/1751 56/1040/1751 45/1034/1751
f 59/1035/1752 58/1041/1752 57/1033/1752
f 60/1042/1753 46/1036/1753 45/1034/1753
f 59/1035/1754 62/1043/1754 58/1041/1754
f 61/1044/1755 35/1030/1755 46/1036/1755
f 48/1037/1756 62/1043/1756 59/1035/1756
f 63/1045/1757 49/1038/1757 35/1030/1757
f 49/1038/1758 48/1037/1758 37/1031/1758
f 87/1046/1759 54/33/1759 66/42/1759
f 87/1046/1760 56/1040/1760 54/33/1760
f 57/1033/1761 77/1047/1761 67/47/1761
f 78/1048/1762 56/1040/1762 87/1046/1762
f 58/1041/1763 77/1047/1763 57/1033/1763
f 78/1048/1764 45/1034/1764 56/1040/1764
f 58/1041/1765 68/1049/1765 77/1047/1765
f 78/1048/1766 71/1050/1766 45/1034/1766
f 71/1050/1767 60/1042/1767 45/1034/1767
f 72/1051/1768 68/1049/1768 58/1041/1768
f 62/1043/1769 72/1051/1769 58/1041/1769
f 73/1052/1770 61/1044/1770 46/1036/1770
f 73/1052/1771 46/1036/1772 60/1042/1773
f 61/1044/1774 63/1045/1774 35/1030/1774
f 49/1038/1775 62/1043/1775 48/1037/1775
f 83/1039/1776 19/19/1777 10/11/1778
f 67/47/1779 75/46/1779 53/39/1779
f 87/1046/1780 66/42/1780 76/49/1780
f 67/47/1781 77/1047/1781 85/48/1781
f 68/1049/1782 79/54/1782 77/1047/1782
f 72/1051/1783 81/1053/1783 68/1049/1783
f 71/1050/1784 73/1052/1771 60/1042/1773
f 82/1054/1785 81/1053/1785 72/1051/1785
f 62/1043/1786 82/1054/1786 72/1051/1786
f 83/1039/1746 9/9/1699 50/30/1787
f 77/1047/1788 95/53/1788 85/48/1788
f 79/54/1789 95/53/1789 77/1047/1789
f 87/1046/1790 89/1055/1790 78/1048/1790
f 68/1049/1791 96/55/1791 79/54/1791
f 98/1056/1792 78/1048/1792 89/1055/1792
f 81/1053/1793 96/55/1793 68/1049/1793
f 78/1048/1794 100/1057/1794 71/1050/1794
f 98/1056/1795 100/1057/1795 78/1048/1795
f 81/1053/1796 91/1058/1796 96/55/1796
f 100/1057/1797 73/1052/1797 71/1050/1797
f 73/1052/1798 101/1059/1798 61/1044/1798
f 49/1038/1799 92/1060/1799 62/1043/1799
f 92/1060/1800 82/1054/1800 62/1043/1800
f 85/48/1801 95/53/1801 106/58/1801
f 107/63/1802 87/1046/1802 76/49/1802
f 107/63/1803 89/1055/1803 87/1046/1803
f 96/55/1804 91/1058/1804 99/1061/1804
f 100/1057/1805 101/1059/1805 73/1052/1805
f 102/1062/1806 92/1060/1806 49/1038/1806
f 86/40/1807 83/1039/1807 50/30/1807
f 112/1063/1808 38/27/1809 19/19/1777
f 112/1063/1810 74/43/1811 38/27/1812
f 89/1055/1813 126/1064/1813 98/1056/1813
f 99/1061/1814 116/71/1815 96/55/1816
f 126/1064/1817 119/1065/1817 98/1056/1817
f 119/1065/1818 100/1057/1818 98/1056/1818
f 101/1059/1819 108/1066/1819 61/1044/1819
f 81/1053/1820 82/1054/1820 91/1058/1820
f 103/66/1821 121/70/1821 86/40/1821
f 121/70/1822 83/1039/1822 86/40/1822
f 112/1063/1808 19/19/1777 83/1039/1776
f 114/59/1823 107/63/1823 76/49/1823
f 106/58/1824 95/53/1825 113/68/1826
f 115/64/1827 89/1055/1828 107/63/1829
f 96/55/1830 116/71/115 95/53/114
f 99/1061/1814 118/73/1831 116/71/1815
f 61/1044/1832 108/1066/1832 63/1045/1832
f 63/1045/1833 102/1062/1833 49/1038/1833
f 82/1054/1834 120/1067/1835 91/1058/1836
f 91/1058/1836 120/1067/1835 99/1061/1837
f 97/56/1838 111/62/1838 80/45/1838
f 95/53/1825 123/72/1839 113/68/1826
f 115/64/1827 117/1068/1840 89/1055/1828
f 69/44/86 124/65/105 97/56/87
f 117/1068/1841 126/1064/1841 89/1055/1841
f 127/1069/1842 119/1065/1842 126/1064/1842
f 123/72/1843 122/67/1843 113/68/1843
f 129/75/1844 115/64/1844 114/59/1844
f 123/72/1845 131/86/1845 130/82/1845
f 116/71/1846 131/86/1846 123/72/1846
f 118/73/1847 132/1070/1847 141/74/1847
f 133/1071/1848 127/1069/1848 126/1064/1848
f 92/1060/1849 134/1072/1850 82/1054/1851
f 134/1072/1850 120/1067/1852 82/1054/1851
f 120/1067/1853 118/73/1853 99/1061/1853
f 120/1067/1854 132/1070/1854 118/73/1854
f 74/43/1855 136/98/1855 104/77/1855
f 129/75/1856 148/96/1856 115/64/1856
f 117/1068/1857 133/1071/1857 126/1064/1857
f 119/1065/1858 101/1059/1859 100/1057/1860
f 83/1039/1861 236/1073/1862 112/1063/1863
f 137/84/1864 135/78/1864 128/80/1864
f 122/67/1865 130/82/1866 146/94/1867
f 130/82/1866 147/1074/1868 146/94/1867
f 148/96/1869 149/1075/1869 115/64/1869
f 115/64/1870 149/1075/1870 117/1068/1870
f 149/1075/1871 133/1071/1871 117/1068/1871
f 132/1070/1872 151/1076/1872 141/74/1872
f 150/1077/1873 127/1069/1873 133/1071/1873
f 153/1078/1874 151/1076/1874 132/1070/1874
f 108/1066/1875 102/1062/1875 63/1045/1875
f 120/1067/1876 153/1078/1876 132/1070/1876
f 124/65/1877 111/62/1877 97/56/1877
f 112/1063/1810 136/98/1878 74/43/1811
f 156/1079/1879 137/84/1879 145/89/1879
f 137/84/1880 156/1079/1880 135/78/1880
f 159/1080/1881 160/1081/1881 157/119/1881
f 185/1082/1882 160/1081/1882 159/1080/1882
f 164/103/1883 147/1074/1884 130/82/1885
f 160/1081/1886 163/1083/1886 157/119/1886
f 148/96/1887 186/1084/1888 149/1075/1889
f 131/86/1890 164/103/1883 130/82/1885
f 185/1082/1891 165/1085/1891 160/1081/1891
f 165/1085/1892 166/1086/1892 160/1081/1892
f 166/1086/1893 163/1083/1893 160/1081/1893
f 141/74/156 167/1087/1894 164/103/157
f 170/1088/1895 166/1086/1895 165/1085/1895
f 141/74/1896 151/1076/1896 167/1087/1896
f 170/1088/1897 172/1089/1897 166/1086/1897
f 149/1075/1898 150/1077/1898 133/1071/1898
f 108/1066/1899 101/1059/1859 119/1065/1858
f 176/1090/1900 83/1039/1861 121/70/1901
f 138/81/1902 135/78/1902 156/1079/1902
f 198/118/1903 159/1080/1903 157/119/1903
f 198/118/1904 185/1082/1904 159/1080/1904
f 203/1091/1905 185/1082/1905 198/118/1905
f 163/1083/1906 182/122/1906 157/119/1906
f 164/103/1907 202/1092/1907 147/1074/1907
f 163/1083/1908 187/1093/1908 182/122/1908
f 186/1084/1888 189/1094/1909 149/1075/1889
f 203/1091/1910 206/1095/1911 185/1082/1912
f 206/1095/1911 165/1085/1913 185/1082/1912
f 166/1086/1914 187/1093/1914 163/1083/1914
f 206/1095/1915 170/1088/1915 165/1085/1915
f 189/1094/1916 211/1096/1916 149/1075/1916
f 212/1097/1917 170/1088/1917 206/1095/1917
f 166/1086/1918 195/1098/1918 187/1093/1918
f 212/1097/1919 172/1089/1919 170/1088/1919
f 212/1097/1920 195/1098/1920 172/1089/1920
f 172/1089/1921 195/1098/1921 166/1086/1921
f 193/1099/1922 102/1062/1922 108/1066/1922
f 134/1072/1850 153/1078/1923 120/1067/1852
f 112/1063/1924 154/99/1924 136/98/1924
f 155/90/1925 156/1079/1925 145/89/1925
f 138/81/1926 196/128/1926 178/113/1926
f 146/94/1867 147/1074/1868 197/125/1927
f 147/1074/1928 202/1092/1928 197/125/1928
f 182/122/1929 221/1100/1929 201/127/1929
f 183/97/1930 223/1101/1930 148/96/1930
f 225/1102/1931 203/1091/1931 218/126/1931
f 218/126/1932 203/1091/1932 198/118/1932
f 223/1101/1933 186/1084/1933 148/96/1933
f 204/1103/1934 203/1091/1934 225/1102/1934
f 187/1093/1935 205/141/1936 182/122/1937
f 204/1103/1938 206/1095/1938 203/1091/1938
f 167/1087/1939 207/1104/1939 164/103/1939
f 228/1105/1940 206/1095/1940 204/1103/1940
f 187/1093/1941 209/1106/1941 205/141/1941
f 228/1105/1942 210/1107/1942 206/1095/1942
f 210/1107/1943 212/1097/1943 206/1095/1943
f 195/1098/1944 213/1108/1945 187/1093/1946
f 187/1093/1946 213/1108/1945 209/1106/1947
f 211/1096/1948 150/1077/1948 149/1075/1948
f 151/1076/1949 207/1104/1949 167/1087/1949
f 150/1077/1950 278/1109/1950 127/1069/1950
f 102/1062/1951 193/1099/1952 92/1060/1953
f 193/1099/1952 194/1110/1954 92/1060/1953
f 214/1111/1955 195/1098/1955 212/1097/1955
f 202/1092/1956 237/146/1956 197/125/1956
f 238/148/1957 225/1102/1957 218/126/1957
f 219/130/1958 223/1101/1958 183/97/1958
f 202/1092/1959 220/1112/1959 237/146/1959
f 224/1113/1960 225/1102/1960 238/148/1960
f 224/1113/1961 204/1103/1961 225/1102/1961
f 202/1092/1962 245/1114/1962 220/1112/1962
f 246/1115/1963 204/1103/1963 224/1113/1963
f 164/103/1964 245/1114/1964 202/1092/1964
f 182/122/1937 205/141/1936 221/1100/1965
f 249/1116/1966 204/1103/1967 246/1115/1968
f 204/1103/1967 249/1116/1966 228/1105/1969
f 209/1106/1970 226/1117/1970 205/141/1970
f 164/103/1971 248/1118/1971 245/1114/1971
f 207/1104/1972 248/1118/1972 164/103/1972
f 249/1116/1973 229/1119/1973 228/1105/1973
f 207/1104/1974 230/1120/1974 248/1118/1974
f 231/1121/1975 228/1105/1975 229/1119/1975
f 209/1106/1947 213/1108/1945 226/1117/1976
f 207/1104/1977 233/1122/1977 230/1120/1977
f 231/1121/1978 210/1107/1978 228/1105/1978
f 251/1123/1979 278/1109/1979 150/1077/1979
f 127/1069/1980 327/1124/1980 119/1065/1980
f 119/1065/1981 327/1124/1981 108/1066/1981
f 327/1124/1982 232/1125/1983 108/1066/1984
f 232/1125/1985 193/1099/1985 108/1066/1985
f 194/1110/1986 134/1072/1986 92/1060/1986
f 153/1078/1987 207/1104/1987 151/1076/1987
f 214/1111/1988 213/1108/1988 195/1098/1988
f 215/151/1989 121/70/1989 144/102/1989
f 235/1126/1990 176/1090/1990 121/70/1990
f 176/1090/1900 236/1073/1862 83/1039/1861
f 156/1079/1991 196/128/1992 138/81/1993
f 221/1100/1994 240/138/1994 201/127/1994
f 220/1112/1995 242/1127/1995 237/146/1995
f 242/1127/1996 224/1113/1996 238/148/1996
f 219/130/1997 186/1084/1997 223/1101/1997
f 220/1112/1998 243/1128/1998 242/1127/1998
f 245/1114/1999 243/1128/1999 220/1112/1999
f 243/1128/2000 246/1115/2000 242/1127/2000
f 246/1115/2001 224/1113/2001 242/1127/2001
f 248/1118/2002 243/1128/2002 245/1114/2002
f 247/1129/2003 249/1116/2003 243/1128/2003
f 249/1116/2004 246/1115/2004 243/1128/2004
f 205/141/2005 244/140/2005 221/1100/2005
f 248/1118/2006 247/1129/2006 243/1128/2006
f 230/1120/2007 247/1129/2007 248/1118/2007
f 247/1129/2008 229/1119/2008 249/1116/2008
f 189/1094/2009 251/1123/2009 211/1096/2009
f 252/1130/2010 231/1121/2010 229/1119/2010
f 213/1108/2011 253/1131/2011 226/1117/2011
f 251/1123/2012 150/1077/2012 211/1096/2012
f 252/1130/2013 255/1132/2013 231/1121/2013
f 153/1078/2014 254/1133/2014 207/1104/2014
f 254/1133/2015 233/1122/2015 207/1104/2015
f 231/1121/2016 255/1132/2016 210/1107/2016
f 210/1107/2017 255/1132/2017 212/1097/2017
f 236/1073/2018 257/186/2019 112/1063/2020
f 237/146/2021 242/1127/2021 259/147/2021
f 242/1127/2022 238/148/2022 259/147/2022
f 221/1100/2023 260/163/2023 240/138/2023
f 219/130/2024 261/159/2024 186/1084/2024
f 226/1117/2025 263/142/2025 205/141/2025
f 247/1129/2026 252/1130/2026 229/1119/2026
f 253/1131/2027 264/155/2027 226/1117/2027
f 233/1122/2028 247/1129/2028 230/1120/2028
f 233/1122/2029 252/1130/2029 247/1129/2029
f 278/1109/2030 327/1124/2030 127/1069/2030
f 134/1072/2031 254/1133/2031 153/1078/2031
f 272/1134/2032 255/1132/2032 252/1130/2032
f 214/1111/2033 253/1131/2033 213/1108/2033
f 305/1135/2034 155/90/2035 177/111/2036
f 260/163/2037 269/153/2037 240/138/2037
f 265/1136/2038 262/139/2038 196/128/2038
f 261/159/2039 270/161/2039 186/1084/2039
f 221/1100/2040 244/140/2040 260/163/2040
f 270/161/2041 271/1137/2041 186/1084/2041
f 186/1084/2042 271/1137/2042 189/1094/2042
f 262/139/2043 234/145/2043 227/131/2043
f 226/1117/2044 264/155/2044 263/142/2044
f 271/1137/2045 251/1123/2045 189/1094/2045
f 254/1133/2046 272/1134/2046 233/1122/2046
f 272/1134/2047 252/1130/2047 233/1122/2047
f 212/1097/2048 281/1138/2049 214/1111/2050
f 214/1111/2051 273/1139/2052 253/1131/2053
f 273/1139/2052 264/155/2054 253/1131/2053
f 234/145/2055 208/116/2055 227/131/2055
f 154/99/2056 305/1135/2056 177/111/2056
f 305/1135/2034 156/1079/1991 155/90/2035
f 244/140/229 263/142/231 260/163/2057
f 270/161/2058 277/1140/2058 271/1137/2058
f 278/1109/2059 251/1123/2059 271/1137/2059
f 280/1141/2060 327/1124/2060 278/1109/2060
f 255/1132/2061 281/1138/2049 212/1097/2048
f 281/1138/2062 273/1139/2063 214/1111/2064
f 304/165/2065 121/70/2066 215/151/2067
f 176/1090/2068 284/183/2068 236/1073/2068
f 296/173/2069 277/1140/2069 270/161/2069
f 289/1142/2070 193/1099/2071 232/1125/2072
f 304/165/2065 235/1126/2073 121/70/2066
f 283/182/2074 284/183/2074 176/1090/2074
f 290/1143/2075 262/139/2075 265/1136/2075
f 290/1143/2076 297/1144/2076 262/139/2076
f 296/173/2077 298/1145/2077 277/1140/2077
f 297/1144/2078 299/193/2079 262/139/2080
f 298/1145/2081 300/1146/2081 277/1140/2081
f 277/1140/2082 300/1146/2082 271/1137/2082
f 262/139/2080 299/193/2079 234/145/2083
f 300/1146/2084 278/1109/2084 271/1137/2084
f 327/1124/1982 289/1142/2085 232/1125/1983
f 273/1139/2086 301/1147/2086 264/155/2086
f 301/1147/2087 279/156/2087 264/155/2087
f 316/1148/2088 112/1063/2020 257/186/2019
f 156/1079/1991 265/1136/2089 196/128/1992
f 323/1149/2090 298/1145/2090 296/173/2090
f 314/184/2091 257/186/2091 236/1073/2091
f 317/1150/2092 156/1079/1991 305/1135/2034
f 286/160/2093 375/221/2093 296/173/2093
f 290/1143/2094 322/1151/2094 297/1144/2094
f 322/1151/2095 299/193/2095 297/1144/2095
f 300/1146/2096 343/1152/2096 278/1109/2096
f 326/1153/2097 280/1141/2098 278/1109/2099
f 345/1154/2100 272/1134/2101 254/1133/2102
f 255/1132/2061 329/1155/2103 281/1138/2049
f 301/1147/2104 310/175/2104 279/156/2104
f 311/178/2105 331/1156/2105 312/179/2105
f 313/181/2106 311/178/2106 303/180/2106
f 331/1156/2107 284/183/2107 312/179/2107
f 284/183/2108 314/184/2108 236/1073/2108
f 154/99/2109 348/1157/2110 305/1135/2111
f 156/1079/1991 333/1158/2112 265/1136/2089
f 265/1136/2113 334/1159/2113 290/1143/2113
f 339/198/2114 324/197/2114 325/200/2114
f 322/1151/2115 357/256/2115 299/193/2115
f 193/1099/2116 328/1160/2117 194/1110/2118
f 328/1160/2119 134/1072/2119 194/1110/2119
f 134/1072/2120 345/1154/2100 254/1133/2102
f 272/1134/2121 329/1155/2103 255/1132/2061
f 301/1147/2122 346/202/2122 310/175/2122
f 370/1161/2123 284/183/2123 331/1156/2123
f 332/1162/2124 314/184/2124 284/183/2124
f 316/1148/2088 348/1157/2110 112/1063/2020
f 348/1157/2110 154/99/2109 112/1063/2020
f 373/1163/2125 316/1148/2126 257/186/2127
f 334/1159/2128 322/1151/2128 290/1143/2128
f 375/221/2129 365/1164/2129 296/173/2129
f 365/1164/2130 323/1149/2130 296/173/2130
f 335/206/2131 355/210/2131 336/209/2131
f 337/195/2132 353/214/2132 338/196/2132
f 338/196/2133 340/199/2133 324/197/2133
f 298/1145/2134 358/1165/2134 300/1146/2134
f 358/1165/2135 342/1166/2135 300/1146/2135
f 342/1166/2136 343/1152/2136 300/1146/2136
f 360/1167/2137 278/1109/2137 343/1152/2137
f 361/1168/2138 331/1156/2138 311/178/2138
f 313/181/2139 361/1168/2139 311/178/2139
f 370/1161/2140 332/1162/2140 284/183/2140
f 332/1162/2141 315/185/2141 314/184/2141
f 372/1169/2142 257/186/2142 315/185/2142
f 348/1157/2143 409/1170/2143 305/1135/2143
f 317/1150/2092 333/1158/2112 156/1079/1991
f 333/1158/2144 334/1159/2144 265/1136/2144
f 351/205/2145 366/1171/2145 352/207/2145
f 352/207/2146 355/210/2146 335/206/2146
f 365/1164/2147 358/1165/2148 323/1149/2149
f 323/1149/2149 358/1165/2148 298/1145/2150
f 360/1167/2151 326/1153/2152 278/1109/2153
f 372/1169/2154 315/185/2155 332/1162/2154
f 347/1172/2156 283/182/2156 176/1090/2156
f 372/1169/2157 373/1163/2157 257/186/2157
f 375/221/2158 384/230/2158 365/1164/2158
f 366/1171/2159 378/1173/2159 352/207/2159
f 352/207/2160 379/277/2160 355/210/2160
f 289/1142/2070 344/1174/2161 193/1099/2071
f 193/1099/2116 380/1175/2162 328/1160/2117
f 329/1155/2163 405/1176/2164 281/1138/2062
f 405/1176/2164 273/1139/2063 281/1138/2062
f 273/1139/2165 405/1176/2165 301/1147/2165
f 361/1168/2166 370/1161/2166 331/1156/2166
f 374/1177/2167 322/1151/2167 334/1159/2167
f 385/1178/2168 366/1171/2168 351/205/2168
f 378/1173/2169 379/277/2169 352/207/2169
f 338/196/2170 389/1179/2170 340/199/2170
f 405/1176/2171 346/202/2171 301/1147/2171
f 391/235/2172 361/1168/2172 313/181/2172
f 384/230/2173 416/275/2173 365/1164/2173
f 396/246/2174 385/1178/2174 351/205/2174
f 396/246/2175 351/205/2175 350/204/2175
f 385/1178/2176 378/1173/2176 366/1171/2176
f 379/277/2177 397/238/2177 355/210/2177
f 419/1180/2178 389/1179/2178 338/196/2178
f 419/1180/2179 338/196/2179 353/214/2179
f 438/247/2180 387/233/2180 369/217/2180
f 389/1179/2181 439/224/2181 340/199/2181
f 374/1177/2182 381/1181/2182 322/1151/2182
f 381/1181/2183 357/256/2183 322/1151/2183
f 403/1182/2184 343/1152/2184 342/1166/2184
f 464/1183/2185 404/1184/2185 134/1072/2185
f 345/1154/2186 426/1185/2186 272/1134/2186
f 406/1186/2187 407/1187/2187 361/1168/2187
f 361/1168/2188 407/1187/2188 370/1161/2188
f 370/1161/2189 466/369/2190 332/1162/2191
f 408/1188/2192 372/1169/2154 332/1162/2154
f 416/275/2193 417/1189/2193 365/1164/2193
f 378/1173/2194 437/278/2194 379/277/2194
f 417/1189/2195 420/1190/2196 358/1165/2197
f 417/1189/2195 358/1165/2197 365/1164/2198
f 418/331/2199 419/1180/2199 353/214/2199
f 418/331/2200 353/214/2201 367/215/2202
f 459/265/2203 367/215/2203 387/233/2203
f 358/1165/2204 420/1190/2204 342/1166/2204
f 403/1182/2205 360/1167/2205 343/1152/2205
f 280/1141/2206 424/1191/2206 327/1124/2206
f 193/1099/2207 344/1174/2208 380/1175/2209
f 404/1184/2210 345/1154/2211 134/1072/2212
f 272/1134/2121 426/1185/2213 329/1155/2103
f 304/165/2065 429/1192/2214 235/1126/2073
f 347/1172/2215 382/226/2215 283/182/2215
f 541/1193/2216 316/1148/2126 373/1163/2125
f 431/1194/2217 305/1135/2217 409/1170/2217
f 413/243/2218 416/275/2218 384/230/2218
f 436/274/2219 417/1189/2219 416/275/2219
f 436/274/2220 420/1190/2220 417/1189/2220
f 475/1195/2221 418/331/2200 367/215/2202
f 459/265/2222 475/1195/2222 367/215/2222
f 440/249/2223 441/267/2223 401/250/2223
f 444/1196/2224 420/1190/2224 436/274/2224
f 443/268/2225 422/253/2225 401/250/2225
f 420/1190/2226 448/1197/2226 342/1166/2226
f 444/1196/2227 448/1197/2227 420/1190/2227
f 448/1197/2228 403/1182/2228 342/1166/2228
f 326/1153/2097 424/1191/2229 280/1141/2098
f 328/1160/2230 464/1183/2231 134/1072/2232
f 405/1176/2233 427/1198/2233 346/202/2233
f 381/1181/2234 496/257/2234 357/256/2234
f 466/369/2235 408/1188/2235 332/1162/2235
f 392/236/2236 429/1192/2236 304/165/2236
f 498/1199/2237 334/1159/2237 333/1158/2237
f 498/1199/2238 374/1177/2238 334/1159/2238
f 316/1148/2088 820/1200/2239 348/1157/2110
f 431/1194/2240 409/1170/2241 430/1201/2242
f 455/309/2243 378/1173/2243 385/1178/2243
f 454/1202/2244 456/1203/2245 436/274/2246
f 389/1179/2247 530/332/2247 439/224/2247
f 476/287/2248 460/299/2248 440/249/2248
f 460/299/2249 461/1204/2250 440/249/2251
f 440/249/2251 461/1204/2250 441/267/2252
f 461/1204/2253 443/268/2253 441/267/2253
f 436/274/2246 456/1203/2245 444/1196/2254
f 443/268/2255 463/1205/2255 422/253/2255
f 425/1206/2256 464/1183/2231 328/1160/2230
f 427/1198/2257 359/212/2257 346/202/2257
f 372/1169/2258 541/1193/2258 373/1163/2258
f 467/301/2259 430/1201/2242 409/1170/2241
f 431/1194/2260 468/1207/2260 305/1135/2260
f 468/1207/2261 317/1150/2261 305/1135/2261
f 470/284/2262 451/272/2262 431/1194/2262
f 470/284/2263 431/1194/2263 430/1201/2263
f 451/272/2264 487/302/2264 468/1207/2264
f 451/272/2265 468/1207/2265 431/1194/2265
f 451/272/2266 415/245/2266 487/302/2266
f 471/307/2267 385/1178/2267 396/246/2267
f 471/307/2268 455/309/2268 385/1178/2268
f 455/309/2269 437/278/2269 378/1173/2269
f 472/315/2270 473/285/2270 437/278/2270
f 419/1180/2271 530/332/2271 389/1179/2271
f 530/332/2272 492/266/2272 439/224/2272
f 463/1205/2273 481/1208/2273 422/253/2273
f 481/1208/2274 447/270/2274 422/253/2274
f 424/1191/2275 289/1142/2085 327/1124/1982
f 427/1198/2276 423/255/2276 359/212/2276
f 407/1187/2277 696/370/2277 370/1161/2277
f 779/290/2278 391/235/2278 428/258/2278
f 696/370/2279 466/369/2190 370/1161/2189
f 408/1188/2280 497/1209/2280 372/1169/2280
f 497/1209/2281 541/1193/2281 372/1169/2281
f 820/1200/2282 409/1170/2283 348/1157/2284
f 486/1210/2285 467/301/2285 409/1170/2285
f 467/301/2286 470/284/2286 430/1201/2286
f 435/263/2287 470/284/2287 467/301/2287
f 455/309/2288 472/315/2288 437/278/2288
f 530/332/2289 419/1180/2289 418/331/2289
f 506/297/2290 475/1195/2290 459/265/2290
f 461/1204/2291 513/338/2291 463/1205/2291
f 461/1204/2292 463/1205/2292 443/268/2292
f 513/338/2293 481/1208/2293 463/1205/2293
f 481/1208/2294 515/323/2294 447/270/2294
f 482/1211/2295 344/1174/2161 289/1142/2070
f 380/1175/2296 425/1206/2296 328/1160/2296
f 519/1212/2297 333/1158/2297 317/1150/2297
f 487/302/2298 500/303/2298 468/1207/2298
f 500/303/2299 499/347/2299 468/1207/2299
f 499/347/2300 317/1150/2300 468/1207/2300
f 415/245/2301 453/273/2301 500/303/2301
f 472/315/2302 505/314/2302 473/285/2302
f 506/297/2303 418/331/2303 475/1195/2303
f 490/298/2304 511/363/2304 460/299/2304
f 511/363/2305 461/1204/2305 460/299/2305
f 511/363/2306 494/362/2306 461/1204/2306
f 462/281/2307 495/320/2307 493/280/2307
f 512/340/2308 481/1208/2308 513/338/2308
f 481/1208/2309 583/366/2309 515/323/2309
f 480/282/2310 515/323/2310 514/321/2310
f 557/414/2311 496/257/2311 381/1181/2311
f 424/1191/2312 585/1213/2313 289/1142/2314
f 427/1198/2315 517/341/2315 423/255/2315
f 391/235/2316 406/1186/2316 361/1168/2316
f 518/346/2317 497/1209/2317 408/1188/2317
f 499/347/2318 520/398/2318 317/1150/2318
f 469/283/2319 467/301/2319 486/1210/2319
f 500/303/2320 453/273/2320 499/347/2320
f 547/306/2321 524/327/2321 455/309/2321
f 507/318/2322 508/333/2322 490/298/2322
f 555/360/2323 532/316/2323 509/319/2323
f 534/337/2324 492/266/2324 530/332/2324
f 508/333/2325 511/363/2325 490/298/2325
f 494/362/2326 535/339/2326 461/1204/2326
f 374/1177/2327 557/414/2328 381/1181/2329
f 461/1204/2330 535/339/2330 513/338/2330
f 585/1213/2331 482/1211/2332 289/1142/2333
f 404/1184/2210 483/1214/2334 345/1154/2211
f 518/346/2335 559/345/2335 497/1209/2335
f 559/345/2336 541/1193/2336 497/1209/2336
f 347/1172/2337 485/292/2337 382/226/2337
f 408/1188/2338 466/369/2338 518/346/2338
f 542/1215/2339 176/1090/2340 235/1126/2341
f 563/1216/2342 486/1210/2342 409/1170/2342
f 520/398/2343 519/1212/2343 317/1150/2343
f 499/347/2344 543/348/2344 520/398/2344
f 549/357/2345 454/1202/2345 436/274/2345
f 550/404/2346 374/1177/2346 498/1199/2346
f 524/327/2347 551/355/2347 525/329/2347
f 527/313/2348 553/409/2348 503/311/2348
f 528/330/2349 529/334/2349 504/312/2349
f 605/1217/2350 456/1203/2351 454/1202/2352
f 529/334/2353 511/363/2353 508/333/2353
f 535/339/2354 583/366/2354 481/1208/2354
f 535/339/2355 481/1208/2355 512/340/2355
f 329/1155/2103 536/1218/2356 405/1176/2357
f 561/452/2358 518/346/2358 466/369/2358
f 333/1158/2359 562/389/2359 498/1199/2359
f 176/1090/2360 542/1215/2360 347/1172/2360
f 486/1210/2361 564/373/2361 469/283/2361
f 566/372/2362 567/353/2362 547/306/2362
f 562/389/2363 550/404/2363 498/1199/2363
f 567/353/2364 568/426/2364 524/327/2364
f 568/426/2365 569/354/2365 524/327/2365
f 551/355/2366 573/1219/2366 525/329/2366
f 573/1219/2367 575/1220/2367 527/313/2367
f 573/1219/2368 527/313/2368 525/329/2368
f 575/1220/2369 553/409/2369 527/313/2369
f 503/311/2370 576/1221/2370 528/330/2370
f 528/330/2371 577/441/2371 529/334/2371
f 577/441/2372 613/1222/2372 529/334/2372
f 550/404/2373 557/414/2328 374/1177/2327
f 494/362/2374 581/382/2374 535/339/2374
f 514/321/2375 582/386/2375 580/385/2375
f 582/386/2376 583/366/2376 535/339/2376
f 456/1203/2377 584/1223/2377 444/1196/2377
f 584/1223/2378 448/1197/2378 444/1196/2378
f 588/527/2379 561/452/2379 559/345/2379
f 559/345/2380 561/452/2380 541/1193/2380
f 519/1212/2381 592/390/2381 333/1158/2381
f 333/1158/2382 592/390/2382 562/389/2382
f 563/1216/2383 564/373/2383 486/1210/2383
f 594/468/2384 519/1212/2384 520/398/2384
f 597/399/2385 594/468/2385 520/398/2385
f 568/426/2386 602/428/2386 569/354/2386
f 604/406/2387 548/356/2387 570/375/2387
f 549/357/2388 605/1217/2388 454/1202/2389
f 604/406/2390 573/1219/2390 551/355/2390
f 573/1219/2391 652/1224/2391 575/1220/2391
f 610/410/2392 576/1221/2392 503/311/2392
f 656/1225/2393 612/439/2393 553/409/2393
f 656/1225/2394 553/409/2394 575/1220/2394
f 576/1221/2395 577/441/2395 528/330/2395
f 577/441/2396 576/1221/2396 611/442/2396
f 613/1222/2397 554/361/2397 529/334/2397
f 615/364/2398 663/445/2398 556/365/2398
f 582/386/2399 581/382/2399 620/415/2399
f 605/1217/2350 776/1226/2400 456/1203/2351
f 776/1226/2401 584/1223/2402 456/1203/2403
f 360/1167/2151 668/1227/2404 326/1153/2152
f 380/1175/2405 669/1228/2405 425/1206/2405
f 623/1229/2406 517/341/2406 427/1198/2406
f 557/414/2407 624/417/2407 496/257/2407
f 560/371/2408 634/1230/2408 466/369/2408
f 235/1126/2341 429/1192/2409 542/1215/2339
f 409/1170/2410 637/1231/2410 563/1216/2410
f 636/424/2411 566/372/2411 596/397/2411
f 563/1216/2412 522/326/2412 564/373/2412
f 546/351/2413 572/374/2413 642/454/2413
f 566/372/2414 643/1232/2414 567/353/2414
f 644/427/2415 602/428/2415 568/426/2415
f 645/429/648 570/375/2416 569/354/646
f 650/1233/2417 645/429/2417 602/428/2417
f 570/375/2418 645/429/2418 604/406/2418
f 645/429/2419 650/1233/2419 604/406/2419
f 604/406/2420 652/1224/2420 573/1219/2420
f 650/1233/2421 652/1224/2421 604/406/2421
f 610/410/2422 611/442/2422 576/1221/2422
f 656/1225/2423 575/1220/2423 652/1224/2423
f 612/439/2424 611/442/2424 610/410/2424
f 612/439/2425 613/1222/2425 577/441/2425
f 618/383/2426 663/445/2426 660/463/2426
f 618/383/2427 660/463/2427 659/443/2427
f 660/463/2428 663/445/2428 615/364/2428
f 668/1227/2429 424/1191/2429 326/1153/2429
f 668/1227/2430 585/1213/2313 424/1191/2312
f 406/1186/2431 839/1234/2431 407/1187/2431
f 540/344/2432 797/526/2432 538/342/2432
f 539/343/2433 672/1235/2433 559/345/2433
f 672/1235/2434 588/527/2434 559/345/2434
f 561/452/2435 588/527/2435 675/451/2435
f 676/456/2436 392/236/2436 449/358/2436
f 542/1215/2437 485/292/2437 347/1172/2437
f 677/1236/2438 634/1230/2438 560/371/2438
f 634/1230/2439 678/1237/2439 466/369/2439
f 678/1237/2440 561/452/2440 466/369/2440
f 541/1193/2441 681/1238/2441 316/1148/2441
f 681/1238/2442 820/1200/2239 316/1148/2088
f 563/1216/2443 641/425/2443 522/326/2443
f 699/1239/2444 643/1232/2444 566/372/2444
f 647/433/2445 684/1240/2445 642/454/2445
f 643/1232/2446 644/427/2446 567/353/2446
f 643/1232/2447 686/1241/2447 644/427/2447
f 644/427/2448 650/1233/2448 602/428/2448
f 686/1241/2449 650/1233/2449 644/427/2449
f 647/433/2450 687/461/2450 684/1240/2450
f 656/1225/2451 613/1222/2451 612/439/2451
f 613/1222/2452 661/1242/2452 554/361/2452
f 579/381/2453 691/464/2453 687/461/2453
f 657/440/2454 692/462/2454 664/444/2454
f 692/462/2455 738/1243/2455 664/444/2455
f 426/1185/2213 536/1218/2356 329/1155/2103
f 624/417/2456 714/477/2456 496/257/2456
f 391/235/2457 694/1244/2457 406/1186/2457
f 742/466/2458 797/526/2458 540/344/2458
f 696/370/2459 677/1236/2459 560/371/2459
f 561/452/2460 681/1238/2460 541/1193/2460
f 698/1245/2461 636/424/2461 635/423/2461
f 637/1231/2462 409/1170/2283 820/1200/2282
f 636/424/2463 699/1239/2463 566/372/2463
f 753/509/2464 641/425/2464 563/1216/2464
f 684/1240/2465 729/497/2465 642/454/2465
f 699/1239/2466 686/1241/2466 643/1232/2466
f 684/1240/2467 703/499/2467 729/497/2467
f 687/461/2468 707/1246/2468 684/1240/2468
f 707/1246/2469 703/499/2469 684/1240/2469
f 687/461/2470 708/538/2470 707/1246/2470
f 687/461/2471 709/476/2471 708/538/2471
f 661/1242/2472 616/412/2472 554/361/2472
f 710/1247/2473 666/447/2473 616/412/2473
f 664/444/2474 711/1248/2474 667/449/2474
f 712/1249/2475 360/1167/2475 403/1182/2475
f 483/1214/2476 426/1185/2477 345/1154/2478
f 405/1176/2479 623/1229/2479 427/1198/2479
f 715/478/2480 672/1235/2480 539/343/2480
f 676/456/2481 429/1192/2481 392/236/2481
f 542/1215/2482 695/467/2482 485/292/2482
f 717/529/2483 698/1245/2483 635/423/2483
f 721/1250/2484 718/486/2484 722/1251/2484
f 718/486/2485 719/488/2486 722/1251/2487
f 719/488/2486 720/491/2488 722/1251/2487
f 722/1251/2489 720/491/2489 723/494/2489
f 698/1245/2490 699/1239/2490 636/424/2490
f 721/1250/2491 722/1251/2491 726/1252/2491
f 726/1252/2492 722/1251/2493 727/1253/2494
f 727/1253/2494 722/1251/2493 728/1254/2495
f 722/1251/2496 723/494/2496 728/1254/2496
f 642/454/2497 729/497/2497 725/495/2497
f 721/1250/2498 726/1252/2498 731/1255/2498
f 731/1255/2499 726/1252/2499 732/1256/2499
f 726/1252/2500 727/1253/2501 732/1256/2502
f 732/1256/2502 727/1253/2501 733/496/2503
f 727/1253/2504 728/1254/2504 733/496/2504
f 728/1254/2505 723/494/2505 733/496/2505
f 729/497/2506 703/499/2506 730/498/2506
f 686/1241/2507 735/1257/2508 650/1233/2509
f 650/1233/2509 735/1257/2508 652/1224/2510
f 652/1224/2511 735/1257/2511 656/1225/2511
f 482/1211/2512 380/1175/2209 344/1174/2208
f 901/1258/2513 536/1218/2356 426/1185/2213
f 536/1218/2356 693/1259/2514 405/1176/2357
f 693/1259/2515 623/1229/2515 405/1176/2516
f 694/1244/2517 839/1234/2517 406/1186/2517
f 779/290/2518 694/1244/2518 391/235/2518
f 674/1260/2519 635/423/2519 632/422/2519
f 637/1231/2520 744/1261/2520 563/1216/2520
f 718/486/2521 721/1250/2521 749/1262/2521
f 744/1261/2522 753/509/2522 563/1216/2522
f 749/1262/2523 721/1250/2523 731/1255/2523
f 646/430/2524 549/357/2524 413/243/2524
f 731/1255/2525 732/1256/2525 754/1263/2525
f 754/1263/2526 732/1256/2527 755/1264/2528
f 755/1264/2528 732/1256/2527 756/1265/2529
f 732/1256/2530 733/496/2530 756/1265/2530
f 756/1265/2531 733/496/2531 757/1266/2531
f 699/1239/2532 770/1267/2532 686/1241/2532
f 708/538/2533 703/499/2533 707/1246/2533
f 654/437/2534 761/549/2534 658/438/2534
f 735/1257/2535 613/1222/2535 656/1225/2535
f 658/438/2536 738/1243/2536 692/462/2536
f 661/1242/2537 762/1268/2537 616/412/2537
f 710/1247/2538 763/505/2538 666/447/2538
f 448/1197/2539 712/1249/2539 403/1182/2539
f 712/1249/2540 668/1227/2540 360/1167/2540
f 713/1269/2541 482/1211/2332 585/1213/2331
f 623/1229/2542 778/465/2542 517/341/2542
f 749/1262/2543 731/1255/2543 772/1270/2543
f 698/1245/2544 770/1267/2544 699/1239/2544
f 731/1255/2545 754/1263/2545 772/1270/2545
f 755/1264/2546 756/1265/2547 773/1271/2548
f 770/1267/2549 735/1257/2549 686/1241/2549
f 775/1272/2550 776/1226/2550 605/1217/2550
f 708/538/2551 760/501/2551 703/499/2551
f 761/549/2552 738/1243/2552 658/438/2552
f 762/1268/2553 710/1247/2553 616/412/2553
f 836/1273/2554 664/444/2554 738/1243/2554
f 772/1270/2555 754/1263/2555 829/1274/2555
f 754/1263/2556 755/1264/2546 829/1274/2557
f 756/1265/2558 757/1266/2558 786/1275/2558
f 757/1266/2559 733/496/2559 878/521/2559
f 613/1222/2560 735/1257/2560 661/1242/2560
f 836/1273/2561 793/1276/2561 664/444/2561
f 793/1276/2562 711/1248/2562 664/444/2562
f 795/553/2563 714/477/2563 624/417/2563
f 796/554/2564 694/1244/2564 779/290/2564
f 407/1187/2565 798/1277/2565 696/370/2565
f 765/507/2566 797/526/2566 742/466/2566
f 672/1235/2567 800/528/2567 588/527/2567
f 717/529/2568 802/1278/2568 698/1245/2568
f 818/609/2569 681/1238/2569 561/452/2569
f 781/1279/2570 678/1237/2570 634/1230/2570
f 804/531/2571 718/486/2571 749/1262/2571
f 823/1280/2572 749/1262/2572 772/1270/2572
f 786/1275/2573 757/1266/2573 878/521/2573
f 791/524/2574 760/501/2574 708/538/2574
f 831/1281/2575 661/1242/2575 735/1257/2575
f 584/1223/2576 712/1249/2576 448/1197/2576
f 713/1269/2577 900/1282/2578 482/1211/2579
f 482/1211/2512 669/1228/2580 380/1175/2209
f 623/1229/2581 809/590/2581 778/465/2581
f 711/1248/2582 810/606/2582 667/449/2582
f 795/553/2583 811/540/2583 714/477/2583
f 839/1234/2584 929/1283/2584 407/1187/2584
f 542/1215/2585 817/592/2585 695/467/2585
f 817/592/2586 815/556/2586 695/467/2586
f 677/1236/2587 781/1279/2587 634/1230/2587
f 678/1237/2588 818/609/2588 561/452/2588
f 964/1284/2589 820/1200/2239 681/1238/2442
f 804/531/2590 749/1262/2590 823/1280/2590
f 829/1274/2557 755/1264/2546 773/1271/2548
f 773/1271/2591 756/1265/2591 786/1275/2591
f 770/1267/2592 831/1281/2592 735/1257/2592
f 791/524/2593 832/548/2593 760/501/2593
f 761/549/2594 836/1273/2594 738/1243/2594
f 762/1268/2595 837/1285/2595 710/1247/2595
f 837/1285/2596 794/589/2596 710/1247/2596
f 710/1247/2597 794/589/2597 763/505/2597
f 793/1276/2598 810/606/2598 711/1248/2598
f 929/1283/2599 798/1277/2599 407/1187/2599
f 766/1286/2600 842/1287/2600 674/1260/2600
f 842/1287/2601 635/423/2601 674/1260/2601
f 842/1287/2602 801/530/2602 635/423/2602
f 781/1279/2603 818/609/2603 678/1237/2603
f 637/1231/2604 845/1288/2604 744/1261/2604
f 744/1261/2605 845/1288/2606 753/509/2607
f 802/1278/2608 846/610/2608 698/1245/2608
f 845/1288/2606 827/564/2609 753/509/2607
f 823/1280/2610 772/1270/2610 855/581/2610
f 846/610/2611 770/1267/2611 698/1245/2611
f 646/430/2612 856/1289/2612 549/357/2612
f 855/581/2613 772/1270/2613 829/1274/2613
f 856/1289/2614 605/1217/2388 549/357/2388
f 859/567/2615 832/548/2615 791/524/2615
f 831/1281/2616 860/1290/2616 661/1242/2616
f 834/639/2617 836/1273/2617 761/549/2617
f 886/1291/2618 837/1285/2618 762/1268/2618
f 836/1273/2619 887/648/2619 793/1276/2619
f 838/552/2620 764/506/2620 778/465/2620
f 863/1292/2621 668/1227/2621 712/1249/2621
f 863/1292/2622 585/1213/2623 668/1227/2624
f 693/1259/2515 1011/1293/2625 623/1229/2515
f 715/478/2626 800/528/2626 672/1235/2626
f 801/530/2627 802/1278/2627 717/529/2627
f 817/592/2628 841/557/2628 815/556/2628
f 844/1294/2629 845/1288/2629 637/1231/2629
f 804/531/2630 823/1280/2630 855/581/2630
f 872/598/2631 854/601/2631 853/599/2631
f 855/581/2632 829/1274/2632 877/582/2632
f 829/1274/2633 773/1271/2634 877/582/2635
f 877/582/2635 773/1271/2634 878/521/2636
f 773/1271/2637 786/1275/2637 878/521/2637
f 894/620/2638 831/1281/2638 770/1267/2638
f 896/586/2639 832/548/2639 859/567/2639
f 833/550/2640 834/639/2640 761/549/2640
f 886/1291/2641 762/1268/2641 661/1242/2641
f 863/1292/2622 713/1269/2642 585/1213/2623
f 891/600/2643 854/601/2643 872/598/2643
f 892/614/2644 770/1267/2644 846/610/2644
f 856/1289/2645 895/1295/2645 605/1217/2645
f 605/1217/2646 895/1295/2646 775/1272/2646
f 892/614/2647 894/620/2647 770/1267/2647
f 893/602/2648 859/567/2648 835/551/2648
f 897/691/2649 661/1242/2649 860/1290/2649
f 897/691/2650 886/1291/2650 661/1242/2650
f 584/1223/2651 899/1296/2651 712/1249/2651
f 712/1249/2652 899/1296/2652 863/1292/2652
f 1011/1293/2653 809/590/2653 623/1229/2653
f 932/1297/2654 694/1244/2654 796/554/2654
f 932/1297/2655 839/1234/2655 694/1244/2655
f 798/1277/2656 677/1236/2656 696/370/2656
f 843/594/2657 429/1192/2658 676/456/2659
f 843/594/2657 866/1298/2660 429/1192/2658
f 905/682/2661 817/592/2661 542/1215/2661
f 842/1287/2662 906/1299/2662 802/1278/2662
f 842/1287/2663 802/1278/2663 801/530/2663
f 820/1200/2282 844/1294/2664 637/1231/2462
f 802/1278/2665 906/1299/2665 846/610/2665
f 906/1299/2666 907/611/2666 846/610/2666
f 774/512/2667 807/536/2667 946/628/2667
f 807/536/2668 915/621/2668 914/629/2668
f 894/620/2669 919/632/2669 831/1281/2669
f 919/632/2670 920/634/2670 831/1281/2670
f 920/634/2671 949/637/2671 831/1281/2671
f 949/637/2672 860/1290/2672 831/1281/2672
f 895/1295/2673 923/1300/2674 775/1272/2675
f 834/639/2676 921/640/2676 836/1273/2676
f 921/640/2677 887/648/2677 836/1273/2677
f 793/1276/2678 928/651/2678 810/606/2678
f 669/1228/2679 464/1183/2679 425/1206/2679
f 483/1214/2476 901/1258/2680 426/1185/2477
f 931/624/2681 932/1297/2681 796/554/2681
f 939/1301/2682 814/1302/2683 903/1303/2684
f 814/1302/2685 842/1287/2685 799/1304/2685
f 842/1287/2686 766/1286/2686 799/1304/2686
f 936/1305/2687 906/1299/2687 842/1287/2687
f 973/1306/2688 938/1307/2689 934/1308/2690
f 934/1308/2690 938/1307/2689 935/1309/2691
f 938/1307/2689 903/1303/2692 935/1309/2691
f 938/1307/2693 939/1301/2682 903/1303/2684
f 939/1301/2694 940/1310/2695 814/1302/2696
f 940/1310/2695 842/1287/2697 814/1302/2696
f 966/698/2698 941/661/2698 827/564/2698
f 966/698/2699 827/564/2699 845/1288/2699
f 940/1310/2700 936/1305/2700 842/1287/2700
f 973/1306/2701 946/628/2701 938/1307/2701
f 946/628/2702 914/629/2702 938/1307/2702
f 914/629/2703 939/1301/2703 938/1307/2703
f 914/629/2704 940/1310/2704 939/1301/2704
f 914/629/2705 915/621/2705 940/1310/2705
f 915/621/2706 881/566/2706 936/1305/2706
f 915/621/2707 936/1305/2707 940/1310/2707
f 912/616/2708 943/1311/2708 913/618/2708
f 857/534/2709 946/628/2709 973/1306/2709
f 857/534/2710 973/1306/2710 945/1312/2710
f 944/630/2711 916/617/2711 913/618/2711
f 858/565/2712 857/534/2712 945/1312/2712
f 833/550/2713 858/565/2713 945/1312/2713
f 987/649/2714 921/640/2714 984/1313/2714
f 921/640/2715 833/550/2715 984/1313/2715
f 952/1314/2716 886/1291/2716 897/691/2716
f 988/1315/2717 887/648/2717 987/649/2717
f 952/1314/2718 837/1285/2718 886/1291/2718
f 957/515/2719 837/1285/2719 952/1314/2719
f 837/1285/2720 957/515/2720 794/589/2720
f 988/1315/2721 928/651/2721 887/648/2721
f 887/648/2722 928/651/2722 793/1276/2722
f 958/525/2723 928/651/2723 988/1315/2723
f 900/1282/2724 669/1228/2580 482/1211/2512
f 930/623/2725 960/1316/2725 715/478/2725
f 960/1316/2726 1013/653/2726 715/478/2726
f 715/478/2727 1013/653/1016 800/528/1016
f 962/654/2728 964/1284/2728 818/609/2728
f 962/654/2729 818/609/2729 800/528/2729
f 1036/696/2730 905/682/2730 542/1215/2730
f 905/682/2731 904/608/2731 817/592/2731
f 781/1279/2732 933/625/2732 818/609/2732
f 964/1284/2733 681/1238/2733 818/609/2733
f 972/1317/2734 889/1318/2735 965/1319/2736
f 971/1320/2737 972/1317/2737 965/1319/2737
f 972/1317/2734 973/1306/2688 889/1318/2735
f 889/1318/2735 973/1306/2688 934/1308/2690
f 970/1321/2738 971/1320/2738 965/1319/2738
f 907/611/2739 997/670/2739 911/612/2739
f 974/658/2740 912/616/2740 909/615/2740
f 972/1317/2741 945/1312/2741 973/1306/2741
f 881/566/2742 996/1322/2742 936/1305/2742
f 974/658/2743 943/1311/2743 912/616/2743
f 943/1311/2744 977/1323/2744 944/630/2744
f 943/1311/2745 944/630/2745 913/618/2745
f 984/1313/2746 945/1312/2746 972/1317/2746
f 881/566/2747 979/671/2747 996/1322/2747
f 978/1324/2748 971/1320/2748 970/1321/2748
f 977/1323/2749 980/1325/2749 944/630/2749
f 944/630/2750 980/1325/2750 894/620/2750
f 945/1312/2751 984/1313/2751 833/550/2751
f 980/1325/2752 919/632/2752 894/620/2752
f 982/674/2753 985/673/2753 918/635/2753
f 918/635/2754 985/673/2754 920/634/2754
f 985/673/2755 983/636/2755 920/634/2755
f 972/1317/2756 987/649/2756 984/1313/2756
f 971/1320/2757 987/649/2757 972/1317/2757
f 949/637/2758 986/663/2758 860/1290/2758
f 988/1315/2759 987/649/2759 971/1320/2759
f 956/650/2760 957/515/2760 952/1314/2760
f 990/1326/2761 988/1315/2762 971/1320/2763
f 990/1326/2761 971/1320/2763 978/1324/2764
f 990/1326/2765 958/525/2765 988/1315/2765
f 899/1296/2766 991/1327/2767 863/1292/2768
f 1008/1328/2769 900/1282/2578 713/1269/2577
f 464/1183/2770 1009/1329/2771 404/1184/2772
f 901/1258/2513 992/1330/2773 536/1218/2356
f 795/553/2774 958/525/2774 990/1326/2774
f 677/1236/2775 963/1331/2775 781/1279/2775
f 963/1331/2776 933/625/2776 781/1279/2776
f 844/1294/2777 966/698/2777 845/1288/2777
f 936/1305/2778 907/611/2778 906/1299/2778
f 997/670/2779 1020/1332/2779 974/658/2779
f 1020/1332/2780 943/1311/2780 974/658/2780
f 1020/1332/2781 977/1323/2781 943/1311/2781
f 977/1323/2782 1021/1333/2782 980/1325/2782
f 980/1325/2783 998/672/2783 947/633/2783
f 980/1325/2784 947/633/2784 919/632/2784
f 998/672/2785 982/674/2785 918/635/2785
f 983/636/2786 999/705/2786 948/638/2786
f 999/705/2787 986/663/2787 948/638/2787
f 986/663/2788 1001/704/2788 860/1290/2788
f 1001/704/2789 897/691/2789 860/1290/2789
f 1003/690/2790 952/1314/2790 897/691/2790
f 989/664/2791 955/646/2791 885/569/2791
f 1003/690/2792 956/650/2792 952/1314/2792
f 1006/679/2793 956/650/2793 1003/690/2793
f 775/1272/2794 923/1300/2795 776/1226/2796
f 978/1324/2797 1005/1334/2797 990/1326/2797
f 1007/1335/2798 899/1296/2798 584/1223/2798
f 1008/1328/2799 713/1269/2799 863/1292/2799
f 1010/1336/2800 992/1330/2773 901/1258/2513
f 1005/1334/2801 811/540/2801 795/553/2801
f 1005/1334/2802 795/553/2802 990/1326/2802
f 930/623/2803 993/681/2803 960/1316/2803
f 993/681/2804 1013/653/2804 960/1316/2804
f 993/681/2805 962/654/2805 1013/653/2805
f 1014/1337/2806 933/625/2806 963/1331/2806
f 1015/1338/2807 970/1321/2807 965/1319/2807
f 996/1322/2808 997/670/2808 936/1305/2808
f 936/1305/2809 997/670/2809 907/611/2809
f 979/671/2810 1019/715/2810 996/1322/2810
f 1020/1332/2811 1046/1339/2811 977/1323/2811
f 1046/1339/2812 1021/1333/2812 977/1323/2812
f 980/1325/2813 1023/703/2813 998/672/2813
f 1024/686/2814 999/705/2814 983/636/2814
f 999/705/2815 1001/704/2815 986/663/2815
f 1027/692/2816 897/691/2816 1001/704/2816
f 1029/693/2817 955/646/2817 989/664/2817
f 991/1327/2818 1008/1328/2818 863/1292/2818
f 1005/1334/2819 902/607/2819 811/540/2819
f 1035/1340/2820 839/1234/2820 932/1297/2820
f 798/1277/2821 963/1331/2821 677/1236/2821
f 1014/1337/2822 993/681/2822 933/625/2822
f 844/1294/2823 1037/726/2823 966/698/2823
f 995/656/2824 1098/1341/2824 767/655/2824
f 1098/1341/2825 967/1342/2825 767/655/2825
f 1038/1343/2826 965/1319/2827 967/1342/2828
f 1038/1343/2829 1015/1338/2829 965/1319/2829
f 1015/1338/2830 1038/1343/2830 970/1321/2830
f 1037/726/2831 1041/699/2831 966/698/2831
f 1039/683/2832 995/656/2832 994/667/2832
f 1038/1343/2833 1045/1344/2833 970/1321/2833
f 1019/715/2834 997/670/2834 996/1322/2834
f 1019/715/2835 1020/1332/2835 997/670/2835
f 1045/1344/2836 978/1324/2836 970/1321/2836
f 1025/687/2837 1019/715/2837 979/671/2837
f 1021/1333/2838 1023/703/2838 980/1325/2838
f 1023/703/2839 1024/686/2839 998/672/2839
f 1047/1345/2840 1048/1346/2841 1021/1333/2842
f 1047/1345/2840 1021/1333/2842 1046/1339/2843
f 1021/1333/2844 1050/1347/2844 1023/703/2844
f 1023/703/2845 999/705/2845 1024/686/2845
f 1048/1346/2846 1049/1348/2846 1021/1333/2846
f 1049/1348/2847 1050/1347/2847 1021/1333/2847
f 1050/1347/2848 1051/718/2848 1023/703/2848
f 1023/703/2849 1051/718/2849 1001/704/2849
f 1030/665/2850 1051/718/2850 1050/1347/2850
f 1055/708/2851 1030/665/2851 1050/1347/2851
f 1030/665/2852 1056/721/2852 1051/718/2852
f 1051/718/2853 1054/720/2853 1001/704/2853
f 1001/704/2854 1054/720/2854 1027/692/2854
f 1030/665/2855 1057/678/2855 1056/721/2855
f 978/1324/2856 1045/1344/2857 1005/1334/2858
f 1027/692/2859 1072/1349/2859 1003/690/2859
f 1003/690/1099 1032/694/1101 1006/679/2860
f 923/1300/2795 1150/1350/2861 776/1226/2796
f 1150/1350/2862 584/1223/2402 776/1226/2401
f 1009/1329/2771 464/1183/2770 669/1228/2863
f 1009/1329/2771 483/1214/2864 404/1184/2772
f 1035/1340/2865 929/1283/2865 839/1234/2865
f 931/624/2866 1035/1340/2866 932/1297/2866
f 1098/1341/2867 1038/1343/2826 967/1342/2828
f 1063/716/2868 1064/1351/2868 1046/1339/2868
f 1063/716/2869 1046/1339/2869 1019/715/2869
f 1019/715/2870 1046/1339/2870 1020/1332/2870
f 1064/1351/2871 1047/1345/2871 1046/1339/2871
f 1065/765/2872 1049/1348/2872 1048/1346/2872
f 1054/720/2873 1067/1352/2873 1027/692/2873
f 1067/1352/2874 1072/1349/2874 1027/692/2874
f 1069/736/2875 1004/677/2875 1029/693/2875
f 1031/689/2876 1004/677/2876 1086/735/2876
f 1086/735/2877 1004/677/2877 1069/736/2877
f 1072/1349/2878 1058/709/2878 1003/690/2878
f 1150/1350/2879 1186/1353/2879 584/1223/2879
f 1073/1354/2880 669/1228/2580 900/1282/2724
f 1009/1329/2771 901/1258/2513 483/1214/2864
f 1011/1293/2881 1094/725/2881 809/590/2881
f 1035/1340/2882 798/1277/2882 929/1283/2882
f 962/654/2883 1097/1355/2884 964/1284/2885
f 1014/1337/2886 1097/1355/2886 993/681/2886
f 1097/1355/2884 1214/1356/2887 964/1284/2885
f 1158/1357/2888 844/1294/2888 820/1200/2888
f 1117/1358/2889 1039/683/2889 1059/711/2889
f 1117/1358/2890 995/656/2890 1039/683/2890
f 1080/1359/2891 1048/1346/2891 1047/1345/2891
f 1048/1346/2892 1082/766/2892 1065/765/2892
f 1081/1360/2893 1082/766/2893 1048/1346/2893
f 1065/765/2894 1050/1347/2894 1049/1348/2894
f 1066/719/2895 1067/1352/2895 1054/720/2895
f 1083/743/2896 1067/1352/2896 1066/719/2896
f 1084/733/2897 1086/735/2897 1081/1360/2897
f 1081/1360/2898 1086/735/2898 1082/766/2898
f 1086/735/2899 1085/768/2899 1082/766/2899
f 1068/707/2900 1086/735/2900 1084/733/2900
f 1088/1361/2901 1072/1349/2901 1067/1352/2901
f 1045/1344/2857 1090/1362/2902 1005/1334/2858
f 1073/1354/2903 900/1282/2578 1008/1328/2769
f 1093/1363/2904 1033/1364/2905 669/1228/2906
f 993/681/2907 1097/1355/2907 962/654/2907
f 1143/1365/2908 1097/1355/2908 1014/1337/2908
f 964/1284/2589 1158/1357/2909 820/1200/2239
f 1117/1358/2910 1098/1341/2910 995/656/2910
f 1100/730/2911 1117/1358/2911 1059/711/2911
f 856/1289/2912 1105/1366/2912 895/1295/2912
f 1106/1367/2913 1064/1351/2913 1063/716/2913
f 1105/1366/2914 923/1300/2674 895/1295/2673
f 1064/1351/2915 1107/742/2915 1047/1345/2915
f 1107/742/2916 1080/1359/2916 1047/1345/2916
f 1107/742/2917 1084/733/2918 1080/1359/2919
f 1080/1359/2920 1081/1360/2920 1048/1346/2920
f 1084/733/2918 1081/1360/2921 1080/1359/2919
f 1109/1368/2922 1067/1352/2922 1083/743/2922
f 1108/758/2923 1070/722/2923 1055/708/2923
f 1087/734/2924 1109/1368/2924 1083/743/2924
f 1109/1368/2925 1088/1361/2925 1067/1352/2925
f 1110/1369/2926 1088/1361/2926 1109/1368/2926
f 1088/1361/2927 1127/1370/2927 1072/1349/2927
f 1072/1349/2928 1127/1370/2928 1058/709/2928
f 1005/1334/2929 1090/1362/2929 902/607/2929
f 1113/1371/2930 901/1258/2513 1009/1329/2771
f 992/1330/2773 693/1259/2931 536/1218/2356
f 992/1330/2773 1011/1293/2932 693/1259/2931
f 1011/1293/2933 1092/784/2933 1094/725/2933
f 1090/1362/2934 1173/746/2934 902/607/2934
f 1114/1372/2935 1035/1340/2935 931/624/2935
f 1099/738/2936 1103/753/2936 1075/728/2936
f 1123/776/2937 856/1289/2937 646/430/2937
f 1123/776/2938 1105/1366/2938 856/1289/2938
f 1079/732/2939 1106/1367/2939 1063/716/2939
f 1106/1367/2940 1107/742/2940 1064/1351/2940
f 1124/755/2941 1125/756/2941 1053/706/2941
f 1050/1347/2942 1135/1373/2942 1055/708/2942
f 1135/1373/2943 1126/1374/2943 1055/708/2943
f 1126/1374/2944 1108/758/2944 1055/708/2944
f 1110/1369/2945 1127/1370/2945 1088/1361/2945
f 1127/1370/2946 1153/773/2946 1058/709/2946
f 1153/773/2947 1091/724/2947 1058/709/2947
f 1073/1354/2948 1093/1363/2949 669/1228/2950
f 1155/1375/2951 1009/1329/2771 669/1228/2863
f 1158/1357/2952 1037/726/2952 844/1294/2952
f 1118/749/2953 1117/1358/2953 1100/730/2953
f 1132/763/2954 1131/1376/2954 1079/732/2954
f 1131/1376/2955 1106/1367/2955 1079/732/2955
f 1065/765/2956 1135/1373/2956 1050/1347/2956
f 1136/770/2957 1085/768/2957 1086/735/2957
f 1138/781/2958 1109/1368/2958 1087/734/2958
f 1109/1368/2959 1138/781/2959 1110/1369/2959
f 1138/781/2960 1139/1377/2960 1110/1369/2960
f 1110/1369/2961 1139/1377/2961 1127/1370/2961
f 1186/1353/2962 1007/1335/2962 584/1223/2962
f 888/591/2963 1115/747/2963 931/624/2963
f 1115/747/2964 1114/1372/2964 931/624/2964
f 542/1215/2965 1157/1378/2965 1036/696/2965
f 1157/1378/2966 1128/774/2966 1036/696/2966
f 1166/1379/2967 1143/1365/2968 963/1331/2969
f 963/1331/2969 1143/1365/2968 1014/1337/2970
f 1118/749/2971 1098/1341/2971 1117/1358/2971
f 1106/1367/2972 1147/1380/2973 1107/742/2974
f 1147/1380/2975 1124/755/2975 1107/742/2975
f 1134/767/2976 1135/1373/2976 1065/765/2976
f 1148/769/2977 1134/767/2977 1082/766/2977
f 1139/1377/2978 1153/773/2978 1127/1370/2978
f 1007/1335/2979 1154/1381/2979 899/1296/2979
f 1154/1381/2980 991/1327/2767 899/1296/2766
f 991/1327/2981 1112/1382/2981 1008/1328/2981
f 1112/1382/2982 1073/1354/2982 1008/1328/2982
f 1033/1364/2983 1155/1375/2984 669/1228/2985
f 1010/1336/2800 1156/1383/2986 992/1330/2773
f 1011/1293/2987 1195/785/2987 1092/784/2987
f 1114/1372/2988 1142/1384/2988 1035/1340/2988
f 1035/1340/2989 1142/1384/2989 798/1277/2989
f 1142/1384/2990 963/1331/2990 798/1277/2990
f 429/1192/2409 1157/1378/2991 542/1215/2339
f 1037/726/2992 1158/1357/2992 1074/727/2992
f 1158/1357/2993 1118/749/2993 1074/727/2993
f 1038/1343/2994 1159/1385/2994 1045/1344/2994
f 1161/789/2995 1131/1376/2995 1132/763/2995
f 1135/1373/2996 1163/1386/2996 1126/1374/2996
f 1126/1374/2997 1151/783/2997 1108/758/2997
f 1152/782/2998 1139/1377/2998 1138/781/2998
f 1164/771/2999 1139/1377/2999 1152/782/2999
f 1111/744/3000 1164/771/3000 1152/782/3000
f 1164/771/3001 1153/773/3001 1139/1377/3001
f 901/1258/2513 1113/1371/2930 1010/1336/2800
f 1116/748/3002 1165/1387/3002 843/594/3002
f 1165/1387/3003 866/1298/3003 843/594/3003
f 1131/1376/3004 1180/1388/3004 1106/1367/3004
f 1124/755/3005 1171/790/3005 1125/756/3005
f 1170/791/3006 1134/767/3006 1148/769/3006
f 1134/767/3007 1170/791/3008 1135/1373/3009
f 1170/791/3008 1162/1389/3010 1135/1373/3009
f 1162/1389/3011 1163/1386/3011 1135/1373/3011
f 1105/1366/2914 1150/1350/3012 923/1300/2674
f 1126/1374/3013 1172/1390/3013 1151/783/3013
f 1181/1391/3014 1090/1362/3014 1045/1344/3014
f 1181/1391/3015 1173/746/3015 1090/1362/3015
f 992/1330/2773 1174/1392/3016 1011/1293/2932
f 1174/1392/3017 1195/785/3018 1011/1293/3019
f 1143/1365/3020 1175/1393/3020 1097/1355/3020
f 1175/1393/3021 1214/1356/3021 1097/1355/3021
f 1214/1356/3022 1158/1357/2909 964/1284/2589
f 1158/1357/3023 1098/1341/3023 1118/749/3023
f 1177/793/3024 1179/1394/3024 1123/776/3024
f 1179/1394/3025 1105/1366/3025 1123/776/3025
f 1159/1385/3026 1181/1391/3026 1045/1344/3026
f 1161/789/3027 1180/1388/3027 1131/1376/3027
f 1180/1388/3028 1147/1380/2973 1106/1367/2972
f 1163/1386/3029 1172/1390/3029 1126/1374/3029
f 1172/1390/3030 1194/798/3030 1151/783/3030
f 1105/1366/3031 1186/1353/3032 1150/1350/3033
f 1142/1384/3034 1166/1379/3034 963/1331/3034
f 1179/1394/3035 1190/1395/3035 1105/1366/3035
f 1182/795/3036 1191/1396/3036 1161/789/3036
f 1191/1396/3037 1192/1397/3037 1180/1388/3037
f 1191/1396/3038 1180/1388/3038 1161/789/3038
f 1183/796/3039 1184/797/3039 1182/795/3039
f 1147/1380/3040 1193/802/3040 1124/755/3040
f 1124/755/3041 1193/802/3041 1171/790/3041
f 1185/801/3042 1162/1389/3042 1170/791/3042
f 1190/1395/3043 1186/1353/3032 1105/1366/3031
f 1186/1353/3044 1196/1398/3044 1007/1335/3044
f 1007/1335/3045 1223/1399/3045 1154/1381/3045
f 1198/1400/3046 1073/1354/3047 1112/1382/3048
f 866/1298/3049 1157/1378/2991 429/1192/2409
f 1098/1341/3050 1176/1401/3051 1038/1343/3052
f 1176/1401/3053 1159/1385/3053 1038/1343/3053
f 1177/793/3054 1202/1402/3054 1179/1394/3054
f 1229/1403/3055 1181/1391/3055 1159/1385/3055
f 1202/1402/3056 1190/1395/3056 1179/1394/3056
f 1182/795/3057 1203/1404/3057 1191/1396/3057
f 1203/1404/3058 1192/1397/3058 1191/1396/3058
f 1192/1397/3059 1147/1380/3059 1180/1388/3059
f 1203/1404/3060 1147/1380/3060 1192/1397/3060
f 1203/1404/3061 1193/802/3061 1147/1380/3061
f 1184/797/3062 1203/1404/3062 1182/795/3062
f 1184/797/3063 1193/802/3063 1203/1404/3063
f 1205/803/3064 1206/1405/3064 1185/801/3064
f 1185/801/3065 1206/1405/3065 1162/1389/3065
f 1206/1405/3066 1163/1386/3066 1162/1389/3066
f 1206/1405/3067 1172/1390/3067 1163/1386/3067
f 1190/1395/3068 1204/1406/3068 1186/1353/3068
f 1205/803/3069 1194/798/3069 1206/1405/3069
f 1194/798/3070 1172/1390/3070 1206/1405/3070
f 1181/1391/3071 1207/820/3071 1173/746/3071
f 1204/1406/3072 1196/1398/3072 1186/1353/3072
f 1174/1392/3017 1208/809/3073 1195/785/3018
f 1210/812/3074 1114/1372/3074 1115/747/3074
f 1211/808/3075 1165/1387/3075 1116/748/3075
f 1157/1378/3076 1212/817/3076 1128/774/3076
f 1238/1407/3077 1176/1401/3051 1098/1341/3050
f 1202/1402/3078 1219/1408/3078 1190/1395/3078
f 1219/1408/3079 1204/1406/3079 1190/1395/3079
f 1196/1398/3080 1223/1399/3080 1007/1335/3080
f 1154/1381/3081 1197/1409/3082 991/1327/3083
f 991/1327/3084 1198/1400/3084 1112/1382/3084
f 1210/812/3085 1142/1384/3085 1114/1372/3085
f 1142/1384/3086 1227/1410/3086 1166/1379/3086
f 1166/1379/3087 1213/1411/3087 1143/1365/3087
f 1213/1411/3088 1175/1393/3088 1143/1365/3088
f 1176/1401/3089 1229/1403/3089 1159/1385/3089
f 1225/1412/3090 1202/1402/3090 1177/793/3090
f 1234/1413/3091 1223/1399/3091 1196/1398/3091
f 1210/812/3092 1227/1410/3092 1142/1384/3092
f 1210/812/3093 1212/817/3093 1227/1410/3093
f 1212/817/3094 1213/1411/3094 1227/1410/3094
f 1227/1410/3095 1213/1411/3095 1166/1379/3095
f 1213/1411/3096 1214/1356/3096 1175/1393/3096
f 1158/1357/2909 1238/1407/3077 1098/1341/3050
f 1225/1412/3097 1219/1408/3097 1202/1402/3097
f 1229/1403/3098 1244/1414/3098 1181/1391/3098
f 1219/1408/3099 1233/1415/3100 1204/1406/3101
f 1233/1415/3100 1196/1398/3102 1204/1406/3101
f 1181/1391/3103 1244/1414/3103 1207/820/3103
f 1233/1415/3104 1234/1413/3104 1196/1398/3104
f 1259/1416/3105 1154/1381/3105 1223/1399/3105
f 1009/1329/3106 1249/859/3106 1113/1371/3106
f 1113/1371/3107 1236/1417/3108 1010/1336/3109
f 992/1330/2773 1250/1418/3110 1174/1392/3016
f 1174/1392/3111 1235/826/3111 1208/809/3111
f 1157/1378/3112 1213/1411/3112 1212/817/3112
f 1240/835/3113 1225/1412/3113 1177/793/3113
f 1278/1419/3114 1244/1414/3114 1229/1403/3114
f 1197/1409/3082 1198/1400/3115 991/1327/3083
f 1198/1400/3046 1248/1420/3116 1073/1354/3047
f 1248/1420/3117 1093/1363/2949 1073/1354/2948
f 1250/1418/3118 1235/826/3118 1174/1392/3118
f 1244/1414/3119 1246/821/3119 1207/820/3119
f 1260/837/3120 1165/1387/3120 1211/808/3120
f 1228/1421/3121 1253/1422/3122 1158/1357/2909
f 1278/1419/3123 1256/1423/3123 1244/1414/3123
f 1256/1423/3124 1246/821/3124 1244/1414/3124
f 1221/815/1340 1257/827/1342 1245/831/3125
f 1233/1415/3126 1258/1424/3126 1234/1413/3126
f 1234/1413/3127 1259/1416/3127 1223/1399/3127
f 1235/826/3128 1266/838/3128 1247/819/3128
f 1199/1425/3129 1275/1426/3130 1155/1375/3131
f 1155/1375/3132 1275/1426/3132 1009/1329/3132
f 1156/1383/3133 1250/1418/3134 992/1330/3135
f 1267/839/3136 1235/826/3136 1250/1418/3136
f 1260/837/3137 1261/1427/3137 1165/1387/3137
f 1228/1421/3121 1158/1357/2909 1214/1356/3022
f 1253/1422/3122 1238/1407/3077 1158/1357/2909
f 1240/835/3138 1274/1428/3138 1225/1412/3138
f 1225/1412/3139 1233/1415/3139 1219/1408/3139
f 1266/838/1345 1265/845/3140 1232/825/1343
f 1258/1424/3141 1259/1416/3141 1234/1413/3141
f 1249/859/3142 1236/1417/3142 1113/1371/3142
f 1236/1417/3108 1156/1383/3143 1010/1336/3109
f 1268/914/3144 1250/1418/3134 1156/1383/3133
f 1261/1427/3145 866/1298/3145 1165/1387/3145
f 1176/1401/3146 1278/1419/3146 1229/1403/3146
f 1033/1364/2983 1199/1425/3147 1155/1375/2984
f 1275/1426/3148 1249/859/3148 1009/1329/3148
f 1268/914/3149 1276/873/3149 1250/1418/3149
f 1271/847/3150 1274/1428/3150 1240/835/3150
f 1278/1419/3151 1292/1429/3151 1256/1423/3151
f 1225/1412/3152 1274/1428/3152 1233/1415/3152
f 1274/1428/3153 1258/1424/3153 1233/1415/3153
f 1292/1429/3154 1246/821/3154 1256/1423/3154
f 1258/1424/3155 1281/883/3155 1259/1416/3155
f 1259/1416/3156 1197/1409/3156 1154/1381/3156
f 1093/1363/2904 1283/1430/3157 1033/1364/2905
f 1249/859/3158 1282/858/3158 1236/1417/3158
f 1236/1417/3159 1304/1431/3159 1156/1383/3159
f 1276/873/3160 1267/839/3160 1250/1418/3160
f 1292/1429/3161 1298/811/3161 1246/821/3161
f 1285/894/3162 1261/1427/3162 1260/837/3162
f 1307/1432/3163 1228/1421/3121 1214/1356/3022
f 1238/1407/3164 1277/1433/3164 1176/1401/3164
f 1271/847/3165 1290/881/3165 1274/1428/3165
f 1276/873/3166 1266/838/1347 1267/839/1346
f 1259/1416/3167 1321/949/3167 1197/1409/3167
f 1248/1420/3168 1283/1430/3169 1093/1363/3170
f 1275/1426/3171 1319/1434/3171 1249/859/3171
f 1282/858/3172 1303/872/3172 1236/1417/3172
f 1303/872/3173 1304/1431/3173 1236/1417/3173
f 1304/1431/3174 1268/914/3144 1156/1383/3133
f 1237/816/3175 1034/695/1455 1383/892/1454
f 1157/1378/2991 1307/1432/3163 1213/1411/3176
f 1307/1432/3163 1214/1356/3022 1213/1411/3176
f 1280/861/3177 1242/824/3178 1309/895/3179
f 1309/895/3179 1242/824/3178 1310/862/3180
f 1176/1401/3181 1292/1429/3181 1278/1419/3181
f 1331/1435/3182 1292/1429/3182 1176/1401/3182
f 1274/1428/3183 1290/881/3184 1258/1424/3185
f 1290/881/3184 1281/883/3186 1258/1424/3185
f 1331/1435/3187 1298/811/3187 1292/1429/3187
f 1319/1434/3188 1336/888/3188 1249/859/3188
f 1357/1436/3189 1321/949/3189 1259/1416/3189
f 1303/872/3190 1320/890/3190 1304/1431/3190
f 1268/914/3191 1340/891/3191 1276/873/3191
f 1307/1432/3192 1325/1437/3192 1228/1421/3192
f 1344/1438/3193 1238/1407/3193 1253/1422/3193
f 1262/840/3194 1271/847/3194 1241/828/3194
f 1345/1439/3195 1331/1435/3195 1176/1401/3195
f 1332/1440/3196 1333/1441/3196 1346/1442/3196
f 1331/1435/3197 1318/1443/3197 1298/811/3197
f 1338/916/3198 1333/1441/3198 1332/1440/3198
f 1338/916/3199 1332/1440/3199 1350/1444/3199
f 1281/883/3200 1337/889/3200 1259/1416/3200
f 1321/949/3201 1341/948/3201 1197/1409/3201
f 1323/1445/3202 1319/1434/3202 1275/1426/3202
f 1320/890/3203 1339/901/3204 1304/1431/3205
f 1381/917/3206 1298/811/3206 1318/1443/3206
f 1157/1378/2991 1384/1446/3207 1307/1432/3163
f 1325/1437/3208 1342/1447/3208 1228/1421/3208
f 1343/1448/3209 1253/1422/3209 1228/1421/3209
f 1343/1448/3210 1344/1438/3210 1253/1422/3210
f 1326/1449/3211 1277/1433/3211 1238/1407/3211
f 1277/1433/3212 1345/1439/3212 1176/1401/3212
f 1262/840/3213 1314/882/3213 1271/847/3213
f 1346/1442/3214 1344/1438/3214 1343/1448/3214
f 1332/1440/3215 1346/1442/3215 1343/1448/3215
f 1328/896/3216 1330/899/3216 1311/879/3216
f 1228/1421/3217 1332/1440/3217 1343/1448/3217
f 1342/1447/3218 1350/1444/3218 1228/1421/3218
f 1350/1444/3219 1332/1440/3219 1228/1421/3219
f 1368/923/3220 1350/1444/3220 1342/1447/3220
f 1356/932/3221 1316/886/3221 1314/882/3221
f 1330/899/3222 1354/908/3222 1334/900/3222
f 1381/917/3223 1331/1435/3223 1345/1439/3223
f 1368/923/3224 1352/915/3224 1350/1444/3224
f 1333/1441/3225 1353/1450/3225 1346/1442/3225
f 1381/917/3226 1318/1443/3226 1331/1435/3226
f 1316/886/3227 1356/932/3227 1337/889/3227
f 1306/874/3228 1353/1450/3228 1333/1441/3228
f 1352/915/3229 1338/916/3229 1350/1444/3229
f 1337/889/3230 1357/1436/3231 1259/1416/3232
f 1371/911/3233 1336/888/3233 1319/1434/3233
f 1371/911/3234 1319/1434/3234 1323/1445/3234
f 1341/948/3235 1322/1451/3235 1197/1409/3235
f 1322/1451/3236 1198/1400/3115 1197/1409/3082
f 1283/1430/3157 1359/1452/3237 1033/1364/2905
f 1359/1452/3238 1199/1425/3239 1033/1364/3240
f 1275/1426/3130 1360/937/3241 1323/1445/3242
f 1338/916/3243 1306/874/3243 1333/1441/3243
f 1339/901/3204 1358/913/3244 1304/1431/3205
f 1358/913/3245 1268/914/3245 1304/1431/3245
f 1305/875/3246 1338/916/3246 1352/915/3246
f 1306/874/3247 1226/833/3247 1353/1450/3247
f 1261/1427/3248 1324/959/3248 866/1298/3248
f 1361/926/3249 1314/882/3249 1262/840/3249
f 1409/1453/3250 1368/923/3251 1325/1437/3252
f 1368/923/3253 1342/1447/3253 1325/1437/3253
f 1346/1442/3254 1377/1454/3255 1344/1438/3256
f 1374/1455/3257 1381/917/3257 1345/1439/3257
f 1356/932/3258 1372/1456/3258 1337/889/3258
f 1372/1456/3259 1357/1436/3231 1337/889/3230
f 1354/908/3260 1369/921/3260 1358/913/3260
f 1369/921/3261 1370/912/3261 1358/913/3261
f 1322/1451/3262 1248/1420/3262 1198/1400/3262
f 1199/1425/3129 1360/937/3241 1275/1426/3130
f 866/1298/3049 1384/1446/3207 1157/1378/2991
f 1385/1457/3263 1325/1437/3264 1307/1432/3163
f 1344/1438/3265 1386/1458/3265 1238/1407/3265
f 1277/1433/3266 1374/1455/3266 1345/1439/3266
f 1361/926/3267 1376/930/3267 1314/882/3267
f 1377/1454/3268 1386/1458/3268 1344/1438/3268
f 1376/930/3269 1356/932/3269 1314/882/3269
f 1393/1459/3270 1381/917/3271 1374/1455/3272
f 1346/1442/3254 1353/1450/3273 1377/1454/3255
f 1394/902/3274 1381/917/3274 1393/1459/3274
f 1353/1450/3273 1382/1460/3275 1377/1454/3255
f 1379/931/3276 1372/1456/3276 1356/932/3276
f 1383/892/1514 1368/923/1516 1409/1453/3277
f 1248/1420/3168 1395/1461/3278 1283/1430/3169
f 1396/1462/3279 1360/937/3279 1199/1425/3279
f 1226/833/3280 1382/1460/3280 1353/1450/3280
f 1285/894/3281 1367/925/3282 1261/1427/3283
f 1384/1446/3207 1406/1463/3284 1307/1432/3163
f 1326/1449/3285 1374/1455/3285 1277/1433/3285
f 1377/1454/3286 1392/1464/3287 1386/1458/3288
f 1326/1449/3289 1393/1459/3270 1374/1455/3272
f 1392/1464/3290 1393/1459/3290 1326/1449/3290
f 1382/1460/3291 1392/1464/3291 1377/1454/3291
f 1409/1453/3292 1419/924/3292 1383/892/3292
f 1096/745/3293 1394/902/3293 1392/1464/3293
f 1394/902/3294 1393/1459/3294 1392/1464/3294
f 1357/1436/3295 1372/1456/3295 1321/949/3295
f 1360/937/3296 1371/911/3296 1323/1445/3296
f 1322/1451/3297 1395/1461/3297 1248/1420/3297
f 1382/1460/3298 1096/745/3298 1392/1464/3298
f 1226/833/3299 1096/745/3299 1382/1460/3299
f 1367/925/3282 1324/959/3300 1261/1427/3283
f 1324/959/3301 1384/1446/3301 866/1298/3301
f 1386/1458/3302 1397/1465/3302 1238/1407/3302
f 1238/1407/3303 1397/1465/3303 1326/1449/3303
f 1408/1466/3304 1325/1437/3304 1385/1457/3304
f 1408/1466/3305 1409/1453/3250 1325/1437/3252
f 1375/903/3306 1400/944/3306 1376/930/3306
f 1375/903/3307 1376/930/3307 1361/926/3307
f 1447/1467/3308 1409/1453/3309 1408/1466/3310
f 1386/1458/3288 1392/1464/3287 1397/1465/3311
f 1392/1464/3312 1326/1449/3312 1397/1465/3312
f 1447/1467/3313 1419/924/3314 1409/1453/3315
f 1379/931/3316 1403/947/3316 1372/1456/3316
f 1396/1462/3317 1410/940/3317 1360/937/3317
f 1307/1432/3163 1408/1466/3318 1385/1457/3263
f 1403/947/3319 1321/949/3319 1372/1456/3319
f 1341/948/3320 1428/969/3320 1322/1451/3320
f 1359/1452/3238 1411/1468/3321 1199/1425/3239
f 1411/1468/3321 1396/1462/3322 1199/1425/3239
f 1418/946/3323 1426/967/3323 1403/947/3323
f 1418/946/3324 1403/947/3324 1379/931/3324
f 1420/1469/3325 1395/1461/3325 1322/1451/3325
f 1411/1468/3326 1434/953/3326 1396/1462/3326
f 1434/953/3327 1410/940/3327 1396/1462/3327
f 1426/967/3328 1428/969/3328 1403/947/3328
f 1421/961/3329 1419/924/3314 1447/1467/3313
f 1403/947/3330 1428/969/3330 1341/948/3330
f 1442/1470/3331 1406/1463/3284 1384/1446/3207
f 1407/1471/3332 1408/1466/3318 1307/1432/3163
f 1413/950/3333 1430/977/3334 1400/944/3335
f 1430/977/3336 1418/946/3336 1400/944/3336
f 1395/1461/3337 1435/1472/3337 1283/1430/3337
f 1436/990/3338 1359/1452/3338 1283/1430/3338
f 1436/990/3339 1411/1468/3339 1359/1452/3339
f 1406/1463/3284 1407/1471/3332 1307/1432/3163
f 1423/955/3340 1430/977/3334 1413/950/3333
f 1437/1473/3341 1447/1467/3308 1408/1466/3310
f 1431/966/3342 1433/980/3342 1428/969/3342
f 1433/980/3343 1322/1451/3343 1428/969/3343
f 1433/980/3344 1441/988/3344 1322/1451/3344
f 1322/1451/3345 1441/988/3345 1420/1469/3345
f 1452/973/3346 1434/953/3346 1411/1468/3346
f 1450/970/3347 1421/961/3329 1447/1467/3313
f 1405/972/3348 1384/1446/3348 1324/959/3348
f 1446/976/3349 1418/946/3350 1430/977/3351
f 1446/976/3349 1431/966/3352 1418/946/3350
f 1422/954/3353 1460/1474/3354 1432/965/3355
f 1422/954/3356 1412/941/3356 1460/1474/3356
f 1469/979/3357 1440/968/3357 1452/973/3357
f 1453/1475/3358 1435/1472/3358 1395/1461/3358
f 1436/990/3359 1452/973/3359 1411/1468/3359
f 1454/1476/3360 1384/1446/3360 1405/972/3360
f 1437/1473/3361 1408/1466/3361 1407/1471/3361
f 1432/965/3355 1454/1476/3362 1405/972/3363
f 1407/1471/3364 1447/1467/3364 1437/1473/3364
f 1432/965/3355 1460/1474/3354 1454/1476/3362
f 1450/970/3365 1447/1467/3365 1407/1471/3365
f 1469/979/3366 1452/973/3366 1436/990/3366
f 1451/981/3367 1441/988/3367 1433/980/3367
f 1471/1010/3368 1395/1461/3368 1420/1469/3368
f 1471/1010/3369 1453/1475/3369 1395/1461/3369
f 1435/1472/3370 1436/990/3370 1283/1430/3370
f 1435/1472/3371 1478/989/3371 1436/990/3371
f 1404/938/3372 1450/970/3372 1407/1471/3372
f 1441/988/3373 1471/1010/3373 1420/1469/3373
f 1463/1477/3374 1442/1470/3374 1384/1446/3374
f 1406/1463/3375 1464/1478/3375 1407/1471/3375
f 1489/1479/3376 1404/938/3377 1407/1471/3378
f 1460/1474/3379 1479/1480/3379 1454/1476/3379
f 1461/987/3380 1471/1010/3380 1441/988/3380
f 1461/987/3381 1477/1002/3381 1471/1010/3381
f 1453/1475/3382 1487/1003/3382 1435/1472/3382
f 1487/1003/3383 1478/989/3383 1435/1472/3383
f 1454/1476/3384 1479/1480/3384 1384/1446/3384
f 1384/1446/3385 1479/1480/3385 1463/1477/3385
f 1489/1479/3376 1407/1471/3378 1464/1478/3386
f 1460/1474/3387 1486/1014/3388 1479/1480/3389
f 1488/1011/3390 1404/938/3377 1489/1479/3376
f 1412/941/3391 1486/1014/3388 1460/1474/3387
f 1471/1010/3392 1487/1003/3392 1453/1475/3392
f 1442/1470/3331 1491/1481/3393 1406/1463/3284
f 1406/1463/3394 1489/1479/3394 1464/1478/3394
f 1479/1480/3395 1492/1013/3396 1463/1477/3397
f 1494/1482/3398 1489/1479/3398 1406/1463/3398
f 1486/1014/3399 1492/1013/3396 1479/1480/3395
f 1462/991/3400 1489/1479/3401 1494/1482/3402
f 1488/1011/3403 1489/1479/3401 1462/991/3400
f 1463/1477/3404 1493/1483/3404 1442/1470/3404
f 1497/1016/3405 1406/1463/3406 1491/1481/3407
f 1497/1016/3405 1494/1482/3408 1406/1463/3406
f 1492/1013/3409 1495/1004/3409 1463/1477/3409
f 1463/1477/3410 1495/1004/3410 1493/1483/3410
f 1493/1483/3411 1496/1012/3412 1442/1470/3413
f 1495/1004/3414 1496/1012/3412 1493/1483/3411
f 1490/1015/3415 1462/991/3415 1494/1482/3415
f 1497/1016/3416 1490/1015/3416 1494/1482/3416
f 1496/1012/3417 1491/1481/3418 1442/1470/3419
f 1496/1012/3417 1497/1016/3420 1491/1481/3418
usemtl Material.001
f 590/391/3421 587/1484/3421 593/392/3421
f 587/1484/3422 591/393/3422 593/392/3422
f 587/1484/3423 628/1485/3423 591/393/3423
f 628/1485/3424 629/419/3424 591/393/3424
f 630/1486/3425 631/421/3425 629/419/3425
f 679/1487/3426 519/1212/3426 594/468/3426
f 633/1488/3427 587/1484/3427 590/391/3427
f 633/1488/3428 673/1489/3429 587/1484/3430
f 587/1484/3430 673/1489/3429 628/1485/3431
f 630/1486/3432 632/422/3432 631/421/3432
f 680/1490/3433 697/1491/3434 592/390/3435
f 697/1491/3434 589/388/3436 592/390/3435
f 679/1487/3437 680/1490/3437 592/390/3437
f 679/1487/3438 592/390/3438 519/1212/3438
f 697/1491/3439 590/391/3439 589/388/3439
f 743/1492/3440 630/1486/3441 629/419/3442
f 630/1486/3443 716/1493/3444 632/422/3445
f 716/1493/3446 674/1260/3446 632/422/3446
f 743/1492/3447 716/1493/3444 630/1486/3443
f 716/1493/3448 766/1286/3448 674/1260/3448
f 697/1491/3449 633/1488/3449 590/391/3449
f 594/468/3450 767/655/3450 679/1487/3450
f 743/1492/3440 629/419/3442 628/1485/3451
f 803/519/3452 767/655/3452 594/468/3452
f 814/1302/3453 716/1493/3454 743/1492/3455
f 716/1493/3454 814/1302/3453 799/1304/3456
f 680/1490/3457 864/1494/3457 697/1491/3457
f 889/1318/3458 673/1489/3459 633/1488/3460
f 767/655/3461 819/1495/3461 679/1487/3461
f 813/1496/3462 743/1492/3455 628/1485/3463
f 864/1494/3464 633/1488/3465 697/1491/3466
f 673/1489/3459 813/1496/3462 628/1485/3463
f 903/1303/3467 814/1302/3453 743/1492/3455
f 799/1304/3468 766/1286/3468 716/1493/3468
f 679/1487/3469 865/1497/3470 680/1490/3471
f 889/1318/3472 633/1488/3465 864/1494/3464
f 813/1496/3462 903/1303/3467 743/1492/3455
f 865/1497/3470 864/1494/3473 680/1490/3471
f 889/1318/3458 813/1496/3462 673/1489/3459
f 819/1495/3474 865/1497/3470 679/1487/3469
f 934/1308/3475 935/1309/3476 813/1496/3477
f 813/1496/3478 935/1309/3478 903/1303/3478
f 865/1497/3479 967/1342/3479 864/1494/3479
f 965/1319/3480 889/1318/3480 864/1494/3480
f 889/1318/3481 934/1308/3475 813/1496/3477
f 819/1495/3482 967/1342/3482 865/1497/3482
f 967/1342/3483 965/1319/3483 864/1494/3483
f 767/655/3484 967/1342/3484 819/1495/3484
s 0
usemtl Material.002
f 1499/1498/3485 1504/1498/3485 1503/1498/3485 1498/1498/3485
f 1502/1498/3486 1507/1498/3486 1506/1498/3486 1501/1498/3486
f 1500/1498/3487 1505/1498/3487 1504/1498/3487 1499/1498/3487
f 1498/1498/3488 1503/1498/3488 1507/1498/3488 1502/1498/3488
f 1501/1498/3489 1506/1498/3489 1505/1498/3489 1500/1498/3489
f 1504/1498/3490 1505/1498/3490 1506/1498/3490 1507/1498/3490 1503/1498/3490
f 1499/1498/3491 1498/1498/3491 1502/1498/3491 1501/1498/3491 1500/1498/3491
f 1509/1498/3485 1514/1498/3485 1513/1498/3485 1508/1498/3485
f 1512/1498/3486 1517/1498/3486 1516/1498/3486 1511/1498/3486
f 1510/1498/3487 1515/1498/3487 1514/1498/3487 1509/1498/3487
f 1508/1498/3488 1513/1498/3488 1517/1498/3488 1512/1498/3488
f 1511/1498/3489 1516/1498/3489 1515/1498/3489 1510/1498/3489
f 1514/1498/3490 1515/1498/3490 1516/1498/3490 1517/1498/3490 1513/1498/3490
f 1509/1498/3491 1508/1498/3491 1512/1498/3491 1511/1498/3491 1510/1498/3491
f 1519/1498/3485 1524/1498/3485 1523/1498/3485 1518/1498/3485
f 1522/1498/3486 1527/1498/3486 1526/1498/3486 1521/1498/3486
f 1520/1498/3487 1525/1498/3487 1524/1498/3487 1519/1498/3487
f 1518/1498/3488 1523/1498/3488 1527/1498/3488 1522/1498/3488
f 1521/1498/3489 1526/1498/3489 1525/1498/3489 1520/1498/3489
f 1524/1498/3490 1525/1498/3490 1526/1498/3490 1527/1498/3490 1523/1498/3490
f 1519/1498/3491 1518/1498/3491 1522/1498/3491 1521/1498/3491 1520/1498/3491
f 1529/1498/3485 1534/1498/3485 1533/1498/3485 1528/1498/3485
f 1532/1498/3486 1537/1498/3486 1536/1498/3486 1531/1498/3486
f 1530/1498/3487 1535/1498/3487 1534/1498/3487 1529/1498/3487
f 1528/1498/3488 1533/1498/3488 1537/1498/3488 1532/1498/3488
f 1531/1498/3489 1536/1498/3489 1535/1498/3489 1530/1498/3489
f 1534/1498/3490 1535/1498/3490 1536/1498/3490 1537/1498/3490 1533/1498/3490
f 1529/1498/3491 1528/1498/3491 1532/1498/3491 1531/1498/3491 1530/1498/3491
f 1539/1498/3485 1544/1498/3485 1543/1498/3485 1538/1498/3485
f 1542/1498/3486 1547/1498/3486 1546/1498/3486 1541/1498/3486
f 1540/1498/3487 1545/1498/3487 1544/1498/3487 1539/1498/3487
f 1538/1498/3488 1543/1498/3488 1547/1498/3488 1542/1498/3488
f 1541/1498/3489 1546/1498/3489 1545/1498/3489 1540/1498/3489
f 1544/1498/3490 1545/1498/3490 1546/1498/3490 1547/1498/3490 1543/1498/3490
f 1539/1498/3491 1538/1498/3491 1542/1498/3491 1541/1498/3491 1540/1498/3491
f 1549/1498/3485 1554/1498/3485 1553/1498/3485 1548/1498/3485
f 1552/1498/3486 1557/1498/3486 1556/1498/3486 1551/1498/3486
f 1550/1498/3487 1555/1498/3487 1554/1498/3487 1549/1498/3487
f 1548/1498/3488 1553/1498/3488 1557/1498/3488 1552/1498/3488
f 1551/1498/3489 1556/1498/3489 1555/1498/3489 1550/1498/3489
f 1554/1498/3490 1555/1498/3490 1556/1498/3490 1557/1498/3490 1553/1498/3490
f 1549/1498/3491 1548/1498/3491 1552/1498/3491 1551/1498/3491 1550/1498/3491
f 1559/1498/3485 1564/1498/3485 1563/1498/3485 1558/1498/3485
f 1562/1498/3486 1567/1498/3486 1566/1498/3486 1561/1498/3486
f 1560/1498/3487 1565/1498/3487 1564/1498/3487 1559/1498/3487
f 1558/1498/3488 1563/1498/3488 1567/1498/3488 1562/1498/3488
f 1561/1498/3489 1566/1498/3489 1565/1498/3489 1560/1498/3489
f 1564/1498/3490 1565/1498/3490 1566/1498/3490 1567/1498/3490 1563/1498/3490
f 1559/1498/3491 1558/1498/3491 1562/1498/3491 1561/1498/3491 1560/1498/3491
f 1569/1498/3485 1574/1498/3485 1573/1498/3485 1568/1498/3485
f 1572/1498/3486 1577/1498/3486 1576/1498/3486 1571/1498/3486
f 1570/1498/3487 1575/1498/3487 1574/1498/3487 1569/1498/3487
f 1568/1498/3488 1573/1498/3488 1577/1498/3488 1572/1498/3488
f 1571/1498/3489 1576/1498/3489 1575/1498/3489 1570/1498/3489
f 1574/1498/3490 1575/1498/3490 1576/1498/3490 1577/1498/3490 1573/1498/3490
f 1569/1498/3491 1568/1498/3491 1572/1498/3491 1571/1498/3491 1570/1498/3491
f 1579/1498/3485 1584/1498/3485 1583/1498/3485 1578/1498/3485
f 1582/1498/3486 1587/1498/3486 1586/1498/3486 1581/1498/3486
f 1580/1498/3487 1585/1498/3487 1584/1498/3487 1579/1498/3487
f 1578/1498/3488 1583/1498/3488 1587/1498/3488 1582/1498/3488
f 1581/1498/3489 1586/1498/3489 1585/1498/3489 1580/1498/3489
f 1584/1498/3490 1585/1498/3490 1586/1498/3490 1587/1498/3490 1583/1498/3490
f 1579/1498/3491 1578/1498/3491 1582/1498/3491 1581/1498/3491 1580/1498/3491
f 1589/1498/3485 1594/1498/3485 1593/1498/3485 1588/1498/3485
f 1592/1498/3486 1597/1498/3486 1596/1498/3486 1591/1498/3486
f 1590/1498/3487 1595/1498/3487 1594/1498/3487 1589/1498/3487
f 1588/1498/3488 1593/1498/3488 1597/1498/3488 1592/1498/3488
f 1591/1498/3489 1596/1498/3489 1595/1498/3489 1590/1498/3489
f 1594/1498/3490 1595/1498/3490 1596/1498/3490 1597/1498/3490 1593/1498/3490
f 1589/1498/3491 1588/1498/3491 1592/1498/3491 1591/1498/3491 1590/1498/3491
f 1599/1498/3492 1604/1498/3492 1603/1498/3492 1598/1498/3492
f 1602/1498/3486 1607/1498/3486 1606/1498/3486 1601/1498/3486
f 1600/1498/3487 1605/1498/3487 1604/1498/3487 1599/1498/3487
f 1598/1498/3493 1603/1498/3493 1607/1498/3493 1602/1498/3493
f 1601/1498/3489 1606/1498/3489 1605/1498/3489 1600/1498/3489
f 1604/1498/3490 1605/1498/3490 1606/1498/3490 1607/1498/3490 1603/1498/3490
f 1599/1498/3491 1598/1498/3491 1602/1498/3491 1601/1498/3491 1600/1498/3491
f 1609/1498/3485 1614/1498/3485 1613/1498/3485 1608/1498/3485
f 1612/1498/3486 1617/1498/3486 1616/1498/3486 1611/1498/3486
f 1610/1498/3487 1615/1498/3487 1614/1498/3487 1609/1498/3487
f 1608/1498/3488 1613/1498/3488 1617/1498/3488 1612/1498/3488
f 1611/1498/3489 1616/1498/3489 1615/1498/3489 1610/1498/3489
f 1614/1498/3490 1615/1498/3490 1616/1498/3490 1617/1498/3490 1613/1498/3490
f 1609/1498/3491 1608/1498/3491 1612/1498/3491 1611/1498/3491 1610/1498/3491
f 1619/1498/3485 1624/1498/3485 1623/1498/3485 1618/1498/3485
f 1622/1498/3486 1627/1498/3486 1626/1498/3486 1621/1498/3486
f 1620/1498/3487 1625/1498/3487 1624/1498/3487 1619/1498/3487
f 1618/1498/3488 1623/1498/3488 1627/1498/3488 1622/1498/3488
f 1621/1498/3489 1626/1498/3489 1625/1498/3489 1620/1498/3489
f 1624/1498/3490 1625/1498/3490 1626/1498/3490 1627/1498/3490 1623/1498/3490
f 1619/1498/3491 1618/1498/3491 1622/1498/3491 1621/1498/3491 1620/1498/3491
f 1629/1498/3485 1634/1498/3485 1633/1498/3485 1628/1498/3485
f 1632/1498/3486 1637/1498/3486 1636/1498/3486 1631/1498/3486
f 1630/1498/3487 1635/1498/3487 1634/1498/3487 1629/1498/3487
f 1628/1498/3488 1633/1498/3488 1637/1498/3488 1632/1498/3488
f 1631/1498/3489 1636/1498/3489 1635/1498/3489 1630/1498/3489
f 1634/1498/3490 1635/1498/3490 1636/1498/3490 1637/1498/3490 1633/1498/3490
f 1629/1498/3491 1628/1498/3491 1632/1498/3491 1631/1498/3491 1630/1498/3491
f 1639/1498/3485 1644/1498/3485 1643/1498/3485 1638/1498/3485
f 1642/1498/3486 1647/1498/3486 1646/1498/3486 1641/1498/3486
f 1640/1498/3487 1645/1498/3487 1644/1498/3487 1639/1498/3487
f 1638/1498/3488 1643/1498/3488 1647/1498/3488 1642/1498/3488
f 1641/1498/3489 1646/1498/3489 1645/1498/3489 1640/1498/3489
f 1644/1498/3490 1645/1498/3490 1646/1498/3490 1647/1498/3490 1643/1498/3490
f 1639/1498/3491 1638/1498/3491 1642/1498/3491 1641/1498/3491 1640/1498/3491
f 1649/1498/3485 1654/1498/3485 1653/1498/3485 1648/1498/3485
f 1652/1498/3486 1657/1498/3486 1656/1498/3486 1651/1498/3486
f 1650/1498/3487 1655/1498/3487 1654/1498/3487 1649/1498/3487
f 1648/1498/3488 1653/1498/3488 1657/1498/3488 1652/1498/3488
f 1651/1498/3489 1656/1498/3489 1655/1498/3489 1650/1498/3489
f 1654/1498/3490 1655/1498/3490 1656/1498/3490 1657/1498/3490 1653/1498/3490
f 1649/1498/3491 1648/1498/3491 1652/1498/3491 1651/1498/3491 1650/1498/3491
f 1659/1498/3485 1664/1498/3485 1663/1498/3485 1658/1498/3485
f 1662/1498/3486 1667/1498/3486 1666/1498/3486 1661/1498/3486
f 1660/1498/3487 1665/1498/3487 1664/1498/3487 1659/1498/3487
f 1658/1498/3488 1663/1498/3488 1667/1498/3488 1662/1498/3488
f 1661/1498/3489 1666/1498/3489 1665/1498/3489 1660/1498/3489
f 1664/1498/3490 1665/1498/3490 1666/1498/3490 1667/1498/3490 1663/1498/3490
f 1659/1498/3491 1658/1498/3491 1662/1498/3491 1661/1498/3491 1660/1498/3491
f 1669/1498/3485 1674/1498/3485 1673/1498/3485 1668/1498/3485
f 1672/1498/3486 1677/1498/3486 1676/1498/3486 1671/1498/3486
f 1670/1498/3487 1675/1498/3487 1674/1498/3487 1669/1498/3487
f 1668/1498/3488 1673/1498/3488 1677/1498/3488 1672/1498/3488
f 1671/1498/3489 1676/1498/3489 1675/1498/3489 1670/1498/3489
f 1674/1498/3490 1675/1498/3490 1676/1498/3490 1677/1498/3490 1673/1498/3490
f 1669/1498/3491 1668/1498/3491 1672/1498/3491 1671/1498/3491 1670/1498/3491
