# Blender 5.1.2
# www.blender.org
mtllib guitar.mtl
o geometry_0
v -0.256386 -0.312278 0.002781
v -0.257352 -0.296373 0.002636
v -0.256879 -0.276106 0.002836
v -0.254089 -0.260115 0.002185
v -0.256770 -0.276481 -0.063138
v -0.257283 -0.310036 -0.069182
v -0.258305 -0.282104 -0.105567
v -0.253567 -0.254694 -0.105153
v -0.253591 -0.328374 0.002822
v -0.249634 -0.242707 0.002639
v -0.251993 -0.250807 -0.061593
v -0.252164 -0.335959 -0.078487
v -0.257219 -0.316184 -0.105065
v -0.254471 -0.329847 -0.105360
v -0.250357 -0.340017 0.002324
v -0.245717 -0.231712 -0.059041
v -0.244153 -0.226413 -0.104845
v -0.240628 -0.360774 0.002527
v -0.240357 -0.218468 0.002709
v -0.246112 -0.311064 -0.021297
v -0.246473 -0.280531 -0.017041
v -0.247185 -0.349591 -0.105371
v -0.246757 -0.278422 -0.076513
v -0.247195 -0.309527 -0.089800
v -0.245815 -0.283619 -0.090319
v -0.242562 -0.280446 -0.009002
v -0.247076 -0.301844 -0.014900
v -0.242530 -0.266709 -0.012738
v -0.233670 -0.204330 -0.049254
v -0.242047 -0.254661 -0.017037
v -0.244264 -0.270154 -0.031284
v -0.244023 -0.318057 -0.085924
v -0.242718 -0.254668 -0.079233
v -0.242241 -0.255019 -0.089669
v -0.240163 -0.318614 -0.094112
v -0.242386 -0.359660 -0.105232
v -0.242831 -0.274072 -0.094352
v -0.232799 -0.202452 0.002656
v -0.235226 -0.371016 -0.104541
v -0.242142 -0.303927 -0.008896
v -0.238716 -0.250327 -0.008815
v -0.241975 -0.319889 -0.012459
v -0.238632 -0.240631 -0.013042
v -0.240921 -0.334859 -0.025176
v -0.235985 -0.348218 -0.076714
v -0.238855 -0.337782 -0.089118
v -0.242879 -0.325656 -0.087239
v -0.238696 -0.253114 -0.094048
v -0.237640 -0.280469 -0.095957
v -0.230707 -0.375479 0.002572
v -0.228647 -0.310697 -0.007803
v -0.237688 -0.269149 -0.008151
v -0.232436 -0.227429 -0.008346
v -0.236854 -0.343022 -0.013122
v -0.230260 -0.376547 -0.071929
v -0.235443 -0.349659 -0.029001
v -0.237260 -0.232323 -0.032859
v -0.233887 -0.223698 -0.086798
v -0.238210 -0.235888 -0.088569
v -0.234361 -0.348203 -0.089666
v -0.234062 -0.335028 -0.094081
v -0.233804 -0.229730 -0.094324
v -0.234725 -0.313026 -0.095409
v -0.227819 -0.278833 -0.104610
v -0.227465 -0.231211 -0.006959
v -0.230309 -0.355726 -0.013444
v -0.231861 -0.221683 -0.011624
v -0.228989 -0.209844 -0.083324
v -0.218304 -0.177572 -0.048196
v -0.233792 -0.203514 -0.104490
v -0.229770 -0.357533 -0.090378
v -0.230758 -0.218944 -0.093886
v -0.226403 -0.351561 -0.093474
v -0.219552 -0.179482 0.002779
v -0.224375 -0.209584 -0.008352
v -0.222797 -0.368304 -0.012799
v -0.228950 -0.211274 -0.025287
v -0.228478 -0.363101 -0.085394
v -0.225665 -0.203468 -0.058560
v -0.222545 -0.184055 -0.104045
v -0.226851 -0.208762 -0.094307
v -0.225932 -0.219174 -0.096108
v -0.226280 -0.331545 0.002025
v -0.231291 -0.344199 -0.008453
v -0.224172 -0.204479 -0.012459
v -0.220197 -0.387111 0.002592
v -0.227182 -0.364843 -0.024148
v -0.214713 -0.391949 -0.084132
v -0.220490 -0.373169 -0.079477
v -0.222479 -0.385769 -0.105258
v -0.220315 -0.197660 -0.094285
v -0.214105 -0.242683 -0.095813
v -0.219842 -0.363502 -0.008592
v -0.214643 -0.202365 -0.007032
v -0.216147 -0.189216 -0.017469
v -0.217598 -0.189169 -0.081982
v -0.209321 -0.162661 -0.102776
v -0.221069 -0.370932 -0.090108
v -0.214431 -0.185797 -0.094407
v -0.220983 -0.366038 -0.094594
v -0.215436 -0.348063 -0.094818
v -0.201159 -0.262567 -0.096834
v -0.210273 -0.395123 0.002427
v -0.197511 -0.144936 0.001057
v -0.194002 -0.312387 -0.007690
v -0.216023 -0.193025 -0.008523
v -0.217823 -0.375348 -0.018245
v -0.193892 -0.315436 -0.095062
v -0.205381 -0.399153 -0.105623
v -0.177996 -0.254646 -0.104557
v -0.204449 -0.156308 -0.103791
v -0.175122 -0.179604 0.001784
v -0.209787 -0.181129 -0.008395
v -0.211352 -0.377386 -0.012105
v -0.206592 -0.386085 -0.019592
v -0.210578 -0.177103 -0.082267
v -0.206169 -0.386559 -0.078362
v -0.209640 -0.177405 -0.093760
v -0.210076 -0.372266 -0.093984
v -0.207628 -0.184259 -0.096709
v -0.199962 -0.401748 0.002182
v -0.201428 -0.173872 -0.007293
v -0.207941 -0.175016 -0.014192
v -0.192773 -0.136794 -0.063738
v -0.200442 -0.401110 -0.068353
v -0.211683 -0.380463 -0.089337
v -0.204801 -0.381452 -0.094149
v -0.200715 -0.024532 0.002760
v -0.200501 -0.386397 -0.012457
v -0.201229 -0.166814 -0.013463
v -0.202585 -0.166792 -0.029459
v -0.201663 -0.166994 -0.093404
v -0.200481 -0.388302 -0.090721
v -0.175342 -0.173588 -0.096713
v -0.198813 -0.013645 0.003362
v -0.193835 -0.139926 0.002391
v -0.199222 -0.048793 0.002605
v -0.194641 0.003568 0.002789
v -0.195115 0.000806 -0.026419
v -0.200618 -0.026025 -0.102727
v -0.200821 -0.163273 -0.083216
v -0.198614 -0.048458 -0.103104
v -0.195517 0.000810 -0.102556
v -0.184512 -0.409868 0.002222
v -0.194297 -0.066172 0.002558
v -0.191537 -0.157597 -0.008711
v -0.191611 -0.153052 -0.013056
v -0.195431 -0.392960 -0.018911
v -0.195093 -0.393170 -0.088530
v -0.191963 -0.387217 -0.093147
v -0.191457 -0.152732 -0.094635
v -0.182686 -0.410872 -0.105759
v -0.190374 -0.162077 -0.096893
v -0.188275 -0.127328 0.002185
v -0.189602 -0.083011 0.002201
v -0.184765 -0.017207 0.002455
v -0.192058 -0.021522 -0.008437
v -0.197560 -0.376159 -0.008806
v -0.191292 -0.045017 -0.011057
v -0.193413 -0.028739 -0.024401
v -0.189299 -0.130021 -0.045771
v -0.183919 0.022406 -0.052824
v -0.191809 -0.014487 -0.051187
v -0.183315 -0.137633 -0.044461
v -0.192343 -0.046450 -0.069994
v -0.192673 -0.021180 -0.088940
v -0.188104 -0.143785 -0.088554
v -0.184806 -0.409417 -0.083712
v -0.190104 -0.131950 -0.102780
v -0.191668 -0.045620 -0.089692
v -0.185953 0.019882 -0.101837
v -0.191599 -0.029473 -0.093115
v -0.188658 -0.079168 -0.102947
v -0.199494 -0.017572 -0.103099
v -0.189125 0.011512 -0.103376
v -0.162687 -0.308888 0.001559
v -0.185467 -0.110215 0.001968
v -0.182355 0.025390 0.001681
v -0.169279 -0.253219 -0.007961
v -0.185166 -0.160953 -0.007288
v -0.185873 -0.097967 -0.045206
v -0.188659 -0.004142 -0.009175
v -0.188562 -0.392349 -0.012953
v -0.184636 -0.111072 -0.049905
v -0.191484 -0.050337 -0.020889
v -0.179247 -0.399369 -0.023628
v -0.188908 -0.003139 -0.084946
v -0.185152 -0.115494 -0.061403
v -0.179052 -0.399543 -0.086498
v -0.185762 -0.102275 -0.102215
v -0.190307 -0.077411 -0.100400
v -0.185595 -0.116057 -0.103217
v -0.168066 -0.263115 -0.097596
v -0.172390 -0.239184 -0.096819
v -0.187788 -0.009088 -0.094424
v -0.175192 0.033607 0.003012
v -0.181843 -0.143272 -0.008640
v -0.188048 -0.057260 -0.008063
v -0.184881 -0.051139 -0.005938
v -0.184042 -0.004762 -0.005142
v -0.183275 0.005355 -0.008272
v -0.184061 -0.141890 -0.013408
v -0.186526 -0.065253 -0.028536
v -0.183398 -0.078851 -0.032001
v -0.178155 0.018338 -0.057934
v -0.186484 -0.063593 -0.085485
v -0.182608 -0.137009 -0.092841
v -0.180675 0.027348 -0.102989
v -0.184511 0.003767 -0.086579
v -0.183401 -0.069038 -0.094150
v -0.182148 -0.396811 -0.090005
v -0.187077 -0.053935 -0.095478
v -0.182790 0.000642 -0.094203
v -0.182228 -0.011383 -0.095582
v -0.166531 -0.416817 0.002017
v -0.172177 -0.337742 -0.009329
v -0.161838 -0.309473 -0.008704
v -0.183719 -0.072340 -0.008049
v -0.176695 -0.394810 -0.012345
v -0.178571 -0.132092 -0.014420
v -0.179542 0.014251 -0.014692
v -0.173740 0.034279 -0.028144
v -0.181970 -0.397068 -0.017733
v -0.182576 -0.090360 -0.019590
v -0.183220 -0.078562 -0.012925
v -0.177594 0.017369 -0.086415
v -0.174886 0.033920 -0.099290
v -0.183495 -0.075379 -0.089671
v -0.177145 -0.095054 -0.089630
v -0.176852 -0.127169 -0.092208
v -0.179634 -0.082973 -0.094020
v -0.171273 -0.291573 -0.096915
v -0.176192 -0.130828 -0.094335
v -0.164871 0.042766 -0.103064
v -0.158539 -0.387658 0.001119
v -0.153531 -0.248890 0.001875
v -0.176787 -0.134246 -0.009253
v -0.178688 -0.090464 -0.009089
v -0.176123 -0.066891 -0.006508
v -0.174881 0.017972 -0.008408
v -0.171291 -0.376746 -0.009862
v -0.175023 -0.109650 -0.014194
v -0.176222 -0.113380 -0.027466
v -0.175017 0.021686 -0.029450
v -0.179428 -0.129563 -0.053557
v -0.178512 -0.096257 -0.036384
v -0.176289 -0.110782 -0.089018
v -0.178068 -0.126082 -0.085527
v -0.177867 -0.097252 -0.071842
v -0.163790 -0.416817 -0.063839
v -0.172697 -0.397708 -0.093728
v -0.173635 -0.099356 -0.094083
v -0.174744 0.015552 -0.094206
v -0.172445 -0.141480 -0.096190
v -0.175279 -0.078262 -0.095881
v -0.159411 -0.105138 -0.103099
v -0.151353 -0.231141 0.001732
v -0.166288 -0.131541 -0.007643
v -0.171494 -0.114369 -0.007925
v -0.165015 0.032229 -0.014287
v -0.168680 -0.401134 -0.014217
v -0.164082 0.042591 -0.045218
v -0.165975 0.031359 -0.085879
v -0.168017 0.024297 -0.094218
v -0.159955 0.046031 0.003087
v -0.154419 -0.218688 -0.007727
v -0.168666 -0.093074 -0.007165
v -0.166218 0.020370 -0.005873
v -0.163773 0.031320 -0.008639
v -0.165544 -0.406550 -0.018821
v -0.166795 -0.405520 -0.089640
v -0.161865 -0.106394 -0.095981
v -0.165266 0.011039 -0.095401
v -0.134785 -0.380616 -0.105436
v -0.140041 -0.291588 -0.007080
v -0.121655 -0.004676 -0.007204
v -0.162750 -0.408340 -0.087044
v -0.162340 -0.400654 -0.093532
v -0.158513 0.033844 -0.093861
v -0.147355 -0.364860 -0.095033
v -0.161162 -0.017843 -0.095947
v -0.158750 -0.419060 -0.105575
v -0.150183 -0.294131 0.002323
v -0.151762 -0.268018 0.002437
v -0.135724 0.016309 -0.005705
v -0.157180 -0.402670 -0.012559
v -0.153503 0.042238 -0.055589
v -0.153122 0.041962 -0.088049
v -0.141659 -0.308161 -0.096597
v -0.151865 0.050915 0.001605
v -0.133662 -0.266390 -0.005840
v -0.126608 -0.026035 -0.007856
v -0.149686 0.034824 -0.005388
v -0.151444 0.041954 -0.009626
v -0.136265 -0.362895 -0.009090
v -0.161186 -0.408479 -0.018332
v -0.153638 0.049341 -0.043365
v -0.152208 -0.409105 -0.075606
v -0.153893 0.049795 -0.103414
v -0.150131 -0.408481 -0.089097
v -0.151099 0.029906 -0.095715
v -0.126586 -0.193087 -0.103919
v -0.150645 -0.286779 0.010251
v -0.146300 -0.423579 0.001874
v -0.124655 -0.066805 0.001309
v -0.137916 -0.424825 -0.028392
v -0.136219 -0.282852 -0.006277
v -0.140457 -0.237362 -0.009709
v -0.145759 -0.174171 -0.008567
v -0.152406 0.040199 -0.094275
v -0.148305 -0.289205 0.012684
v -0.149938 -0.268589 0.012949
v -0.148807 -0.294482 0.010390
v -0.148479 -0.249408 0.004390
v -0.147907 -0.233087 0.005654
v -0.128637 -0.217411 0.001223
v -0.108801 -0.045619 0.001409
v -0.127288 -0.301358 -0.007334
v -0.128995 -0.219193 -0.007304
v -0.143057 0.043988 -0.007525
v -0.139687 -0.392591 -0.009577
v -0.136813 0.056512 -0.049738
v -0.146372 -0.410617 -0.025272
v -0.145790 0.492420 -0.052598
v -0.145432 0.487505 -0.058460
v -0.114584 -0.382716 -0.093796
v -0.151175 -0.329672 -0.095459
v -0.141112 -0.236698 -0.096632
v -0.129702 -0.049934 -0.096665
v -0.111998 -0.319228 -0.104813
v -0.143014 -0.266867 0.015911
v -0.133655 -0.267191 0.004410
v -0.092743 0.016777 0.002189
v -0.135921 0.056988 0.002480
v -0.141790 0.446144 -0.034978
v -0.140962 0.440384 -0.041127
v -0.142255 0.485936 -0.046686
v -0.141177 0.495895 -0.046272
v -0.143592 0.484489 -0.057719
v -0.139486 0.496336 -0.060269
v -0.136817 -0.425154 -0.105734
v -0.133357 -0.411202 -0.089543
v -0.130296 -0.406064 -0.093209
v -0.110882 -0.285623 -0.097531
v -0.119895 -0.124735 -0.096838
v -0.141999 0.043833 -0.095477
v -0.118082 -0.298734 0.001637
v -0.131204 -0.130251 0.001058
v -0.138319 0.048626 -0.042667
v -0.137661 0.438302 -0.031323
v -0.137283 0.441534 -0.027725
v -0.138694 0.450176 -0.031991
v -0.138063 0.492549 -0.043456
v -0.137695 0.438654 -0.044307
v -0.138355 0.448601 -0.045644
v -0.138685 0.487815 -0.064796
v -0.136925 0.057483 -0.103128
v -0.132281 -0.413445 -0.079343
v -0.136801 0.048535 -0.093462
v -0.104447 -0.399335 -0.094420
v -0.131713 -0.286947 0.014842
v -0.130903 -0.140432 -0.008055
v -0.127342 -0.077301 -0.008804
v -0.135476 0.047952 -0.009440
v -0.131482 -0.413865 -0.023801
v -0.134916 0.448283 -0.027674
v -0.134439 0.484077 -0.044939
v -0.136554 0.443625 -0.047005
v -0.131969 0.482550 -0.057929
v -0.133410 -0.266889 0.016406
v -0.119190 -0.294917 0.007984
v -0.130176 -0.230597 0.005904
v -0.133311 -0.229921 0.001724
v -0.119466 0.060220 0.001648
v -0.134073 -0.408264 -0.013092
v -0.112792 -0.398267 -0.010416
v -0.122609 -0.234318 -0.008803
v -0.127535 0.451865 -0.031287
v -0.121827 0.452515 -0.041425
v -0.093626 -0.260751 -0.097719
v -0.121952 0.060329 -0.102740
v -0.115756 -0.293471 0.005623
v -0.106709 -0.250111 -0.007107
v -0.128054 -0.411025 -0.013732
v -0.121636 0.442958 -0.028356
v -0.113282 0.052694 -0.028011
v -0.127233 0.480558 -0.047652
v -0.120880 0.439310 -0.043077
v -0.119738 0.495176 -0.046239
v -0.125137 0.482821 -0.058303
v -0.117203 -0.293822 0.013309
v -0.114873 -0.430086 0.001886
v -0.119619 -0.056260 -0.007935
v -0.105083 0.042262 -0.006821
v -0.097619 0.052433 -0.011631
v -0.107161 0.437898 -0.031443
v -0.121441 0.448843 -0.043866
v -0.119790 0.051907 -0.083629
v -0.121135 0.487855 -0.058667
v -0.123130 0.523381 -0.064301
v -0.122894 0.526661 -0.061726
v -0.122047 -0.428495 -0.106184
v -0.122970 -0.412377 -0.094110
v -0.066512 -0.176262 -0.097201
v -0.102588 0.012050 -0.096718
v -0.097295 -0.278994 0.016847
v -0.090769 -0.269355 0.017752
v -0.101388 -0.230031 0.006141
v -0.124300 -0.114147 0.000576
v -0.105128 -0.341975 -0.009316
v -0.117027 -0.180389 -0.008135
v -0.092721 0.049277 -0.007954
v -0.112279 -0.418514 -0.013493
v -0.114311 -0.101139 -0.011008
v -0.112969 -0.076827 -0.010365
v -0.120623 -0.417294 -0.017158
v -0.120357 -0.419591 -0.026477
v -0.099163 0.487279 -0.039704
v -0.109890 0.491920 -0.042120
v -0.120708 -0.419440 -0.085503
v -0.114621 0.478085 -0.055490
v -0.117802 0.528349 -0.075368
v -0.110274 0.051707 -0.093777
v -0.101363 -0.363980 -0.094641
v -0.097361 -0.239055 -0.097266
v -0.071134 -0.113497 -0.096852
v -0.106603 0.045246 -0.096284
v -0.115824 -0.297165 0.010965
v -0.056281 -0.415120 0.000725
v -0.110428 -0.107836 -0.000749
v -0.113153 -0.090162 -0.001027
v -0.126813 -0.112531 -0.008905
v -0.103439 -0.038229 -0.007752
v -0.103556 -0.374417 -0.010661
v -0.105753 -0.117292 -0.009827
v -0.117478 -0.422214 -0.016463
v -0.112578 0.454842 -0.038107
v -0.118274 0.479263 -0.051040
v -0.125578 0.494999 -0.058933
v -0.117732 0.520254 -0.054206
v -0.116377 0.531048 -0.059365
v -0.119231 0.518834 -0.064262
v -0.114521 0.529750 -0.065734
v -0.117537 -0.422201 -0.090776
v -0.117281 0.520134 -0.070722
v -0.116124 0.519581 -0.077035
v -0.113003 0.525246 -0.080924
v -0.115305 -0.418733 -0.093149
v -0.093169 -0.433211 0.001317
v -0.103302 -0.143687 -0.008274
v -0.113479 -0.090049 -0.008566
v -0.098650 -0.412562 -0.011768
v -0.100914 -0.057420 -0.009661
v -0.113839 -0.423996 -0.019853
v -0.101540 0.448299 -0.028920
v -0.113922 -0.423978 -0.087314
v -0.104078 -0.431473 -0.057390
v -0.103218 0.438498 -0.040488
v -0.110054 0.475807 -0.046368
v -0.104844 0.524508 -0.053584
v -0.107331 0.533170 -0.058413
v -0.106606 0.517994 -0.068236
v -0.110983 0.532472 -0.069794
v -0.081170 -0.194105 -0.097505
v -0.097223 -0.432898 -0.105722
v -0.106145 -0.268066 0.003674
v -0.104735 -0.115770 -0.000874
v -0.108032 -0.074089 -0.001186
v -0.097854 -0.122918 -0.009216
v -0.109810 -0.108756 -0.009588
v -0.102248 0.438122 -0.028994
v -0.102910 0.451565 -0.033724
v -0.102817 0.456399 -0.038515
v -0.100356 0.450858 -0.040064
v -0.105708 0.478058 -0.042562
v -0.107389 0.519440 -0.050752
v -0.100812 0.477748 -0.053790
v -0.101885 0.516968 -0.052171
v -0.080119 0.055265 -0.084890
v -0.108615 0.517482 -0.079561
v -0.104274 0.529976 -0.071873
v -0.076193 -0.306213 -0.097059
v -0.064083 -0.143106 -0.097269
v -0.057334 -0.297041 0.008898
v -0.082189 -0.292265 0.005544
v -0.096030 -0.124234 -0.000568
v -0.107640 -0.074850 -0.004129
v -0.087925 -0.268817 -0.006522
v -0.093887 -0.226691 -0.007182
v -0.103738 0.520692 -0.042574
v -0.102544 0.474683 -0.049615
v -0.101260 0.488716 -0.054541
v -0.098270 0.516895 -0.060869
v -0.091580 0.531462 -0.059721
v -0.098753 0.519014 -0.069360
v -0.090482 0.061950 -0.103201
v -0.097184 -0.230052 0.004871
v -0.094738 0.061071 0.002199
v -0.100556 -0.060423 -0.001289
v -0.101879 -0.065610 -0.004470
v -0.091689 -0.013665 -0.007455
v -0.087191 0.054150 -0.026884
v -0.098716 0.511472 -0.026811
v -0.098036 0.522966 -0.031658
v -0.100872 0.457478 -0.033850
v -0.101160 0.474396 -0.041420
v -0.099069 0.512599 -0.040236
v -0.098153 0.522219 -0.040839
v -0.100792 0.460994 -0.054518
v -0.101990 0.471835 -0.056841
v -0.095661 0.527252 -0.055760
v -0.098477 0.527596 -0.069019
v -0.100842 0.531134 -0.067586
v -0.095728 0.518163 -0.075486
v -0.101314 0.524982 -0.079708
v -0.074717 0.054782 -0.092867
v -0.093398 0.052174 -0.095487
v -0.092744 -0.237911 0.003648
v -0.092225 -0.039938 0.001689
v -0.092849 -0.051904 -0.001333
v -0.067914 -0.155550 -0.008315
v -0.088750 -0.129407 -0.009469
v -0.097673 0.426975 -0.018750
v -0.096183 0.451143 -0.016825
v -0.095830 0.477339 -0.023461
v -0.098106 0.479259 -0.026644
v -0.098901 0.505899 -0.027793
v -0.096025 0.522948 -0.027950
v -0.095138 0.524978 -0.038784
v -0.099167 0.491104 -0.045385
v -0.084035 -0.434544 -0.047505
v -0.100611 0.460132 -0.043658
v -0.097363 0.514064 -0.056974
v -0.098202 0.492348 -0.052136
v -0.093371 0.531551 -0.066166
v -0.055541 -0.022274 -0.096916
v -0.077650 -0.108570 -0.103248
v -0.092096 -0.238199 0.016424
v -0.092571 -0.231145 0.017075
v -0.093119 -0.243167 0.014994
v -0.093498 -0.229222 0.001381
v -0.045351 -0.300573 0.001065
v -0.094029 -0.055750 -0.004830
v -0.079828 -0.247335 -0.006652
v -0.086862 -0.045550 -0.008377
v -0.085551 0.042666 -0.007581
v -0.098226 0.433022 -0.016907
v -0.092478 0.475013 -0.015911
v -0.070586 -0.421605 -0.015486
v -0.088547 0.062109 -0.032034
v -0.092806 0.472591 -0.019983
v -0.097744 0.431421 -0.034273
v -0.089450 0.507612 -0.029345
v -0.089630 0.540798 -0.045264
v -0.095547 0.459025 -0.043730
v -0.089918 0.473764 -0.057104
v -0.089032 0.062480 -0.092955
v -0.090706 -0.243846 0.008079
v -0.093202 -0.230005 0.007617
v -0.089397 -0.269758 0.003698
v -0.078325 -0.232516 0.002418
v -0.087505 0.060771 0.003523
v -0.077804 -0.131908 -0.000426
v -0.088643 -0.127587 -0.001917
v -0.089991 0.414926 -0.008815
v -0.085819 0.428854 -0.005517
v -0.091283 0.450473 -0.012274
v -0.090637 0.454796 -0.011558
v -0.091553 0.464085 -0.013332
v -0.089581 0.471456 -0.012282
v -0.066133 -0.349223 -0.009737
v -0.085506 0.051631 -0.012783
v -0.090027 0.479711 -0.023610
v -0.085048 0.416454 -0.028892
v -0.084573 0.502631 -0.028271
v -0.088718 0.522918 -0.028217
v -0.090004 0.522757 -0.035932
v -0.092884 0.437892 -0.038162
v -0.083346 0.055398 -0.064164
v -0.089651 0.518271 -0.062899
v -0.088546 0.534588 -0.065695
v -0.088289 0.524450 -0.067641
v -0.093778 0.525915 -0.074310
v -0.036786 -0.419924 -0.093238
v -0.071251 -0.333525 -0.095365
v -0.033919 -0.403965 -0.106197
v -0.086159 0.146586 0.007665
v -0.078780 -0.232214 0.007409
v -0.085776 0.055102 0.005748
v -0.086729 0.069549 0.006980
v -0.084021 0.216620 0.007418
v -0.086369 0.000870 0.003917
v -0.086757 0.145788 0.005052
v -0.083910 -0.046781 -0.000434
v -0.086708 0.116727 -0.016901
v -0.083118 0.404345 -0.000219
v -0.083342 -0.048963 -0.004599
v -0.086854 0.078650 -0.014418
v -0.085876 0.163930 -0.013105
v -0.066852 -0.225023 -0.007512
v -0.067634 -0.383174 -0.010750
v -0.084005 0.459731 -0.015205
v -0.085539 0.127630 -0.019100
v -0.086477 0.472251 -0.020057
v -0.070476 -0.424221 -0.019072
v -0.087288 0.069903 -0.053474
v -0.081502 0.407065 -0.024212
v -0.085340 0.088106 -0.032826
v -0.084975 0.103564 -0.025851
v -0.084176 0.513158 -0.027088
v -0.084908 0.520128 -0.031608
v -0.084247 0.511488 -0.034716
v -0.079969 0.524722 -0.041002
v -0.084290 0.458999 -0.042150
v -0.087708 0.479140 -0.048937
v -0.081267 0.558999 -0.051957
v -0.083580 0.083648 -0.063807
v -0.084610 0.464015 -0.053217
v -0.083535 0.549928 -0.065480
v -0.083222 0.518201 -0.059755
v -0.061710 -0.436734 -0.083445
v -0.084881 0.080592 -0.097846
v -0.055133 0.046474 -0.095980
v -0.086520 0.064273 -0.099502
v -0.073205 -0.352401 -0.105030
v -0.044378 0.034592 -0.103358
v -0.078292 -0.242185 0.009958
v -0.082593 0.192142 0.008144
v -0.082479 0.255544 0.008927
v -0.081592 0.281297 0.009362
v -0.081585 0.335821 0.008927
v -0.081014 0.397858 0.009506
v -0.083837 0.107479 0.007119
v -0.069897 -0.267179 0.001366
v -0.079967 0.400650 0.004224
v -0.081195 0.412978 -0.000015
v -0.070721 -0.140285 0.000358
v -0.080809 0.398948 -0.011400
v -0.083946 0.204379 -0.015294
v -0.082068 0.267079 -0.013193
v -0.073977 -0.134201 -0.009627
v -0.075049 0.056146 -0.008854
v -0.080982 0.448144 -0.014590
v -0.080649 0.454949 -0.011527
v -0.084474 0.469654 -0.013329
v -0.045585 -0.419471 -0.012634
v -0.082397 0.055398 -0.019911
v -0.080336 0.268416 -0.017035
v -0.079596 0.394800 -0.014848
v -0.080779 0.464136 -0.021628
v -0.083380 0.142357 -0.019867
v -0.081999 0.480086 -0.026507
v -0.079756 0.146175 -0.021299
v -0.079366 0.106032 -0.029021
v -0.080025 0.111946 -0.025701
v -0.080400 0.500821 -0.033723
v -0.081559 0.089285 -0.045962
v -0.076813 0.097760 -0.040214
v -0.079562 0.463188 -0.041548
v -0.080174 0.473924 -0.045417
v -0.056963 0.535946 -0.046104
v -0.086847 0.500942 -0.054004
v -0.083243 0.473298 -0.054077
v -0.077457 0.088972 -0.073077
v -0.082673 0.546208 -0.068508
v -0.075464 0.558133 -0.070416
v -0.077863 0.088493 -0.097291
v -0.063718 -0.381981 -0.093985
v -0.024817 -0.249384 -0.097043
v -0.067042 -0.436948 -0.106418
v -0.038171 -0.021715 -0.103207
v -0.067686 -0.230756 0.012541
v -0.074942 0.138933 0.007841
v -0.078995 0.396780 0.010057
v -0.078082 -0.235108 0.006395
v -0.060975 -0.436526 0.001240
v -0.034270 -0.269993 0.003057
v -0.066816 -0.254218 0.001119
v -0.063477 -0.035687 0.002680
v -0.063626 -0.003821 0.004677
v -0.043786 -0.230703 0.000697
v -0.063698 0.014355 -0.004893
v -0.075988 0.041115 -0.006219
v -0.076808 0.061540 -0.014949
v -0.077108 0.362566 -0.016679
v -0.077426 0.453626 -0.018851
v -0.078039 0.060799 -0.024609
v -0.076426 0.394184 -0.018418
v -0.079414 0.124004 -0.022615
v -0.074738 0.446197 -0.035732
v -0.077922 0.059825 -0.063601
v -0.075468 0.090532 -0.056478
v -0.043446 0.015791 -0.096851
v -0.048192 -0.285851 0.016397
v -0.056341 -0.291736 0.004957
v -0.067576 -0.269014 0.010538
v -0.068763 0.060266 0.006651
v -0.069442 0.407581 0.000509
v -0.074463 0.433752 -0.011756
v -0.069075 -0.046386 -0.005079
v -0.042871 -0.308437 -0.006940
v -0.061691 -0.021591 -0.006540
v -0.072363 0.075210 -0.026802
v -0.075387 0.225705 -0.019609
v -0.074969 0.286983 -0.017729
v -0.073142 0.416356 -0.026123
v -0.073564 0.065339 -0.030434
v -0.066105 0.066998 -0.036916
v -0.067475 0.064321 -0.042864
v -0.072291 0.561924 -0.054394
v -0.068900 0.090505 -0.095502
v -0.053784 -0.410234 -0.094310
v -0.040614 -0.322814 -0.095861
v -0.070655 0.062634 -0.102666
v -0.050958 -0.231236 0.017363
v -0.064518 0.387205 0.008998
v -0.068723 0.404982 0.004666
v -0.071498 0.094741 0.000511
v -0.071626 0.255618 0.000115
v -0.071273 0.402704 0.000187
v -0.073637 0.095874 -0.004410
v -0.073759 0.234254 -0.004479
v -0.073512 0.401350 -0.004254
v -0.047450 -0.140326 -0.008784
v -0.066568 0.072398 -0.008892
v -0.073706 0.099246 -0.008672
v -0.073725 0.224763 -0.008677
v -0.073694 0.398550 -0.008606
v -0.073506 0.069470 -0.012950
v -0.068077 0.077107 -0.013679
v -0.071390 0.096595 -0.012881
v -0.071516 0.222820 -0.013142
v -0.071463 0.401391 -0.012702
v -0.072826 0.375500 -0.017260
v -0.064773 0.486035 -0.030920
v -0.057825 -0.436794 -0.050884
v -0.061454 0.479557 -0.046021
v -0.074972 0.089811 -0.059038
v -0.045547 0.520919 -0.059647
v -0.064539 0.063973 -0.069405
v 0.018790 -0.271030 -0.104671
v -0.065293 -0.244434 0.015127
v -0.056368 0.266897 0.008713
v -0.064194 -0.135058 -0.000506
v -0.067590 0.098065 0.002839
v -0.067420 0.232752 0.002781
v -0.067236 0.304540 0.002915
v -0.067333 0.398864 0.002547
v -0.067010 0.092036 -0.006114
v -0.067044 0.405146 -0.004712
v -0.050255 -0.325741 -0.007918
v -0.039829 -0.280552 -0.006947
v -0.064866 -0.135387 -0.009418
v -0.067352 0.101258 -0.015330
v -0.067259 0.221887 -0.015558
v -0.067377 0.286628 -0.014937
v -0.067368 0.398671 -0.014838
v -0.066942 0.078813 -0.022435
v -0.038639 0.134107 -0.021934
v -0.062500 0.077023 -0.030245
v -0.055225 0.094876 -0.039698
v -0.051818 0.560842 -0.052804
v -0.057175 0.560805 -0.071896
v -0.057891 0.062270 -0.079470
v -0.057577 -0.245027 0.014541
v -0.032793 0.397532 0.009557
v -0.023987 -0.042712 -0.000345
v -0.046870 0.098895 0.002913
v -0.056728 0.067070 -0.007584
v -0.053267 0.441555 -0.016385
v -0.045207 -0.407794 -0.010021
v -0.061033 0.097107 -0.014692
v -0.046683 0.240497 -0.015442
v -0.036204 0.269304 -0.017905
v -0.051465 -0.424880 -0.029982
v -0.058807 -0.424164 -0.086838
v -0.051708 0.432209 -0.029141
v -0.055761 0.054980 -0.093811
v -0.059411 -0.296077 0.013773
v -0.036557 -0.241246 0.009726
v -0.043000 -0.267088 0.001406
v -0.046827 0.232657 0.002754
v -0.046778 0.405129 -0.004772
v -0.053587 -0.181701 -0.008155
v -0.055222 -0.042537 -0.008873
v -0.046387 0.398777 -0.014773
v -0.048305 0.078662 -0.014350
v -0.038598 0.227915 -0.019582
v -0.052295 0.402690 -0.020488
v -0.042317 0.113825 -0.025640
v -0.052830 0.066155 -0.039805
v -0.049434 0.065104 -0.064028
v -0.039021 0.089347 -0.078742
v -0.044064 0.560115 -0.070661
v -0.027609 0.064123 -0.099580
v -0.047097 -0.296100 0.014341
v -0.053346 -0.242325 0.016168
v -0.011100 -0.268336 0.007473
v -0.033223 0.387924 0.008925
v -0.035477 -0.231064 0.008831
v -0.039565 0.403195 0.004493
v -0.042881 0.407293 0.001358
v -0.033013 -0.045672 -0.001256
v -0.042698 0.094703 0.000341
v -0.049206 0.072905 -0.009296
v -0.044320 -0.371898 -0.010328
v -0.037698 0.362431 -0.016699
v -0.039614 0.394129 -0.018067
v -0.032978 0.053607 -0.094319
v -0.040967 0.089604 -0.096886
v -0.029134 0.062911 -0.102897
v -0.040935 -0.242877 0.012449
v -0.030820 0.152317 0.007587
v -0.032153 0.312250 0.008971
v -0.049869 -0.285270 0.004120
v -0.036670 -0.234969 0.006933
v -0.039338 -0.291992 0.003678
v -0.035578 -0.233036 0.002323
v -0.027467 -0.035889 0.000838
v -0.058842 -0.168588 0.000662
v -0.046806 0.398392 0.002571
v -0.042454 0.402418 0.000105
v -0.046972 0.092163 -0.006516
v -0.011084 -0.248619 -0.007655
v -0.028102 -0.034902 -0.009059
v -0.043243 0.056229 -0.008182
v -0.040972 -0.134728 -0.009171
v -0.032082 -0.042170 -0.009646
v -0.046611 0.102070 -0.015473
v -0.045168 0.078036 -0.025180
v -0.045192 0.489643 -0.031781
v -0.044442 0.074796 -0.029660
v -0.034202 0.106604 -0.029361
v -0.037350 0.097611 -0.039918
v -0.045801 0.064164 -0.046222
v -0.040655 0.089489 -0.059062
v -0.036655 0.560653 -0.053324
v -0.044125 0.061654 -0.076375
v -0.026117 -0.271123 0.017300
v -0.038654 -0.291486 0.005972
v -0.040898 -0.284681 0.004293
v -0.033372 0.400580 0.003297
v -0.018680 -0.435314 0.001249
v -0.021277 -0.138701 0.000055
v -0.041764 -0.134365 -0.000493
v -0.040008 0.429541 -0.010320
v -0.022622 -0.269028 -0.006718
v -0.047212 -0.226499 -0.007304
v -0.028495 -0.017628 -0.008979
v -0.037130 0.005219 -0.006019
v -0.037861 0.039167 -0.006641
v -0.044047 0.063760 -0.009814
v -0.046582 -0.107751 -0.014541
v -0.043526 -0.105634 -0.013709
v -0.042386 0.096591 -0.012934
v -0.027632 -0.423938 -0.017357
v -0.034073 0.150402 -0.021053
v -0.032940 0.116582 -0.024040
v -0.045887 0.066102 -0.036277
v -0.032410 0.523547 -0.040662
v -0.035886 0.490152 -0.049823
v -0.019868 -0.437424 -0.106174
v -0.029103 -0.382072 -0.094403
v -0.027444 0.064907 0.006714
v -0.028539 0.018533 0.004344
v 0.036342 -0.422995 0.000625
v -0.042544 0.232806 0.000199
v -0.040807 0.099701 -0.004376
v -0.040538 0.202578 -0.004558
v -0.039802 0.400984 -0.004638
v -0.017335 -0.436050 -0.007564
v -0.039852 -0.108672 -0.009134
v -0.040716 0.100019 -0.009057
v -0.040445 0.206524 -0.008920
v -0.039751 0.398294 -0.008639
v -0.043876 0.076660 -0.014630
v -0.042347 0.229240 -0.013275
v -0.042263 0.401554 -0.012828
v -0.039336 0.061424 -0.013998
v -0.040307 0.074578 -0.022184
v -0.032081 0.405714 -0.022023
v -0.016779 -0.436822 -0.049406
v -0.036840 0.432609 -0.029942
v -0.035848 0.462255 -0.040225
v -0.034108 0.475701 -0.045350
v -0.033719 0.558876 -0.051073
v -0.036561 0.089411 -0.059522
v -0.008219 -0.297045 0.008771
v -0.027350 0.108907 0.006902
v -0.023961 -0.159410 -0.008334
v -0.038538 -0.108651 -0.012630
v -0.036356 0.451333 -0.018416
v -0.037238 0.061470 -0.025228
v -0.035191 0.468373 -0.024430
v -0.018246 -0.424497 -0.020116
v -0.040244 0.065033 -0.030319
v -0.022680 0.533918 -0.042468
v -0.035901 0.060024 -0.068552
v -0.030726 -0.409847 -0.094869
v -0.034687 -0.296469 -0.096982
v -0.030633 -0.082292 -0.096852
v -0.014097 0.061326 -0.103357
v -0.031477 0.266611 0.008675
v -0.024083 -0.293944 0.006368
v -0.022800 -0.296420 0.003434
v -0.033457 0.417319 -0.001734
v -0.029303 0.431441 -0.006585
v -0.029280 0.043117 -0.009122
v -0.033171 0.455466 -0.010740
v -0.029689 0.051942 -0.013796
v -0.031110 0.449242 -0.013790
v -0.032907 0.458810 -0.015357
v -0.032200 0.470325 -0.015044
v -0.034444 0.376066 -0.013852
v -0.035454 0.395815 -0.016760
v -0.033687 0.464862 -0.020806
v -0.031251 0.055713 -0.024277
v -0.032699 0.502898 -0.026706
v -0.032080 0.484600 -0.027857
v -0.032400 0.505794 -0.033822
v -0.035008 0.092816 -0.044803
v -0.031932 0.457744 -0.039845
v -0.012500 -0.424342 -0.069272
v -0.033820 0.469680 -0.048298
v -0.019508 0.517245 -0.059303
v -0.012839 -0.436215 -0.078159
v -0.032010 0.055258 -0.084946
v -0.034655 0.087178 -0.096691
v -0.023813 -0.269006 0.016712
v -0.021649 -0.242833 0.015186
v -0.008776 -0.296598 0.010418
v -0.025520 -0.292628 0.013539
v -0.025895 -0.239631 0.003431
v -0.028608 0.163504 0.006869
v -0.030147 0.222282 0.007024
v -0.028968 0.407765 -0.004130
v -0.030478 -0.045348 -0.005313
v -0.031021 0.237828 -0.012479
v -0.032762 0.331770 -0.011468
v -0.033483 0.396440 -0.010306
v -0.023910 -0.130922 -0.008941
v -0.027214 0.012644 -0.008057
v -0.027754 0.468354 -0.011888
v -0.029185 0.472685 -0.020366
v -0.029031 0.117511 -0.019850
v -0.032983 0.241613 -0.016934
v -0.030372 0.497680 -0.028305
v -0.029082 0.523630 -0.028762
v -0.031758 0.511191 -0.036004
v -0.029272 0.055263 -0.059797
v -0.027877 0.443036 -0.036540
v -0.027304 0.546852 -0.047496
v -0.030400 0.460976 -0.050876
v -0.029443 0.469265 -0.054345
v -0.029815 0.474197 -0.053750
v -0.025019 0.535503 -0.065350
v -0.032325 0.551090 -0.069384
v -0.029721 0.081494 -0.097709
v 0.028424 -0.348575 -0.105613
v -0.022272 -0.230830 0.016912
v -0.023831 -0.240790 0.006063
v -0.019721 -0.230289 0.004970
v -0.016786 -0.267692 0.001670
v -0.017774 -0.229139 0.000504
v -0.026708 0.060279 0.001031
v -0.025386 -0.130206 -0.001268
v -0.026244 0.009560 0.001099
v -0.020577 -0.045194 -0.008899
v -0.023653 0.048676 -0.007641
v -0.027001 0.060965 -0.003946
v -0.026424 0.067479 -0.044172
v -0.027455 0.086031 -0.020163
v -0.029494 0.178167 -0.014685
v -0.023989 0.455280 -0.012171
v -0.012067 -0.404083 -0.010623
v -0.015730 -0.136329 -0.009333
v -0.025544 0.472588 -0.019983
v -0.025336 0.062311 -0.042117
v -0.022574 0.418575 -0.024238
v -0.017015 0.480587 -0.022542
v -0.023470 0.421368 -0.028010
v -0.020256 0.504637 -0.028732
v -0.029867 0.510981 -0.026613
v -0.029094 0.100758 -0.027782
v -0.027835 0.505520 -0.030323
v -0.024984 0.523782 -0.035620
v -0.029371 0.087594 -0.040975
v -0.029467 0.082496 -0.062785
v -0.024651 0.480697 -0.049200
v -0.025526 0.063440 -0.093606
v 0.002696 -0.379123 -0.094252
v 0.009008 -0.000477 -0.096274
v -0.019853 -0.237702 0.004623
v -0.021185 -0.049939 -0.004401
v -0.020591 -0.046916 -0.001757
v -0.020748 0.418745 -0.012560
v -0.021936 0.450235 -0.013132
v -0.021112 0.499739 -0.028005
v -0.017992 0.523064 -0.028182
v -0.015643 0.456004 -0.040523
v -0.019715 0.524887 -0.039065
v -0.016922 0.461753 -0.050761
v -0.021657 0.530276 -0.060370
v -0.013932 0.475616 -0.057232
v -0.023404 0.062310 -0.087651
v -0.021869 0.525507 -0.060949
v 0.018584 -0.415343 -0.093870
v -0.011485 -0.333771 -0.094738
v 0.023032 -0.157788 -0.096568
v 0.028907 -0.070778 -0.096347
v -0.014607 0.048333 -0.096074
v 0.013834 -0.434178 -0.107418
v -0.020543 -0.229664 0.010433
v -0.013481 -0.256802 0.001752
v -0.018227 0.060102 0.001213
v -0.013002 -0.219037 -0.007505
v -0.016443 -0.054083 -0.008170
v -0.016719 0.051637 -0.012133
v -0.014058 0.427957 -0.019918
v -0.017674 0.457123 -0.018655
v -0.016487 0.477902 -0.022569
v -0.024793 0.053577 -0.025561
v -0.015611 0.506978 -0.028320
v -0.015883 0.508188 -0.026745
v -0.015229 0.428394 -0.032481
v -0.008208 0.439666 -0.040776
v -0.018980 0.527884 -0.052320
v 0.002677 0.051852 -0.046619
v -0.013711 0.482032 -0.052752
v -0.015577 0.494852 -0.052965
v -0.013054 0.468810 -0.057365
v -0.015577 0.519263 -0.068374
v 0.046051 -0.242988 -0.096265
v 0.033768 -0.124480 -0.103143
v -0.000636 -0.269230 0.012783
v -0.010973 -0.297627 0.001015
v -0.011811 -0.122048 -0.000818
v -0.003610 0.060506 0.000251
v -0.014530 -0.057014 -0.003857
v 0.001746 -0.183139 -0.008973
v -0.010869 -0.122497 -0.008879
v -0.012753 -0.008770 -0.008486
v -0.003703 0.027915 -0.009069
v -0.005212 -0.064062 -0.010808
v 0.004014 0.060447 -0.027928
v -0.016091 0.457685 -0.020017
v -0.011580 0.451235 -0.031917
v -0.011210 0.467648 -0.035816
v -0.014445 0.482518 -0.037979
v -0.014323 0.487958 -0.041919
v -0.016452 0.519087 -0.040586
v -0.006279 0.433045 -0.038832
v -0.008395 0.450876 -0.040578
v -0.015355 0.525160 -0.043220
v -0.014243 0.488944 -0.049720
v -0.015897 0.514054 -0.047568
v -0.017247 0.514448 -0.057642
v -0.010805 0.530068 -0.071247
v -0.007422 -0.066406 -0.004519
v 0.004330 -0.331301 -0.009144
v -0.009631 -0.063309 -0.008145
v 0.010926 -0.357577 -0.009907
v -0.010076 0.433927 -0.026899
v -0.010420 0.448843 -0.029703
v -0.011972 0.478742 -0.042736
v -0.011032 0.519179 -0.040751
v -0.007995 0.527247 -0.045621
v -0.009895 0.461149 -0.053758
v -0.009670 0.477679 -0.054164
v -0.011993 0.487947 -0.054149
v -0.013378 0.517344 -0.058053
v -0.012660 0.533317 -0.061031
v 0.010992 -0.296861 -0.096491
v -0.001269 -0.108839 -0.001120
v -0.005235 -0.115538 -0.010237
v -0.007170 0.047798 -0.008395
v -0.000370 -0.050886 -0.009511
v 0.009719 -0.018323 -0.009645
v -0.003270 0.432505 -0.030354
v -0.004395 0.459751 -0.036459
v -0.005686 0.464953 -0.045379
v -0.007351 0.473790 -0.047436
v -0.006260 0.518544 -0.044144
v -0.005143 0.457523 -0.045962
v -0.007413 0.475266 -0.051059
v -0.006915 0.473649 -0.054468
v -0.001552 0.517785 -0.054570
v -0.005647 0.532001 -0.056324
v -0.003131 0.517595 -0.074676
v 0.006131 0.060351 -0.102674
v -0.005069 0.524718 -0.077240
v -0.003224 0.050148 -0.094017
v 0.022777 -0.263617 -0.096976
v -0.006887 0.051954 -0.093654
v 0.035033 -0.406884 -0.107228
v 0.085187 -0.028789 -0.103042
v -0.000975 -0.229964 0.003957
v 0.001656 -0.044346 -0.000133
v -0.000794 -0.102807 -0.005156
v -0.000659 -0.075291 -0.004837
v 0.011638 -0.408659 -0.010514
v 0.005214 -0.129027 -0.009176
v 0.000069 -0.105227 -0.010551
v 0.002321 -0.078865 -0.009481
v 0.016989 -0.423909 -0.019639
v 0.004046 0.448666 -0.030011
v -0.003900 0.450758 -0.037731
v -0.000985 0.489902 -0.056922
v -0.000929 0.520786 -0.054360
v -0.002052 0.527135 -0.057820
v 0.009155 0.516614 -0.066696
v 0.011196 -0.325241 -0.095428
v 0.025447 -0.117636 -0.096285
v 0.014618 -0.285227 0.009545
v 0.014906 -0.296592 0.007107
v 0.017385 -0.432451 0.000422
v 0.000224 -0.067493 -0.001993
v 0.003690 -0.086826 -0.001205
v 0.026655 -0.280920 -0.007773
v 0.004770 -0.235074 -0.009296
v 0.006597 -0.148187 -0.009459
v 0.002431 -0.089730 -0.008729
v 0.015281 -0.420359 -0.013209
v 0.014308 0.447592 -0.043563
v 0.005583 0.446014 -0.043448
v 0.009806 0.493726 -0.053760
v -0.001193 0.533125 -0.061308
v 0.024653 -0.295758 0.000431
v 0.016888 -0.260091 -0.007762
v 0.020669 0.048976 -0.011874
v 0.007858 0.435844 -0.027412
v 0.005846 0.432279 -0.029840
v 0.008826 0.433882 -0.043168
v 0.006736 0.478650 -0.043265
v 0.006404 0.491290 -0.043755
v 0.020393 0.476641 -0.055015
v 0.003572 0.476099 -0.057268
v 0.005965 0.520410 -0.058088
v 0.009202 0.527776 -0.062471
v 0.022161 0.048930 -0.086439
v 0.005349 0.520454 -0.078596
v 0.029194 -0.269083 0.009046
v 0.031386 -0.248274 0.000875
v 0.019695 -0.107735 -0.010309
v 0.024707 0.025256 -0.009142
v 0.018696 -0.432316 -0.063790
v 0.023268 0.447842 -0.039704
v 0.010916 0.476111 -0.046714
v 0.016017 0.476341 -0.057636
v 0.015777 -0.424013 -0.087098
v 0.015474 0.490043 -0.062188
v 0.010405 0.519378 -0.062855
v 0.009461 0.525725 -0.074683
v 0.038290 -0.391937 -0.094817
v 0.037005 -0.214620 -0.096612
v 0.038165 -0.029769 -0.096148
v 0.045658 -0.300725 0.000376
v 0.018299 -0.122980 -0.000010
v 0.019661 0.057988 0.000022
v 0.014096 -0.064724 -0.009985
v 0.014617 0.433212 -0.031018
v 0.024038 0.491531 -0.048629
v 0.025056 0.494442 -0.054361
v 0.010655 0.518439 -0.073316
v 0.042236 -0.426138 0.001112
v 0.034380 -0.268584 0.000627
v 0.031288 -0.232641 -0.010261
v 0.024309 0.044398 -0.008734
v 0.025353 0.048483 -0.022149
v 0.018006 0.478976 -0.046438
v 0.017475 0.444158 -0.048333
v 0.024887 0.493804 -0.060511
v 0.020479 0.058070 -0.103328
v 0.029890 0.037712 -0.095518
v 0.033507 -0.229718 0.001693
v 0.066421 0.031687 0.000235
v 0.029681 -0.411570 -0.012787
v 0.019899 -0.084492 -0.009708
v 0.020855 -0.420042 -0.016684
v 0.020347 0.447092 -0.032163
v 0.024249 0.056323 -0.051402
v 0.023665 0.433686 -0.038013
v 0.020277 0.433067 -0.045381
v 0.022364 0.437230 -0.047876
v 0.025339 0.480505 -0.050741
v 0.018971 -0.421922 -0.090727
v 0.001185 -0.220228 -0.104257
v 0.033412 -0.249475 -0.009284
v 0.044278 -0.215943 -0.008996
v 0.022165 -0.420534 -0.031879
v 0.024371 0.436987 -0.035146
v 0.024375 0.444554 -0.034912
v 0.023162 0.443340 -0.047349
v 0.022850 0.489695 -0.063941
v 0.020121 0.047954 -0.094181
v 0.030621 -0.414683 -0.089016
v 0.050758 -0.360784 -0.095048
v 0.042963 -0.325756 -0.095244
v 0.073347 -0.214413 -0.095911
v 0.038474 0.036138 -0.008961
v 0.040347 -0.136882 -0.010010
v 0.032937 -0.415075 -0.022058
v 0.026324 0.440480 -0.041912
v 0.034440 -0.414424 -0.071756
v 0.025824 0.482205 -0.058244
v 0.028067 0.489782 -0.057870
v 0.031854 0.054099 -0.102727
v 0.033790 0.041243 -0.094577
v 0.035375 -0.429626 -0.108020
v 0.038676 -0.293619 0.006854
v 0.038077 -0.428352 -0.000385
v 0.039479 -0.294057 0.000542
v 0.038460 -0.270221 0.000371
v 0.034560 -0.228828 0.000070
v 0.035989 -0.297514 -0.008945
v 0.036028 -0.271253 -0.009193
v 0.067728 -0.364220 -0.009739
v 0.039184 0.041325 -0.012010
v 0.036476 -0.415125 -0.037769
v 0.042232 0.041501 -0.029741
v 0.038785 -0.427753 -0.064136
v 0.033326 0.044505 -0.088362
v 0.032029 -0.406528 -0.093839
v 0.050159 -0.072167 -0.010187
v 0.043311 -0.412900 -0.019360
v 0.078773 -0.059423 -0.102957
v 0.037761 -0.268900 0.007320
v 0.071773 -0.113535 0.000128
v 0.032074 0.054232 0.000148
v 0.075187 -0.328686 -0.009272
v 0.058395 -0.178803 -0.010111
v 0.041982 0.040271 -0.084736
v 0.045799 -0.411607 -0.081566
v 0.039761 -0.411791 -0.089312
v 0.043107 0.032505 -0.093995
v 0.057242 -0.084590 -0.095668
v 0.064118 -0.189614 -0.104302
v 0.083654 -0.050737 -0.000040
v 0.048018 -0.272672 -0.008544
v 0.052810 -0.407986 -0.012803
v 0.065833 -0.397467 -0.011849
v 0.058332 -0.010901 -0.010104
v 0.049040 0.035041 -0.012118
v 0.040729 0.049836 -0.048234
v 0.052563 -0.423432 -0.066648
v 0.049896 0.044252 -0.103150
v 0.040989 0.039324 -0.090367
v 0.059627 -0.287227 -0.097141
v 0.058042 -0.121297 -0.094637
v 0.050600 0.017330 -0.095287
v 0.085916 -0.328890 -0.106785
v 0.078890 -0.241480 -0.105449
v 0.071402 -0.089247 0.000108
v 0.058008 -0.299682 -0.009144
v 0.061259 0.015413 -0.009173
v 0.051230 0.043181 -0.044063
v 0.054913 -0.423190 -0.108713
v 0.062989 -0.408009 -0.086861
v 0.061756 -0.401315 -0.093736
v 0.050756 -0.424410 0.000138
v 0.072297 -0.411988 0.001367
v 0.073728 -0.394434 -0.011534
v 0.059662 -0.087131 -0.009549
v 0.053844 0.032744 -0.024240
v 0.053380 0.031347 -0.080886
v 0.055868 0.026109 -0.089886
v 0.055734 0.020628 -0.093895
v 0.073136 -0.012803 -0.095434
v 0.059284 -0.130893 -0.008620
v 0.057938 -0.111948 -0.009021
v 0.066794 -0.401316 -0.013422
v 0.065946 -0.145446 -0.009758
v 0.059632 0.024781 -0.012376
v 0.062034 -0.408378 -0.019475
v 0.060553 -0.162296 -0.095473
v 0.064669 0.009769 -0.095376
v 0.084949 0.001615 -0.000067
v 0.053198 0.043648 -0.000578
v 0.061480 -0.103440 -0.012630
v 0.067123 -0.058837 -0.009370
v 0.066459 -0.406634 -0.089814
v 0.060553 -0.095489 -0.093961
v 0.093591 -0.265441 -0.096894
v 0.077395 -0.383120 -0.107634
v 0.076051 -0.412372 -0.000207
v 0.076021 -0.258856 -0.009227
v 0.071212 -0.414777 -0.021078
v 0.066018 -0.084518 -0.012793
v 0.067734 0.015588 -0.012315
v 0.067164 -0.406272 -0.017291
v 0.063230 -0.126229 -0.011992
v 0.061361 0.035081 -0.049436
v 0.065480 -0.127436 -0.028650
v 0.063414 -0.101513 -0.024750
v 0.063189 -0.113414 -0.045233
v 0.063959 -0.099424 -0.060515
v 0.062738 -0.117596 -0.088200
v 0.061940 0.033598 -0.103305
v 0.065669 -0.128545 -0.085589
v 0.062982 0.019930 -0.081805
v 0.066299 -0.087778 -0.087237
v 0.061857 -0.102360 -0.089398
v 0.065885 -0.080722 -0.094656
v 0.067335 -0.047954 -0.095798
v 0.069258 -0.112599 -0.102478
v 0.070900 -0.095258 -0.102523
v 0.081058 -0.210432 0.000118
v 0.077848 -0.161543 -0.008155
v 0.073645 -0.049065 -0.008678
v 0.075408 -0.004286 -0.008274
v 0.069668 -0.069396 -0.012205
v 0.069898 -0.138419 -0.016402
v 0.069803 -0.074297 -0.017074
v 0.072928 -0.400186 -0.020197
v 0.065154 0.020772 -0.028559
v 0.070509 -0.402910 -0.073330
v 0.069455 -0.072718 -0.089634
v 0.069841 0.023766 -0.102212
v 0.067286 -0.143779 -0.093803
v 0.069554 -0.061236 -0.094256
v 0.087613 -0.383547 -0.094107
v 0.096053 -0.346671 -0.095306
v 0.078951 -0.162080 -0.095247
v 0.099274 -0.394799 0.000767
v 0.080345 -0.136922 0.000005
v 0.087443 -0.007346 0.000066
v 0.071436 -0.142284 -0.012224
v 0.073706 -0.058165 -0.011947
v 0.073877 0.007215 -0.012742
v 0.072090 -0.065099 -0.022732
v 0.070591 0.024795 -0.044058
v 0.070427 -0.107864 -0.044516
v 0.070417 -0.098997 -0.085621
v 0.072570 -0.056557 -0.088936
v 0.070957 -0.139294 -0.067149
v 0.070160 -0.140641 -0.089472
v 0.070743 -0.400396 -0.089616
v 0.070420 -0.108551 -0.101107
v 0.073253 -0.045747 -0.094287
v 0.072504 -0.002466 -0.094089
v 0.098082 -0.371228 -0.093959
v 0.074191 -0.123724 -0.001097
v 0.071728 -0.099974 -0.000744
v 0.077086 -0.075335 -0.000335
v 0.075145 0.021068 -0.000904
v 0.071231 -0.096635 -0.029667
v 0.078658 -0.153019 -0.012858
v 0.078447 -0.040605 -0.013503
v 0.076231 0.004501 -0.025912
v 0.071491 -0.117479 -0.058209
v 0.071356 0.005777 -0.088657
v 0.073157 -0.123589 -0.101208
v 0.075523 -0.073835 -0.101549
v 0.077659 -0.039795 -0.087553
v 0.074139 -0.413484 -0.108931
v 0.079409 -0.395655 -0.084322
v 0.077833 -0.390277 -0.093648
v 0.076686 -0.027438 -0.094400
v 0.091359 -0.240836 -0.096180
v 0.085311 -0.173355 -0.095208
v 0.082408 -0.390696 -0.012947
v 0.081661 -0.210181 -0.009772
v 0.078727 -0.007734 -0.011383
v 0.078773 -0.043850 -0.023531
v 0.080918 -0.027634 -0.028113
v 0.079820 -0.008570 -0.033157
v 0.093248 -0.399778 0.000283
v 0.076834 -0.132251 -0.101234
v 0.079225 -0.026622 -0.087839
v 0.077930 -0.013443 -0.088997
v 0.080219 -0.156719 -0.089394
v 0.084944 -0.390112 -0.090064
v 0.086536 -0.405505 -0.108899
v 0.082148 0.008769 -0.000849
v 0.092321 -0.381480 -0.011200
v 0.087935 -0.390496 -0.024551
v 0.084239 -0.041145 -0.055530
v 0.097842 -0.396678 -0.088527
v 0.087733 -0.390633 -0.076343
v 0.084130 -0.160308 -0.069929
v 0.077155 0.010075 -0.102907
v 0.083535 -0.042225 -0.101720
v 0.079153 -0.137864 -0.102723
v 0.119328 -0.371750 0.000342
v 0.093250 -0.159839 0.000127
v 0.085824 -0.044717 -0.001251
v 0.092257 -0.190752 -0.008378
v 0.088196 -0.178442 -0.008727
v 0.098943 -0.282065 -0.010184
v 0.105962 -0.245830 -0.010234
v 0.087945 -0.169303 -0.012213
v 0.085781 -0.024647 -0.068962
v 0.084583 -0.008219 -0.064692
v 0.084132 -0.010097 -0.103168
v 0.095324 -0.297258 -0.096918
v 0.092310 -0.194335 -0.096041
v 0.088237 -0.025828 -0.000457
v 0.094852 -0.364669 -0.010305
v 0.095836 -0.183767 -0.011850
v 0.100585 -0.377005 -0.018672
v 0.087677 -0.166622 -0.026419
v 0.089461 -0.170337 -0.082587
v 0.096186 -0.380541 -0.089358
v 0.123867 -0.212314 -0.106801
v 0.105904 -0.388224 0.001156
v 0.139011 -0.252325 0.000346
v 0.121139 -0.206551 0.000236
v 0.104133 -0.177362 0.000062
v 0.081166 -0.139286 -0.063011
v 0.094177 -0.182156 -0.094136
v 0.107098 -0.220473 -0.096058
v 0.119619 -0.373401 -0.109689
v 0.102187 -0.372361 -0.012749
v 0.104428 -0.209323 -0.009659
v 0.103193 -0.195888 -0.012169
v 0.097902 -0.182869 -0.029018
v 0.097602 -0.182544 -0.082515
v 0.105168 -0.372774 -0.069005
v 0.090939 -0.156039 -0.103223
v 0.118000 -0.321934 -0.095724
v 0.102357 -0.174533 -0.103810
v 0.106134 -0.388756 -0.109132
v 0.111318 -0.361099 -0.010890
v 0.115722 -0.350785 -0.010898
v 0.105233 -0.195806 -0.052911
v 0.100910 -0.376596 -0.085732
v 0.103798 -0.197406 -0.089745
v 0.103526 -0.367825 -0.094357
v 0.111267 -0.212622 -0.012551
v 0.109691 -0.366876 -0.019438
v 0.114966 -0.359696 -0.086580
v 0.109912 -0.384261 -0.052445
v 0.112015 -0.357678 -0.093227
v 0.104777 -0.204110 -0.093813
v 0.121685 -0.260719 -0.095589
v 0.115222 -0.238049 -0.094866
v 0.116000 -0.197114 -0.000523
v 0.122962 -0.291852 -0.010492
v 0.112964 -0.210079 -0.032051
v 0.111580 -0.210979 -0.090079
v 0.119456 -0.338005 -0.094998
v 0.143093 -0.306934 0.000279
v 0.116434 -0.341310 -0.010895
v 0.120839 -0.255182 -0.010433
v 0.116565 -0.226032 -0.012033
v 0.115848 -0.358446 -0.025029
v 0.104924 -0.178192 -0.046570
v 0.119187 -0.226755 -0.046555
v 0.113615 -0.211013 -0.071276
v 0.114636 -0.194518 -0.105293
v 0.116106 -0.351407 -0.092356
v 0.113023 -0.221572 -0.094511
v 0.123996 -0.291617 -0.096073
v 0.121487 -0.370154 -0.000934
v 0.119209 -0.238817 -0.012548
v 0.120249 -0.343946 -0.012871
v 0.117508 -0.222778 -0.018765
v 0.122524 -0.341458 -0.026539
v 0.120141 -0.348457 -0.073229
v 0.119383 -0.373166 -0.072435
v 0.123412 -0.338239 -0.088017
v 0.138622 -0.251750 -0.107642
v 0.137024 -0.338517 0.000547
v 0.131752 -0.230404 0.000249
v 0.122707 -0.324600 -0.012518
v 0.124807 -0.254667 -0.011724
v 0.126745 -0.321328 -0.019787
v 0.122923 -0.236853 -0.060571
v 0.119355 -0.230771 -0.087858
v 0.124216 -0.246072 -0.089558
v 0.126727 -0.312933 -0.094131
v 0.128126 -0.305852 -0.013059
v 0.128489 -0.276650 -0.012496
v 0.127978 -0.261917 -0.015813
v 0.127065 -0.324519 -0.054228
v 0.127846 -0.255014 -0.051878
v 0.126836 -0.321835 -0.088711
v 0.124139 -0.252777 -0.094702
v 0.130424 -0.354143 -0.000577
v 0.131028 -0.294365 -0.024509
v 0.131562 -0.308489 -0.036631
v 0.129280 -0.274415 -0.042635
v 0.131517 -0.308300 -0.086542
v 0.131010 -0.290412 -0.084369
v 0.128274 -0.260021 -0.089292
v 0.129890 -0.355418 -0.108712
v 0.128787 -0.289554 -0.094286
v 0.133676 -0.235144 -0.106890
v 0.131621 -0.229964 -0.059312
v 0.140401 -0.261635 -0.107638
v 0.143014 -0.277417 0.000327
v 0.136678 -0.339694 -0.108803
v 0.140007 -0.328446 -0.000496
v 0.139047 -0.254498 -0.050175
v 0.139875 -0.327297 -0.109386
v 0.142563 -0.307610 -0.108881
v 0.142444 -0.279050 -0.107668
vn -0.9997 0.0234 -0.0018
vn -0.9999 0.0160 -0.0040
vn -0.9981 -0.0605 0.0106
vn -0.9993 0.0090 0.0350
vn -0.9995 -0.0318 0.0037
vn -0.9853 0.1701 0.0131
vn -0.9852 -0.1711 0.0070
vn -0.9688 0.2478 0.0043
vn -0.9851 0.1718 -0.0026
vn -0.9634 -0.2679 0.0081
vn -0.9831 0.1832 -0.0056
vn -0.9810 -0.1940 0.0009
vn -0.9832 0.1817 0.0193
vn -0.9782 -0.2051 0.0334
vn -0.9382 -0.3462 0.0018
vn -0.9794 -0.1979 0.0391
vn -0.2099 -0.0211 -0.9775
vn -0.9498 0.3128 -0.0046
vn -0.9371 -0.3490 0.0034
vn -0.9502 0.3115 0.0065
vn -0.9488 0.3158 0.0041
vn -0.9339 0.3574 0.0044
vn -0.9055 -0.4243 0.0111
vn -0.9143 0.4049 -0.0075
vn -0.8732 -0.4873 0.0026
vn -0.2902 -0.1252 0.9487
vn -0.9172 0.3982 0.0148
vn 0.6154 -0.2082 -0.7602
vn -0.9044 0.4268 -0.0003
vn -0.9111 0.4121 0.0081
vn 0.0159 0.0064 -0.9999
vn 0.0316 -0.0018 -0.9995
vn 0.0303 0.0098 -0.9995
vn -0.8290 -0.5592 0.0117
vn 0.0859 0.0104 -0.9962
vn 0.1751 -0.0013 -0.9846
vn 0.6543 0.1660 -0.7378
vn 0.6610 0.1701 -0.7309
vn -0.7580 -0.6523 0.0048
vn 0.0327 0.0018 -0.9995
vn 0.0239 0.0029 -0.9997
vn 0.0870 0.0125 -0.9961
vn 0.2016 -0.0236 -0.9792
vn 0.2366 -0.0450 -0.9706
vn -0.7420 -0.6704 0.0052
vn -0.7566 -0.6539 0.0043
vn 0.6446 0.3493 -0.6801
vn -0.8663 0.4996 -0.0035
vn -0.8673 0.4977 0.0093
vn -0.8658 0.5003 0.0077
vn -0.4039 -0.3071 -0.8617
vn 0.2023 -0.0917 -0.9750
vn 0.8128 -0.3845 -0.4376
vn 0.5782 0.3066 -0.7561
vn 0.5992 0.3605 -0.7149
vn -0.8671 0.4980 -0.0026
vn -0.7058 -0.7084 -0.0051
vn -0.6871 -0.7255 0.0403
vn 0.0814 0.0094 -0.9966
vn 0.2000 -0.0914 -0.9755
vn 0.8567 -0.5155 -0.0196
vn -0.8507 0.5256 0.0036
vn 0.0071 0.0064 -1.0000
vn 0.0262 0.0037 -0.9997
vn 0.0095 0.0128 -0.9999
vn 0.0042 0.0191 -0.9998
vn 0.2214 -0.1217 -0.9676
vn 0.7899 -0.4032 -0.4620
vn 0.4046 0.4490 -0.7967
vn -0.6165 -0.7874 -0.0038
vn -0.0018 0.0060 -1.0000
vn -0.1803 0.1265 -0.9754
vn 0.6042 0.6834 -0.4098
vn -0.8477 0.5304 -0.0009
vn -0.6281 -0.7781 0.0037
vn 0.0003 0.0016 -1.0000
vn 0.0038 0.0106 -0.9999
vn 0.2372 -0.1188 -0.9642
vn 0.2181 -0.1039 -0.9704
vn -0.5406 -0.8413 -0.0039
vn 0.8675 -0.4971 -0.0184
vn -0.5376 -0.8432 -0.0033
vn 0.8170 -0.5708 0.0817
vn -0.5643 -0.8249 0.0315
vn 0.0079 0.0099 -0.9999
vn 0.3101 0.4070 -0.8592
vn 0.1566 0.2916 -0.9436
vn -0.8429 0.5381 0.0060
vn 0.0003 0.0175 -0.9998
vn -0.9840 0.1740 -0.0378
vn -0.9719 0.2353 -0.0065
vn 0.6698 -0.4993 -0.5496
vn -0.9981 -0.0614 -0.0000
vn -0.9757 0.2193 0.0032
vn 0.8167 -0.5769 -0.0110
vn -0.9960 -0.0889 -0.0060
vn -0.9913 0.1317 -0.0028
vn 0.0237 0.0575 -0.9981
vn -0.9355 -0.2658 0.2330
vn -0.9627 -0.2706 -0.0081
vn -0.9610 -0.2763 -0.0064
vn -0.9774 0.2113 0.0052
vn -0.8617 0.5073 0.0040
vn -0.2637 -0.0074 -0.9646
vn 0.1313 -0.1650 -0.9775
vn 0.3683 0.7808 -0.5047
vn -0.9149 0.4037 -0.0031
vn -0.9004 0.4343 -0.0265
vn -0.8110 0.5834 0.0436
vn -0.4652 -0.8852 -0.0048
vn -0.8835 0.4684 -0.0057
vn 0.8321 -0.5545 -0.0090
vn -0.9743 -0.2252 -0.0056
vn -0.4715 -0.8819 -0.0030
vn -0.8854 0.4647 0.0047
vn -0.8863 0.4630 -0.0032
vn -0.8940 0.4478 0.0141
vn -0.4583 -0.8887 0.0141
vn -0.4587 -0.8885 0.0145
vn -0.8822 -0.2879 -0.3726
vn -0.7094 0.3782 -0.5947
vn 0.0087 0.0101 -0.9999
vn -0.0164 0.0023 -0.9999
vn 0.0119 -0.0147 -0.9998
vn -0.9867 0.1616 -0.0185
vn -0.9882 -0.1499 -0.0304
vn 0.1127 0.3049 -0.9457
vn -0.9959 -0.0888 -0.0145
vn -0.9706 0.2404 0.0072
vn -0.8714 0.4905 -0.0019
vn -0.9723 0.2295 -0.0446
vn -0.9835 -0.1806 0.0117
vn -0.9954 -0.0959 0.0053
vn -0.9604 0.2786 0.0041
vn -0.9620 0.2731 0.0065
vn -0.9957 0.0920 0.0093
vn -0.9997 -0.0135 0.0192
vn -0.8698 -0.1241 -0.4776
vn -0.6664 0.3714 -0.6465
vn -0.2676 0.0863 -0.9597
vn -0.0514 0.0203 -0.9985
vn -0.0135 0.0035 -0.9999
vn 0.4933 0.0463 -0.8686
vn 0.3633 0.0094 -0.9316
vn 0.6378 -0.1568 -0.7541
vn -0.8162 0.5777 0.0041
vn -0.2197 0.0891 0.9715
vn -0.6766 -0.0616 0.7338
vn -0.0323 0.0089 -0.9994
vn -0.0108 0.0018 -0.9999
vn 0.1633 -0.1057 -0.9809
vn 0.3945 0.1124 -0.9120
vn 0.6111 -0.2759 -0.7419
vn -0.7520 0.6589 -0.0208
vn 0.1115 0.3043 -0.9460
vn -0.7432 0.6689 -0.0153
vn -0.7547 0.6559 0.0158
vn 0.0178 0.0007 -0.9998
vn 0.1247 0.1050 -0.9866
vn -0.0365 0.1468 -0.9885
vn -0.0399 0.0127 -0.9991
vn -0.3289 -0.9444 -0.0038
vn -0.7685 0.6398 0.0091
vn -0.3551 -0.9344 0.0275
vn -0.0088 -0.0040 -1.0000
vn -0.0346 0.0348 -0.9988
vn 0.1397 -0.1016 -0.9850
vn 0.1513 0.0678 -0.9862
vn 0.4317 -0.2964 -0.8520
vn -0.6674 0.7446 -0.0150
vn 0.7301 -0.6833 -0.0001
vn -0.6456 0.7636 0.0065
vn -0.0029 0.0153 -0.9999
vn 0.0008 0.0097 -1.0000
vn 0.0014 0.0075 -1.0000
vn -0.0593 0.0560 -0.9967
vn -0.0126 0.0122 -0.9998
vn 0.1927 -0.1735 -0.9658
vn 0.1445 0.0276 -0.9891
vn 0.1910 0.0097 -0.9815
vn 0.2162 0.1157 -0.9695
vn -0.0331 0.0178 -0.9993
vn 0.3378 -0.2658 -0.9029
vn -0.3606 -0.9326 -0.0150
vn 0.0010 0.0050 -1.0000
vn 0.3436 -0.3013 -0.8894
vn -0.3237 -0.9461 0.0117
vn 0.6430 -0.6549 0.3972
vn 0.0676 0.0221 -0.9975
vn -0.0331 0.0491 -0.9982
vn 0.1881 0.4902 -0.8510
vn 0.1926 0.6979 -0.6898
vn 0.6568 -0.7540 0.0003
vn 0.6377 -0.7702 0.0140
vn -0.3169 -0.9472 -0.0488
vn 0.0176 0.0157 -0.9997
vn 0.0430 0.0382 -0.9983
vn -0.0840 0.0429 -0.9955
vn -0.0364 -0.0118 -0.9993
vn -0.0300 0.0072 -0.9995
vn -0.0646 0.0454 -0.9969
vn 0.1417 -0.1291 -0.9815
vn 0.2837 -0.2939 -0.9128
vn 0.3271 0.5430 -0.7734
vn 0.5893 -0.8073 -0.0314
vn 0.6270 -0.6837 0.3733
vn 0.0111 -0.1296 -0.9915
vn 0.1187 0.0197 -0.9927
vn 0.3033 -0.4306 -0.8501
vn 0.0165 0.0140 -0.9998
vn 0.6196 -0.7421 -0.2555
vn -0.2810 -0.9596 -0.0117
vn 0.7034 -0.6586 0.2674
vn -0.0697 -0.2255 -0.9717
vn -0.0012 0.0138 -0.9999
vn -0.7522 -0.0680 0.6555
vn -0.9617 -0.2266 0.1542
vn -0.9926 0.0546 -0.1084
vn -0.9840 -0.0602 0.1674
vn -0.7569 -0.0240 0.6531
vn 0.0341 0.0235 -0.9991
vn 0.2260 -0.0093 -0.9741
vn 0.0189 0.1195 -0.9927
vn -0.0368 0.0102 -0.9993
vn -0.0444 0.0124 -0.9989
vn -0.0429 0.0191 -0.9989
vn 0.0625 0.1819 -0.9813
vn 0.0672 0.1161 -0.9910
vn -0.2955 -0.9553 -0.0001
vn -0.2675 -0.9634 0.0195
vn -0.0757 0.0687 -0.9948
vn -0.0144 0.0063 -0.9999
vn 0.3157 -0.4261 -0.8478
vn 0.0163 0.0145 -0.9998
vn -0.8230 0.0656 0.5642
vn -0.9204 -0.3575 0.1584
vn -0.7898 0.4454 -0.4217
vn -0.6597 0.3033 -0.6876
vn 0.3451 -0.8919 0.2922
vn 0.0026 0.0066 -1.0000
vn -0.0027 0.0112 -0.9999
vn -0.0186 -0.0277 -0.9994
vn -0.8841 -0.2976 0.3603
vn -0.7874 0.1646 0.5940
vn 0.4048 -0.9141 -0.0238
vn -0.9015 -0.3698 0.2249
vn -0.7275 -0.1386 -0.6719
vn -0.5768 -0.5088 -0.6391
vn 0.3788 -0.9254 0.0123
vn 0.3772 -0.9260 0.0129
vn 0.4614 -0.7275 0.5078
vn 0.0256 0.0594 -0.9979
vn -0.0070 0.0183 -0.9998
vn -0.0405 0.0023 -0.9992
vn 0.3166 -0.8285 -0.4619
vn 0.3517 -0.9348 -0.0490
vn -0.4848 -0.8743 -0.0224
vn -0.2720 -0.2777 0.9214
vn -0.8026 -0.1315 -0.5818
vn -0.2616 -0.9524 0.1566
vn -0.1625 -0.9831 0.0846
vn -0.1509 -0.8503 -0.5043
vn -0.0179 -0.9990 -0.0405
vn 0.0314 0.1117 -0.9932
vn 0.0646 0.0175 -0.9978
vn 0.0333 0.2301 -0.9726
vn -0.0271 0.0195 -0.9994
vn -0.0017 -0.7944 -0.6074
vn 0.1292 0.4747 -0.8706
vn -0.0009 0.0084 -1.0000
vn -0.0007 -0.0003 -1.0000
vn 0.0607 -0.8882 -0.4555
vn 0.0291 -0.1254 -0.9917
vn 0.0162 -0.0220 -0.9996
vn 0.0097 -0.0244 -0.9997
vn 0.0167 0.0078 -0.9998
vn 0.0075 -0.2323 -0.9726
vn -0.0041 0.2174 -0.9761
vn 0.1804 -0.9830 -0.0354
vn 0.0409 -0.9988 -0.0272
vn 0.0826 -0.4900 -0.8678
vn -0.4313 -0.9019 0.0240
vn 0.0003 -0.0013 -1.0000
vn 0.0019 -0.9797 0.2007
vn -0.2027 -0.9791 -0.0159
vn -0.0311 -0.0063 -0.9995
vn 0.1098 -0.9866 -0.1207
vn 0.2251 -0.0672 -0.9720
vn 0.0957 0.2947 -0.9508
vn 0.1903 -0.9817 0.0074
vn 0.3136 -0.3141 -0.8961
vn 0.3247 0.1673 -0.9309
vn -0.2206 -0.9754 0.0010
vn 0.0035 0.0075 -1.0000
vn 0.0377 0.0751 -0.9965
vn 0.0102 -0.1770 -0.9841
vn 0.0456 -0.5038 -0.8626
vn 0.1631 0.3138 -0.9354
vn -0.1661 0.0003 -0.9861
vn -0.1089 0.0323 -0.9935
vn -0.1102 0.0814 -0.9906
vn -0.0136 -0.9944 -0.1047
vn -0.2551 -0.9658 0.0463
vn -0.0240 -0.5493 -0.8353
vn -0.8842 -0.2472 0.3963
vn -0.7445 -0.6368 0.2008
vn -0.9050 0.3012 -0.3005
vn -0.8833 -0.0812 -0.4617
vn 0.1192 -0.9842 0.1312
vn -0.0065 0.0517 -0.9986
vn -0.7243 -0.5704 0.3874
vn -0.0293 0.0328 -0.9990
vn 0.0588 -0.0479 -0.9971
vn -0.0080 -0.0008 -1.0000
vn -0.0617 0.0299 -0.9976
vn 0.0407 0.1911 -0.9807
vn -0.0142 0.0802 -0.9967
vn -0.0454 0.0073 -0.9989
vn -0.0680 -0.1085 -0.9918
vn 0.1633 -0.9866 -0.0052
vn -0.2046 -0.9787 -0.0144
vn -0.2376 -0.9326 -0.2718
vn 0.1989 0.0873 -0.9761
vn -0.4542 0.8378 -0.3031
vn -0.7128 -0.6142 -0.3387
vn -0.4981 -0.8670 -0.0153
vn -0.1858 -0.9826 0.0085
vn -0.7629 -0.0231 -0.6461
vn -0.0286 0.0080 -0.9996
vn -0.0009 -0.0092 -1.0000
vn 0.0067 0.0041 -1.0000
vn 0.9934 -0.0522 -0.1017
vn -0.0860 0.0894 -0.9923
vn 0.4152 0.1385 -0.8991
vn -0.0339 -0.9961 -0.0808
vn 0.0983 0.6651 -0.7402
vn 0.1413 -0.0734 -0.9872
vn 0.0953 0.5580 -0.8243
vn -0.3623 -0.9307 -0.0510
vn -0.0833 -0.9950 -0.0543
vn -0.1381 -0.9621 -0.2354
vn -0.3871 -0.3673 -0.8457
vn -0.0129 -0.0419 -0.9990
vn -0.0206 -0.0274 -0.9994
vn -0.0340 0.0398 -0.9986
vn -0.0967 -0.2406 -0.9658
vn 0.8081 0.3963 -0.4359
vn 0.5154 0.1472 -0.8442
vn -0.0782 0.2359 -0.9686
vn 0.1782 -0.0075 -0.9840
vn 0.0066 -0.9694 -0.2453
vn -0.2369 -0.8234 0.5156
vn 0.1082 -0.3191 -0.9415
vn 0.1422 -0.1834 -0.9727
vn 0.2054 -0.0585 -0.9769
vn -0.2208 -0.9606 0.1686
vn -0.0876 -0.9958 -0.0280
vn 0.0845 -0.9964 0.0042
vn -0.2574 -0.9656 0.0374
vn -0.2142 -0.9733 0.0821
vn 0.0091 -0.9802 0.1978
vn -0.0191 -0.8084 -0.5883
vn 0.0302 -0.8714 -0.4896
vn -0.0190 0.0479 -0.9987
vn -0.0134 0.0286 -0.9995
vn -0.0175 -0.0488 -0.9987
vn 0.0669 -0.0398 -0.9970
vn 0.0269 0.1099 -0.9936
vn -0.0052 -0.0198 -0.9998
vn -0.0862 0.0874 -0.9924
vn 0.0463 -0.7267 -0.6854
vn -0.1519 -0.9884 -0.0090
vn -0.3782 -0.6644 -0.6446
vn -0.7917 0.5483 0.2696
vn -0.1747 -0.9846 0.0043
vn 0.0005 -0.0026 -1.0000
vn 0.0017 0.0086 -1.0000
vn 0.5786 0.7906 -0.2002
vn 0.7371 -0.4772 -0.4785
vn 0.0087 0.0079 -0.9999
vn 0.0587 -0.9957 -0.0719
vn -0.9547 -0.1632 0.2489
vn -0.9387 0.0629 0.3389
vn -0.8679 -0.4786 -0.1331
vn -0.9982 0.0408 -0.0432
vn 0.0643 -0.9972 -0.0381
vn -0.8105 -0.5837 0.0492
vn -0.8437 0.3003 0.4449
vn -0.9248 0.1421 0.3529
vn -0.9249 0.0239 -0.3795
vn -0.9969 -0.0481 0.0616
vn -0.3305 -0.8997 0.2853
vn -0.8689 -0.4943 0.0240
vn -0.9941 -0.1081 0.0080
vn -0.8608 -0.4926 0.1281
vn -0.9417 0.2822 -0.1834
vn 0.1317 -0.9911 0.0215
vn 0.0077 -0.9899 0.1413
vn 0.0875 -0.9890 0.1190
vn 0.1001 -0.1169 -0.9881
vn 0.0833 -0.9917 0.0977
vn 0.0183 -0.0132 -0.9997
vn -0.0022 -0.0030 -1.0000
vn -0.0505 -0.0320 -0.9982
vn 0.0008 0.0303 -0.9995
vn -0.0053 0.0101 -0.9999
vn -0.9182 0.0732 0.3894
vn -0.7494 0.1720 0.6394
vn -0.9925 0.1055 0.0620
vn -0.8133 0.0008 0.5818
vn -0.8516 0.2456 0.4631
vn -0.9813 0.0645 0.1816
vn -0.9786 0.1305 0.1593
vn -0.5220 0.7074 0.4766
vn -0.9989 -0.0281 0.0388
vn -0.9999 0.0012 0.0141
vn -0.9971 0.0610 0.0463
vn -0.9955 0.0951 0.0049
vn -0.6542 0.7545 -0.0531
vn 0.2186 -0.0171 -0.9757
vn -0.8267 -0.2230 -0.5166
vn -0.9947 0.0282 -0.0989
vn -0.9901 0.0070 -0.1402
vn -0.6306 -0.7649 -0.1312
vn -0.7171 -0.6325 -0.2927
vn 0.1422 0.4518 -0.8807
vn 0.0676 -0.9052 0.4196
vn -0.5776 -0.1136 0.8084
vn -0.9970 0.0332 0.0705
vn -0.9983 -0.0335 -0.0485
vn 0.4300 -0.8438 -0.3210
vn 0.0095 0.0539 -0.9985
vn 0.5541 -0.5927 -0.5846
vn 0.0065 0.0999 -0.9950
vn -0.0390 0.0020 -0.9992
vn -0.8802 -0.2102 0.4256
vn -0.6734 0.0726 0.7357
vn -0.8830 0.2015 0.4239
vn -0.9919 -0.0571 0.1137
vn 0.0083 0.6189 -0.7854
vn -0.7575 -0.6285 -0.1765
vn -0.1426 -0.9898 -0.0028
vn -0.1509 -0.9886 -0.0012
vn 0.1448 -0.5873 -0.7963
vn -0.0923 -0.3621 -0.9276
vn -0.9505 0.3032 -0.0676
vn -0.6539 0.7470 0.1202
vn 0.1243 0.8130 -0.5688
vn 0.3515 -0.0497 -0.9349
vn 0.4766 0.1698 -0.8626
vn 0.0119 -0.2082 -0.9780
vn -0.0945 0.4712 -0.8769
vn -0.1549 -0.9879 0.0072
vn -0.5683 -0.8054 -0.1687
vn 0.5841 -0.0239 -0.8113
vn 0.0023 0.0093 -1.0000
vn -0.8443 -0.4751 -0.2480
vn 0.0929 0.9136 -0.3958
vn -0.6714 0.0257 0.7407
vn 0.0183 -0.0129 -0.9997
vn -0.0087 -0.0570 -0.9983
vn -0.0217 -0.0613 -0.9979
vn 0.5649 0.8004 -0.2009
vn -0.0368 -0.0960 -0.9947
vn -0.1077 -0.8208 -0.5610
vn -0.3843 -0.4619 -0.7993
vn -0.7285 0.0983 0.6779
vn 0.0047 0.0296 -0.9996
vn -0.0031 0.0413 -0.9991
vn -0.7965 -0.5885 -0.1387
vn -0.2445 -0.5050 -0.8278
vn 0.1219 -0.4654 -0.8767
vn 0.0245 -0.9813 -0.1910
vn 0.0569 -0.9980 -0.0276
vn -0.8604 0.4730 -0.1894
vn 0.1326 -0.3040 -0.9434
vn 0.0042 -0.2176 -0.9760
vn -0.0087 -0.8099 -0.5865
vn 0.1435 -0.9878 -0.0607
vn 0.7586 -0.0930 -0.6449
vn -0.0042 0.0145 -0.9999
vn -0.8032 -0.0113 0.5955
vn -0.8901 -0.0967 0.4454
vn -0.9783 0.0049 0.2072
vn -0.9751 0.0052 0.2215
vn -0.9763 0.0306 0.2141
vn -0.9992 0.0389 -0.0096
vn -0.9996 0.0093 -0.0270
vn -1.0000 0.0034 -0.0067
vn -0.9994 0.0199 -0.0286
vn -0.7401 0.0632 0.6696
vn 0.4175 -0.6781 0.6049
vn -0.8605 -0.5052 0.0662
vn 0.0091 0.0526 -0.9986
vn -0.0102 -0.0326 -0.9994
vn 0.3438 -0.5148 -0.7854
vn -0.0292 0.0654 -0.9974
vn -0.0045 -0.0085 -1.0000
vn -0.9523 0.0411 -0.3025
vn -0.9673 0.0325 -0.2514
vn -0.0809 -0.9828 -0.1659
vn -0.9647 0.2606 0.0381
vn -0.9992 0.0388 0.0024
vn -0.8578 -0.4539 -0.2412
vn 0.0401 0.8573 -0.5132
vn -0.9972 0.0491 -0.0567
vn -0.9838 -0.0079 -0.1788
vn -0.9640 0.0507 -0.2612
vn 0.0670 -0.4302 0.9003
vn -0.9919 0.1255 -0.0171
vn -0.1345 -0.4343 -0.8907
vn -0.0423 -0.1688 -0.9847
vn -0.9762 0.2000 -0.0842
vn 0.1991 -0.8904 -0.4094
vn 0.0115 -0.2268 -0.9739
vn -0.9177 0.3836 -0.1034
vn -0.9401 0.3091 -0.1438
vn -0.9830 0.1833 0.0089
vn -0.1004 -0.2955 -0.9500
vn 0.1846 -0.8987 -0.3978
vn 0.1199 -0.9925 0.0251
vn 0.3396 -0.6187 -0.7085
vn -0.0224 0.1880 -0.9819
vn -0.9747 0.2236 0.0010
vn -0.9630 0.2693 0.0126
vn -0.9372 0.1271 -0.3247
vn 0.1112 -0.9845 0.1355
vn -0.2819 0.0120 0.9594
vn -0.5725 -0.0091 0.8199
vn -0.5863 0.0065 0.8101
vn -0.0090 -0.6059 -0.7955
vn -0.9989 0.0405 -0.0251
vn -0.9999 0.0111 -0.0128
vn -0.9299 0.3678 0.0100
vn -0.7433 0.1501 0.6519
vn -0.9985 0.0461 -0.0281
vn -0.9995 0.0300 -0.0029
vn -0.9999 0.0093 -0.0094
vn -0.8159 -0.5684 0.1059
vn -0.9999 0.0097 -0.0082
vn 0.0061 0.0175 -0.9998
vn -0.0337 -0.0709 -0.9969
vn -0.0267 0.0249 -0.9993
vn -0.0006 -0.1633 0.9866
vn 0.1394 -0.1776 0.9742
vn 0.0160 0.2444 -0.9696
vn -0.9161 0.0408 -0.3988
vn -0.9134 0.0143 -0.4068
vn -0.9389 0.0115 -0.3441
vn 0.5210 -0.8273 -0.2100
vn -0.6278 0.0515 -0.7767
vn -0.8384 0.0325 -0.5441
vn -0.6702 0.3487 -0.6552
vn -0.8632 -0.4463 -0.2361
vn -0.5730 0.3517 -0.7403
vn -0.3816 0.2414 -0.8922
vn -0.5783 0.5875 -0.5660
vn 0.6854 -0.7126 0.1496
vn -0.9547 0.1408 -0.2622
vn -0.5068 0.6599 -0.5547
vn 0.7016 0.2881 -0.6517
vn 0.2596 -0.9657 -0.0056
vn -0.7040 0.6963 -0.1402
vn 0.6493 -0.6854 -0.3295
vn -0.7491 0.6513 -0.1208
vn 0.4004 -0.1428 -0.9051
vn -0.1047 -0.9945 -0.0044
vn -0.7625 0.5892 -0.2674
vn -0.7905 0.2659 -0.5518
vn -0.7151 0.3341 -0.6140
vn -0.6883 0.7244 -0.0387
vn -0.7476 0.6641 -0.0006
vn -0.1091 -0.6901 -0.7154
vn -0.0018 0.0013 -1.0000
vn 0.1962 -0.5424 -0.8169
vn 0.2460 -0.4417 -0.8628
vn 0.2545 -0.8029 -0.5390
vn 0.0032 0.0751 -0.9972
vn 0.1382 -0.0173 -0.9902
vn 0.1103 -0.1783 -0.9778
vn 0.4613 -0.8516 -0.2489
vn -0.4295 0.0181 -0.9029
vn -0.7494 -0.0202 -0.6618
vn -0.1024 -0.9947 0.0080
vn -0.3946 0.0302 -0.9184
vn -0.3675 0.2481 -0.8963
vn -0.4860 0.0257 -0.8736
vn -0.4101 0.0477 -0.9108
vn 0.2146 -0.2890 -0.9330
vn 0.2607 -0.3013 -0.9172
vn 0.2512 -0.2775 -0.9273
vn 0.3171 -0.2253 -0.9213
vn 0.7710 -0.6366 -0.0165
vn -0.7066 0.6231 -0.3353
vn 0.2783 -0.2278 -0.9331
vn 0.6226 -0.7758 0.1020
vn 0.1369 -0.2979 -0.9447
vn 0.0366 -0.8263 0.5621
vn -0.0028 0.0095 -1.0000
vn -0.0028 0.0205 -0.9998
vn -0.0418 -0.9504 -0.3083
vn -0.0060 -0.5956 -0.8033
vn 0.0093 -0.2860 0.9582
vn 0.1718 -0.8628 0.4755
vn 0.0397 0.0349 -0.9986
vn 0.0962 -0.0051 -0.9953
vn -0.2226 0.0329 -0.9744
vn -0.2343 0.0314 -0.9717
vn -0.1595 0.0092 -0.9872
vn 0.0324 -0.0556 -0.9979
vn 0.1739 -0.3461 -0.9219
vn 0.2073 -0.3726 -0.9045
vn 0.0564 -0.2897 -0.9554
vn 0.3539 -0.9350 0.0244
vn -0.1320 -0.9905 0.0398
vn -0.0396 0.1049 -0.9937
vn 0.0253 0.0483 -0.9985
vn -0.0071 -0.0924 0.9957
vn -0.0087 0.0007 -1.0000
vn -0.0004 -0.0064 -1.0000
vn 0.0188 -0.0560 -0.9983
vn 0.1005 -0.6899 -0.7169
vn 0.0686 -0.8145 -0.5761
vn -0.1616 0.0091 -0.9868
vn 0.0704 -0.3347 -0.9397
vn 0.0259 -0.3209 -0.9467
vn 0.3551 -0.9209 0.1606
vn -0.0009 0.0055 -1.0000
vn 0.0012 0.0072 -1.0000
vn 0.5128 -0.0017 -0.8585
vn 0.5312 -0.0010 -0.8472
vn 0.5361 0.0002 -0.8442
vn 0.5449 -0.0009 -0.8385
vn 0.5119 -0.0028 -0.8590
vn 0.5065 -0.8622 0.0076
vn -0.0006 -0.0146 -0.9999
vn 0.0431 0.0481 -0.9979
vn 0.3464 -0.1829 -0.9201
vn 0.5088 -0.8526 0.1192
vn 0.5850 -0.4784 -0.6549
vn 0.5950 -0.7998 -0.0787
vn 0.2907 -0.8833 0.3678
vn -0.0294 0.1848 -0.9823
vn 0.3143 -0.9481 0.0472
vn -0.0845 -0.9964 0.0083
vn -0.0625 -0.1207 -0.9907
vn 0.2189 -0.9280 0.3016
vn 0.2434 -0.9442 0.2220
vn -0.0900 -0.9760 -0.1984
vn 0.0036 -0.0004 -1.0000
vn 0.0117 -0.0867 -0.9962
vn -0.0254 0.1029 -0.9944
vn -0.0025 -0.0506 -0.9987
vn 0.0739 -0.1069 -0.9915
vn 0.0125 0.2180 -0.9759
vn 0.0094 0.0306 -0.9995
vn -0.0108 0.2485 -0.9686
vn 0.0020 0.0593 -0.9982
vn 0.0365 -0.3329 -0.9423
vn 0.0899 -0.2996 -0.9498
vn 0.0243 -0.2986 -0.9541
vn 0.0060 -0.2360 -0.9717
vn 0.0320 -0.8890 0.4567
vn 0.0152 -0.8176 -0.5755
vn 0.0052 -0.4498 -0.8931
vn -0.0013 -0.0012 -1.0000
vn -0.0013 0.0019 -1.0000
vn -0.0020 -0.8943 -0.4475
vn 0.0215 -0.9996 -0.0162
vn 0.0758 -0.8248 -0.5603
vn 0.0092 -0.0177 -0.9998
vn 0.0005 -0.9052 0.4250
vn 0.0068 -0.9126 0.4089
vn 0.0710 -0.9808 -0.1819
vn -0.0855 -0.9963 -0.0001
vn -0.0229 0.4874 -0.8729
vn 0.0738 -0.2819 -0.9566
vn 0.0889 -0.3010 -0.9495
vn 0.0599 -0.3242 -0.9441
vn 0.1120 -0.9920 0.0587
vn 0.0674 -0.9975 0.0205
vn 0.0044 0.0894 -0.9960
vn -0.0047 -0.1061 0.9943
vn 0.0220 0.3354 -0.9418
vn -0.0003 -0.1009 0.9949
vn -0.0041 0.5769 -0.8168
vn -0.0174 0.5103 -0.8598
vn -0.0147 -0.2639 -0.9644
vn 0.0018 -0.6599 -0.7514
vn 0.0327 0.0002 -0.9995
vn 0.0225 -0.0091 -0.9997
vn 0.0037 0.0296 -0.9996
vn 0.0317 -0.7075 -0.7060
vn 0.0034 0.0211 -0.9998
vn -0.0004 0.0190 -0.9998
vn 0.0178 0.0049 -0.9998
vn -0.0076 -0.0633 -0.9980
vn 0.0088 -0.2600 -0.9656
vn 0.0300 -0.9141 0.4045
vn 0.0264 -0.3219 -0.9464
vn 0.0116 -0.9846 0.1743
vn -0.0019 0.0077 -1.0000
vn -0.0057 0.0193 -0.9998
vn 0.1774 -0.6965 0.6953
vn 0.0605 -0.8962 -0.4394
vn 0.0132 -0.4063 -0.9136
vn 0.0102 0.4347 -0.9005
vn 0.0011 -0.0039 -1.0000
vn -0.0113 -0.5320 -0.8467
vn -0.0075 -0.5163 -0.8564
vn -0.0101 -0.8778 -0.4790
vn -0.0146 -0.0005 -0.9999
vn -0.0769 -0.0407 -0.9962
vn -0.0294 -0.9984 0.0492
vn 0.0014 0.0130 -0.9999
vn -0.0071 -0.9756 0.2196
vn -0.1187 -0.8136 0.5691
vn -0.0141 0.6753 -0.7374
vn -0.2690 -0.9631 0.0041
vn -0.0950 -0.9686 0.2298
vn -0.0010 0.1070 -0.9943
vn -0.0106 -0.9818 0.1897
vn 0.0542 -0.6020 -0.7967
vn 0.0589 -0.1859 -0.9808
vn 0.0338 -0.2288 -0.9729
vn -0.0118 -0.0011 -0.9999
vn -0.0925 -0.9863 -0.1364
vn 0.0313 0.0561 -0.9979
vn -0.0029 0.0242 -0.9997
vn 0.0074 -0.0428 -0.9991
vn -0.0350 0.0999 -0.9944
vn -0.0271 0.0442 -0.9987
vn -0.0490 -0.0193 -0.9986
vn -0.2264 -0.2293 -0.9467
vn -0.1854 -0.0489 -0.9814
vn 0.0126 -0.0834 -0.9964
vn 0.0004 0.0539 -0.9985
vn -0.0017 0.0406 -0.9992
vn 0.0095 -0.0425 -0.9991
vn 0.1211 0.1571 -0.9801
vn -0.0124 0.4469 -0.8945
vn -0.0309 -0.2806 -0.9593
vn -0.1036 -0.9764 0.1893
vn -0.0268 -0.3529 -0.9353
vn -0.0186 -0.2977 -0.9545
vn -0.0138 -0.3081 -0.9513
vn 0.0138 -0.3126 -0.9498
vn -0.0102 -0.9999 0.0116
vn -0.5250 -0.0003 -0.8511
vn -0.9284 0.0007 -0.3716
vn -0.9175 0.0017 -0.3977
vn -0.5124 -0.0009 -0.8588
vn -0.5123 -0.0009 -0.8588
vn -0.9139 0.0032 -0.4060
vn -0.4928 -0.0002 -0.8701
vn -0.8728 0.0002 -0.4881
vn -0.5103 -0.8596 -0.0255
vn -0.9333 0.3590 0.0062
vn -0.9998 0.0026 -0.0193
vn -0.9998 0.0026 -0.0191
vn -0.9998 0.0037 -0.0181
vn -0.9999 0.0036 -0.0151
vn -0.0031 -0.0441 -0.9990
vn -0.0147 -0.0082 -0.9999
vn -0.0069 -0.8076 -0.5897
vn -0.0348 0.0994 -0.9944
vn -0.0736 0.0030 -0.9973
vn -0.0844 0.0966 -0.9917
vn 0.0146 -0.0854 -0.9962
vn -0.9138 0.4046 0.0361
vn -0.9190 0.0018 0.3943
vn -0.9138 0.0013 0.4061
vn -0.9112 0.0027 0.4121
vn -0.8580 -0.0009 0.5137
vn -0.5099 -0.8551 0.0937
vn -0.8939 -0.3772 0.2423
vn -0.5735 -0.2798 -0.7699
vn -0.7084 -0.2386 -0.6643
vn -0.8953 -0.2811 -0.3456
vn -0.3167 -0.5973 -0.7368
vn -0.4145 -0.9075 -0.0676
vn -0.6773 -0.6439 0.3558
vn -0.0262 -0.3078 -0.9511
vn -0.8142 -0.3797 0.4393
vn -0.0437 -0.2893 -0.9563
vn -0.0009 -1.0000 0.0051
vn -0.0413 -0.3430 -0.9384
vn -0.0074 -0.3275 -0.9448
vn 0.0927 -0.0202 -0.9955
vn -0.0470 -0.9220 0.3843
vn 0.0004 -0.9855 0.1698
vn -0.9194 -0.2234 0.3236
vn 0.0285 -0.9957 0.0876
vn -0.0160 0.0632 -0.9979
vn -0.0010 -0.0067 -1.0000
vn -0.0028 -0.0270 -0.9996
vn -0.2088 -0.1531 -0.9659
vn -0.1008 -0.9939 -0.0439
vn -0.7066 -0.2211 -0.6721
vn 0.2354 0.0421 -0.9710
vn -0.9661 -0.1841 -0.1813
vn -0.5633 -0.8254 -0.0387
vn -0.8992 -0.2871 0.3300
vn -0.6185 0.4238 0.6618
vn -0.3458 -0.9381 0.0206
vn -0.3452 -0.9383 0.0209
vn -0.0316 -0.3130 -0.9492
vn 0.0110 -0.9999 -0.0031
vn -0.3102 -0.9418 0.1298
vn 0.0076 0.1114 -0.9937
vn -0.0017 0.0076 -1.0000
vn -0.0272 0.0309 -0.9992
vn -0.0021 -0.6191 -0.7853
vn -0.0366 -0.3667 -0.9296
vn -0.9406 0.3286 -0.0849
vn -0.3622 0.3179 0.8762
vn -0.4584 -0.4325 -0.7764
vn -0.4612 -0.4851 -0.7430
vn -0.5261 0.3722 0.7647
vn -0.6778 -0.4921 0.5462
vn -0.9185 0.3433 0.1962
vn -0.8840 0.2447 0.3983
vn -0.9781 0.0547 0.2007
vn -0.6913 -0.7066 -0.1512
vn -0.7806 0.2548 0.5708
vn -0.6765 -0.7250 -0.1294
vn 0.1821 0.0293 -0.9828
vn 0.3080 -0.0224 -0.9511
vn 0.4428 -0.5339 -0.7203
vn 0.0147 -0.9997 0.0186
vn -0.1081 0.0839 -0.9906
vn 0.0127 0.4692 -0.8830
vn 0.0001 -0.9998 -0.0211
vn -0.3551 -0.9169 0.1823
vn -0.3450 -0.9177 0.1972
vn 0.0061 -0.9991 0.0416
vn 0.0290 -0.1132 0.9931
vn -0.0127 -0.9944 0.1054
vn 0.0147 -0.9637 0.2664
vn 0.0638 -0.8980 -0.4352
vn -0.1675 -0.9510 0.2599
vn -0.4290 -0.3736 -0.8224
vn -0.4728 -0.7671 -0.4335
vn -0.0173 0.0499 -0.9986
vn -0.0017 -0.0192 -0.9998
vn -0.2293 0.0393 -0.9726
vn -0.1854 -0.0220 -0.9824
vn -0.2556 -0.0511 -0.9654
vn 0.5972 0.0249 -0.8017
vn 0.5299 0.0319 -0.8474
vn -0.6860 0.3592 0.6327
vn -0.1146 -0.2992 -0.9473
vn -0.8544 0.1288 0.5035
vn -0.9176 -0.3533 -0.1823
vn -0.9608 0.1944 0.1978
vn -0.9756 0.0943 0.1985
vn 0.1228 0.7371 -0.6645
vn -0.3118 -0.3021 -0.9009
vn -0.2219 -0.2716 -0.9365
vn -0.2709 -0.3120 -0.9106
vn -0.9672 -0.1740 -0.1853
vn -0.4459 -0.4107 0.7953
vn -0.6933 -0.7206 0.0027
vn -0.8061 -0.1470 -0.5733
vn -0.8598 0.1908 -0.4736
vn -0.5648 -0.8250 -0.0210
vn 0.7400 0.6339 -0.2248
vn -0.8097 0.0098 -0.5867
vn -0.0331 -0.3232 -0.9457
vn -0.0675 -0.2795 -0.9578
vn -0.6412 -0.7641 0.0699
vn 0.1414 0.2921 -0.9459
vn -0.0262 -0.9768 -0.2125
vn -0.0793 0.9890 -0.1251
vn -0.0691 -0.9319 -0.3561
vn 0.0069 -0.3134 0.9496
vn -0.1817 -0.8238 -0.5370
vn 0.1332 -0.4001 0.9067
vn -0.0172 -0.0081 -0.9998
vn -0.0100 -0.0573 -0.9983
vn -0.0020 0.0694 -0.9976
vn -0.3504 -0.8967 -0.2705
vn -0.3150 -0.9491 -0.0055
vn -0.7782 0.4325 -0.4554
vn -0.2118 -0.3127 -0.9259
vn -0.0819 -0.2847 -0.9551
vn -0.0130 0.0198 -0.9997
vn -0.3952 -0.8627 -0.3157
vn -0.0350 -0.6540 0.7557
vn -0.0145 0.0113 -0.9998
vn -0.2501 -0.6490 -0.7185
vn 0.2688 -0.0154 -0.9631
vn -0.0478 -0.2056 0.9775
vn 0.0751 0.0394 -0.9964
vn 0.5589 -0.3678 -0.7432
vn 0.6191 -0.5536 -0.5570
vn 0.0312 -0.2802 0.9594
vn -0.2305 -0.6039 0.7630
vn -0.0656 -0.2359 -0.9696
vn 0.0577 -0.9602 -0.2733
vn 0.0302 -0.3889 -0.9208
vn -0.1067 -0.1911 -0.9757
vn -0.2216 0.1005 -0.9699
vn 0.4339 -0.1740 -0.8840
vn 0.9608 0.2512 -0.1171
vn 0.0011 -0.3678 -0.9299
vn -0.0064 0.0177 -0.9998
vn 0.5137 -0.8028 -0.3026
vn -0.2399 -0.7911 0.5627
vn 0.3488 -0.7258 -0.5930
vn -0.7147 -0.6836 -0.1476
vn -0.0069 0.0046 -1.0000
vn -0.0157 -0.0344 -0.9993
vn -0.0124 -0.0388 -0.9992
vn -0.7579 -0.3951 -0.5192
vn 0.3689 0.0127 -0.9294
vn 0.0440 -0.8640 -0.5016
vn -0.0053 -0.9902 -0.1398
vn -0.5433 0.2153 0.8115
vn -0.0744 -0.4155 0.9066
vn -0.1792 -0.3699 -0.9116
vn -0.1965 -0.4988 -0.8442
vn -0.2543 -0.3515 -0.9010
vn -0.1130 -0.8723 -0.4757
vn -0.1579 -0.6272 -0.7627
vn 0.7866 0.6123 -0.0796
vn -0.1813 -0.0042 -0.9834
vn -0.2247 0.5630 -0.7953
vn -0.8386 -0.3265 -0.4361
vn -0.0062 0.0114 -0.9999
vn 0.0025 0.0108 -0.9999
vn -0.0801 -0.9915 0.1029
vn -0.8035 -0.5934 -0.0469
vn 0.0145 -0.0018 -0.9999
vn -0.5332 0.8267 -0.1798
vn -0.5232 -0.3884 -0.7585
vn -0.0389 -0.0063 -0.9992
vn -0.0539 0.0169 -0.9984
vn 0.0015 0.0210 -0.9998
vn 0.2930 -0.7338 -0.6130
vn 0.9806 0.1463 -0.1308
vn -0.2082 0.0137 -0.9780
vn -0.1316 -0.1755 -0.9756
vn -0.3730 -0.5167 -0.7707
vn -0.3276 0.3584 -0.8742
vn 0.2830 -0.4118 -0.8662
vn -0.7014 0.1230 -0.7021
vn -0.1111 -0.9937 0.0123
vn -0.7980 -0.6020 -0.0279
vn -0.0700 -0.7798 -0.6221
vn 0.0001 0.0291 -0.9996
vn -0.0213 0.0403 -0.9990
vn -0.4462 -0.2773 -0.8509
vn -0.0436 -0.0474 -0.9979
vn 0.7740 -0.6262 -0.0940
vn -0.0909 -0.9952 -0.0371
vn -0.4056 -0.3642 -0.8383
vn 0.0213 0.3946 0.9186
vn 0.0316 -0.8096 0.5861
vn -0.2640 -0.8547 -0.4469
vn -0.8696 0.1408 -0.4733
vn 0.1905 -0.3827 -0.9040
vn -0.6718 0.1016 -0.7337
vn -0.0668 -0.9814 0.1797
vn -0.7777 0.6179 -0.1158
vn -0.0241 -0.0347 -0.9991
vn -0.7829 0.6093 -0.1254
vn -0.7958 -0.6047 -0.0315
vn 0.0042 0.0133 -0.9999
vn -0.4380 0.1828 -0.8802
vn -0.0023 0.0988 -0.9951
vn -0.0158 0.0008 -0.9999
vn 0.1541 -0.7692 0.6201
vn -0.3471 -0.4819 -0.8045
vn -0.0673 -0.9197 -0.3868
vn 0.2202 -0.9731 -0.0676
vn 0.2651 -0.4732 -0.8402
vn 0.5287 -0.1732 -0.8309
vn -0.4160 -0.0928 -0.9046
vn 0.0172 -0.9998 -0.0045
vn -0.2850 -0.9020 -0.3242
vn -0.9426 0.2337 0.2383
vn -0.0334 -0.0093 -0.9994
vn -0.7940 -0.6064 -0.0426
vn -0.0443 0.0261 -0.9987
vn 0.0274 -0.0573 -0.9980
vn -0.5273 -0.3382 -0.7795
vn -0.0338 0.0418 -0.9986
vn -0.0699 -0.9924 -0.1013
vn 0.3484 -0.9194 -0.1823
vn 0.3755 -0.6874 -0.6217
vn 0.2262 -0.8493 0.4770
vn 0.3457 -0.9116 0.2224
vn 0.0070 -0.9947 0.1023
vn -0.0499 -0.9977 -0.0458
vn -0.1226 -0.9922 0.0228
vn -0.4553 -0.4085 -0.7910
vn 0.0010 0.0005 -1.0000
vn 0.0013 -0.0001 -1.0000
vn 0.0008 -0.0008 -1.0000
vn 0.0243 -0.9975 0.0663
vn 0.0809 -0.9922 0.0953
vn -0.9536 0.2156 0.2101
vn -0.9648 0.2552 0.0629
vn -0.9279 -0.2683 0.2588
vn -0.0178 0.0148 -0.9997
vn -0.1017 -0.0016 -0.9948
vn 0.0023 0.0150 -0.9999
vn -0.9575 0.1731 -0.2309
vn -0.8560 -0.0443 -0.5150
vn -0.0051 0.2185 -0.9758
vn -0.0098 -0.0744 -0.9972
vn -0.0494 -0.7570 -0.6515
vn 0.0986 -0.9949 0.0197
vn 0.1219 0.9809 -0.1517
vn -0.1964 0.0140 -0.9804
vn -0.2374 -0.0895 -0.9673
vn -0.2352 -0.0518 -0.9706
vn -0.2339 -0.0529 -0.9708
vn 0.1091 -0.9936 0.0303
vn -0.2744 -0.3908 -0.8786
vn 0.0965 -0.9952 0.0187
vn -0.0142 0.0180 -0.9997
vn -0.0184 -0.0355 -0.9992
vn 0.0069 0.0120 -0.9999
vn -0.7535 0.0377 0.6564
vn -0.0527 -0.0029 -0.9986
vn -0.0899 -0.9953 -0.0358
vn -0.0216 -0.9982 -0.0559
vn 0.0222 -0.9932 -0.1145
vn -0.2424 -0.3376 -0.9095
vn 0.0174 -0.6797 0.7333
vn -0.1606 -0.0656 -0.9848
vn 0.1314 -0.9172 -0.3760
vn 0.0886 -0.8901 -0.4470
vn 0.0835 -0.9654 -0.2472
vn -0.1084 -0.9939 0.0199
vn 0.0980 -0.8930 -0.4393
vn 0.1102 0.5356 -0.8372
vn -0.0138 0.0261 -0.9996
vn 0.0515 -0.9974 -0.0494
vn -0.0326 0.0522 -0.9981
vn -0.0240 -0.0107 -0.9997
vn -0.0060 0.2227 -0.9749
vn 0.0175 -0.0650 -0.9977
vn 0.0079 -0.0345 -0.9994
vn 0.0401 -0.0690 -0.9968
vn 0.0452 0.0814 -0.9957
vn -0.0015 0.0120 -0.9999
vn 0.1262 -0.9920 0.0005
vn 0.1245 -0.9922 -0.0039
vn 0.0217 -0.9967 0.0780
vn 0.4990 -0.6253 0.6000
vn -0.3033 -0.0763 -0.9499
vn 0.4114 -0.7980 0.4404
vn -0.0142 -0.2244 0.9744
vn 0.0006 0.0339 -0.9994
vn 0.0173 0.0391 -0.9991
vn -0.0448 0.0017 -0.9990
vn -0.0283 0.0047 -0.9996
vn -0.1331 -0.9910 -0.0131
vn 0.0481 -0.9988 -0.0088
vn -0.1474 -0.9891 0.0004
vn -0.0219 -0.3160 -0.9485
vn 0.7017 -0.0187 -0.7122
vn -0.1415 -0.9768 0.1604
vn -0.0360 -0.0786 -0.9963
vn -0.0293 -0.0754 -0.9967
vn -0.0737 -0.6032 -0.7942
vn 0.0922 -0.9908 -0.0986
vn -0.3937 -0.1262 -0.9105
vn 0.3419 -0.8783 0.3343
vn -0.0301 0.0779 -0.9965
vn -0.0913 0.1965 -0.9762
vn 0.1308 0.0245 -0.9911
vn 0.0071 -0.9983 -0.0584
vn -0.0501 -0.9930 0.1066
vn -0.2008 -0.4275 -0.8814
vn -0.2632 -0.2472 -0.9325
vn -0.2335 -0.3149 -0.9200
vn -0.0352 0.0343 -0.9988
vn -0.0506 -0.0642 -0.9967
vn -0.0463 0.1112 -0.9927
vn -0.0900 0.0082 -0.9959
vn 0.3788 -0.8608 0.3398
vn 0.1787 0.0614 -0.9820
vn 0.3935 -0.7175 -0.5747
vn 0.2590 -0.5175 -0.8155
vn -0.0301 0.0341 -0.9990
vn -0.1018 -0.0472 -0.9937
vn -0.0243 -0.0309 -0.9992
vn -0.0062 0.0244 -0.9997
vn -0.0096 0.0111 -0.9999
vn -0.0122 -0.0122 -0.9999
vn -0.2887 -0.6869 -0.6669
vn 0.1944 -0.9809 0.0019
vn 0.6741 -0.7285 -0.1216
vn -0.3937 -0.8257 0.4040
vn 0.0005 -0.0001 -1.0000
vn 0.1245 -0.9905 0.0580
vn -0.0827 -0.0141 -0.9965
vn 0.0043 0.0119 -0.9999
vn -0.2803 -0.4576 -0.8438
vn -0.3795 -0.9161 -0.1291
vn -0.3775 -0.9259 0.0123
vn -0.3672 -0.9301 0.0081
vn 0.2217 -0.9750 0.0169
vn -0.3303 -0.9217 0.2033
vn 0.2074 -0.9779 0.0256
vn -0.0077 0.0142 -0.9999
vn 0.1130 -0.9901 0.0832
vn -0.1406 -0.0091 -0.9900
vn -0.0104 -0.0176 -0.9998
vn -0.0264 0.0261 -0.9993
vn -0.0090 -0.0167 -0.9998
vn 0.2214 -0.9752 -0.0067
vn -0.4434 -0.8068 0.3904
vn 0.1729 0.3562 -0.9183
vn 0.0044 0.0122 -0.9999
vn -0.0029 0.0283 -0.9996
vn 0.1463 -0.0389 -0.9885
vn -0.0183 -0.0231 -0.9996
vn -0.0196 -0.0060 -0.9998
vn -0.0104 0.0064 -0.9999
vn -0.0118 0.0156 -0.9998
vn -0.4114 -0.9079 -0.0797
vn -0.4468 -0.8944 0.0220
vn -0.5035 -0.8332 0.2288
vn -0.5301 -0.5207 0.6692
vn -0.0466 0.0341 -0.9983
vn -0.0021 0.0078 -1.0000
vn -0.0784 0.2648 -0.9611
vn 0.0544 0.0023 -0.9985
vn 0.0425 -0.0052 -0.9991
vn 0.0087 -0.0041 -1.0000
vn -0.0052 0.0020 -1.0000
vn -0.2981 -0.4530 -0.8402
vn 0.2983 -0.9545 -0.0057
vn -0.0101 0.0192 -0.9998
vn 0.0117 -0.0052 -0.9999
vn -0.0091 -0.0010 -1.0000
vn -0.0181 0.1124 -0.9935
vn 0.0530 -0.0095 -0.9986
vn 0.0084 0.0344 -0.9994
vn 0.0027 0.0132 -0.9999
vn -0.5357 -0.8384 -0.1004
vn 0.2971 -0.9548 -0.0059
vn 0.3133 -0.9495 0.0162
vn -0.6496 -0.7227 0.2360
vn -0.4842 -0.5087 0.7118
vn -0.0145 0.0031 -0.9999
vn 0.0274 0.0454 -0.9986
vn -0.0932 0.3399 -0.9358
vn -0.0287 0.0536 -0.9981
vn 0.0781 -0.0156 -0.9968
vn 0.0506 -0.0104 -0.9987
vn -0.3016 -0.3224 -0.8973
vn -0.5776 -0.8129 -0.0748
vn -0.6093 -0.7926 0.0245
vn -0.6206 -0.7839 0.0204
vn -0.0235 0.0092 -0.9997
vn 0.0011 -0.0038 -1.0000
vn -0.0071 0.0196 -0.9998
vn -0.1974 0.3282 -0.9238
vn -0.0198 -0.0093 -0.9998
vn 0.0423 0.0971 -0.9944
vn 0.0953 -0.0278 -0.9951
vn -0.3671 -0.3574 -0.8588
vn -0.6907 -0.7096 -0.1393
vn -0.7226 -0.6909 0.0230
vn -0.0236 0.0250 -0.9994
vn -0.6066 -0.0599 -0.7928
vn -0.6247 -0.0697 -0.7777
vn -0.7572 0.0387 -0.6520
vn -0.7396 -0.6673 -0.0870
vn -0.7479 -0.6424 0.1672
vn -0.9748 -0.0391 0.2196
vn -0.8237 0.0654 0.5633
vn -0.0197 0.0137 -0.9997
vn -0.0299 0.0111 -0.9995
vn 0.0124 0.0078 -0.9999
vn -0.5158 -0.1705 -0.8396
vn -0.4871 0.1093 -0.8665
vn 0.0544 -0.0080 -0.9985
vn 0.0525 -0.0057 -0.9986
vn 0.0972 0.0244 -0.9950
vn -0.3998 -0.3579 -0.8438
vn -0.9886 -0.0795 -0.1278
vn -0.9659 0.2306 -0.1175
vn -0.9866 -0.1633 -0.0018
vn -0.9675 0.2230 -0.1189
vn -0.9878 0.1555 -0.0060
vn -0.9907 -0.1342 0.0234
vn -0.9991 0.0410 -0.0128
vn 0.4245 -0.9054 -0.0018
vn -0.9661 -0.2581 0.0018
vn -0.7630 -0.6450 0.0413
vn 0.3878 -0.9216 0.0164
vn -0.9983 -0.0565 0.0160
vn -0.9910 0.1200 0.0599
vn -0.9575 0.2856 0.0406
vn -0.7786 -0.5785 0.2431
vn -0.7880 -0.0649 0.6122
vn -0.8403 0.1802 0.5114
vn -0.8705 0.3314 0.3638
vn -0.7359 -0.5356 0.4142
vn 0.0202 -0.0045 -0.9998
vn 0.0317 -0.0191 -0.9993
vn -0.0360 0.0471 -0.9982
vn 0.1133 -0.0151 -0.9934
vn -0.3292 -0.1548 -0.9315
vn -0.8872 -0.4522 -0.0917
vn -0.4985 0.1535 -0.8532
vn -0.9353 0.2360 -0.2636
vn -0.4573 0.1262 -0.8803
vn -0.7120 0.3982 -0.5783
vn -0.7468 -0.6587 -0.0916
vn -0.8869 -0.4537 -0.0869
vn -0.9440 0.3242 -0.0605
vn -0.7252 0.6886 0.0036
vn -0.9227 -0.3853 -0.0126
vn -0.8291 -0.5575 0.0426
vn -0.8474 -0.5281 0.0551
vn -0.6574 0.7535 -0.0087
vn -0.9010 -0.4339 0.0055
vn -0.9774 0.2113 0.0093
vn -0.9301 -0.3631 0.0551
vn -0.9786 0.2057 0.0040
vn -0.8231 0.5629 0.0751
vn -0.8307 -0.4242 0.3605
vn -0.9298 0.2394 0.2796
vn -0.9081 0.1631 0.3858
vn -0.7545 -0.4311 0.4948
vn 0.0137 0.0151 -0.9998
vn -0.0272 0.0199 -0.9994
vn -0.0347 0.0464 -0.9983
vn 0.4298 -0.9029 0.0044
vn -0.0063 0.0007 -1.0000
vn -0.3739 0.3113 -0.8737
vn -0.0171 -0.0235 -0.9996
vn -0.3739 0.1554 -0.9144
vn -0.4690 -0.3734 -0.8004
vn -0.4157 -0.2605 -0.8714
vn -0.8063 -0.5885 -0.0597
vn -0.9759 0.1395 -0.1676
vn -0.8239 -0.5659 -0.0306
vn -0.9663 0.2563 0.0261
vn -0.9820 0.1889 0.0088
vn -0.9124 0.1596 0.3770
vn -0.9189 0.2201 0.3274
vn -0.0080 -0.0072 -0.9999
vn -0.0205 0.0552 -0.9983
vn -0.4361 -0.4026 -0.8048
vn -0.3244 -0.1632 -0.9317
vn -0.8188 -0.5391 -0.1974
vn -0.8368 0.1801 -0.5170
vn -0.8007 -0.3065 -0.5147
vn -0.9657 0.2588 -0.0217
vn -0.9433 -0.3154 -0.1036
vn -0.9477 0.2933 -0.1257
vn -0.9529 0.3010 0.0357
vn -0.9518 -0.2990 0.0679
vn -0.8557 -0.5173 -0.0160
vn -0.8478 -0.5303 -0.0085
vn -0.8410 -0.5365 0.0701
vn -0.8463 -0.5291 0.0621
vn -0.9441 -0.3240 0.0602
vn 0.4507 -0.8927 0.0019
vn -0.8959 0.2412 0.3730
vn -0.9050 -0.3146 0.2862
vn -0.8865 0.1689 0.4308
vn -0.7998 -0.1530 0.5804
vn -0.8016 -0.1251 0.5846
vn 0.8988 0.3495 0.2645
vn 0.8679 -0.0834 -0.4896
vn 0.0988 0.0471 -0.9940
vn 0.0465 -0.0130 -0.9988
vn 0.0456 0.0616 -0.9971
vn -0.0194 -0.0089 -0.9998
vn -0.7385 0.0351 -0.6734
vn -0.6520 0.0543 -0.7563
vn -0.9914 0.1118 -0.0684
vn -0.9884 0.0182 -0.1511
vn -0.9964 -0.0699 -0.0473
vn -0.9689 -0.2443 -0.0393
vn -0.9984 -0.0503 0.0274
vn -0.8383 -0.5451 -0.0108
vn -0.9947 -0.0941 0.0419
vn -0.9900 0.1383 0.0260
vn -0.9925 0.1187 0.0301
vn 0.9197 0.3905 -0.0394
vn 0.0032 0.0296 -0.9996
vn 0.5911 -0.8054 -0.0442
vn -0.3524 0.5258 -0.7742
vn -0.0206 0.0175 -0.9996
vn 0.0640 0.0367 -0.9973
vn -0.5703 -0.3546 -0.7410
vn -0.8647 -0.4962 -0.0774
vn 0.5625 -0.8268 0.0002
vn -0.5164 0.8563 -0.0002
vn 0.5743 -0.8186 0.0071
vn 0.5400 -0.8392 0.0640
vn -0.0199 0.0561 -0.9982
vn -0.0405 0.0011 -0.9992
vn -0.0303 -0.0077 -0.9995
vn -0.5503 -0.3107 -0.7750
vn -0.8813 -0.4726 0.0033
vn -0.8414 -0.5359 0.0702
vn -0.8441 -0.3878 0.3703
vn -0.0375 0.0114 -0.9992
vn -0.0456 0.0037 -0.9990
vn -0.0360 0.0056 -0.9993
vn -0.8747 -0.4790 -0.0739
vn -0.6757 -0.6352 0.3741
vn -0.0598 0.0490 -0.9970
vn 0.0023 0.0703 -0.9975
vn -0.4781 -0.1821 -0.8592
vn -0.5382 -0.3132 -0.7825
vn -0.8485 -0.5133 -0.1290
vn -0.7297 0.6837 0.0010
vn -0.8457 -0.5336 0.0084
vn -0.8320 -0.5548 0.0013
vn -0.7143 0.6999 -0.0062
vn -0.8119 -0.5402 0.2213
vn -0.5483 0.4576 0.7000
vn -0.0227 0.0502 -0.9985
vn 0.0544 -0.0806 -0.9953
vn -0.2321 0.0865 -0.9688
vn 0.0043 0.0159 -0.9999
vn -0.4048 -0.2038 -0.8914
vn -0.4125 -0.2271 -0.8822
vn -0.6666 0.6635 -0.3398
vn -0.8492 -0.5121 -0.1290
vn -0.8512 -0.4693 0.2352
vn -0.8113 -0.3852 0.4397
vn 0.0760 -0.1027 -0.9918
vn -0.0839 0.2281 -0.9700
vn -0.0305 0.0030 -0.9995
vn -0.8755 -0.4744 -0.0917
vn -0.8752 -0.4837 -0.0066
vn 0.6367 -0.7711 0.0060
vn -0.8685 -0.4956 0.0019
vn -0.8726 -0.4884 0.0061
vn -0.8858 -0.4405 0.1463
vn 0.6492 -0.7600 -0.0310
vn 0.6391 0.4151 -0.6474
vn -0.0390 0.0159 -0.9991
vn -0.0302 0.0027 -0.9995
vn -0.0127 0.0011 -0.9999
vn -0.4631 -0.2037 -0.8626
vn -0.8938 -0.4282 -0.1336
vn 0.7121 -0.7020 0.0034
vn -0.7667 0.6402 0.0489
vn -0.8628 -0.4970 0.0925
vn -0.6955 0.5985 0.3976
vn -0.7277 -0.4303 0.5341
vn 0.1089 0.1399 -0.9842
vn -0.0090 0.0093 -0.9999
vn 0.7041 -0.7101 0.0002
vn -0.8774 -0.4798 -0.0032
vn 0.7030 -0.7111 0.0095
vn -0.6991 -0.3550 0.6207
vn -0.0541 0.0241 -0.9982
vn -0.0525 -0.0624 -0.9967
vn -0.1815 0.0079 -0.9834
vn -0.4674 -0.2178 -0.8568
vn -0.8838 -0.3607 -0.2982
vn -0.8470 0.5010 -0.1774
vn -0.8980 0.3833 -0.2158
vn -0.8790 -0.4569 -0.1361
vn -0.9390 -0.3440 -0.0074
vn -0.9298 -0.3541 0.1000
vn -0.7668 0.4347 0.4724
vn -0.4414 0.0335 -0.8967
vn -0.0125 0.0009 -0.9999
vn -0.8353 -0.1515 -0.5284
vn -0.8374 0.4774 -0.2663
vn -0.9559 -0.1886 -0.2251
vn -0.9296 0.3574 -0.0897
vn -0.9390 -0.3439 -0.0075
vn -0.9309 0.3652 -0.0072
vn -0.9417 -0.3363 -0.0088
vn -0.9104 0.4136 0.0046
vn -0.9542 -0.2983 0.0251
vn -0.9555 0.2455 0.1637
vn -0.8843 0.4521 0.1168
vn -0.8255 0.3004 0.4779
vn -0.5975 -0.3537 0.7197
vn -0.0345 0.0125 -0.9993
vn -0.4204 0.0700 -0.9047
vn -0.8899 0.1211 -0.4398
vn -0.3962 0.0598 -0.9162
vn -0.2882 -0.1509 -0.9456
vn -0.7681 -0.3006 -0.5654
vn -0.9635 0.2411 -0.1165
vn -0.9311 -0.2678 -0.2475
vn -0.9641 -0.2614 -0.0465
vn -0.9608 -0.2756 -0.0317
vn -0.9514 0.3080 0.0024
vn -0.9211 -0.3879 0.0340
vn -0.9498 -0.3079 0.0556
vn -0.8479 -0.3166 0.4253
vn -0.0353 0.0081 -0.9993
vn -0.3065 0.0612 -0.9499
vn -0.3019 -0.0159 -0.9532
vn -0.3074 -0.0181 -0.9514
vn -0.8829 -0.1321 -0.4507
vn -0.8901 0.2462 -0.3836
vn -0.9763 0.2144 -0.0289
vn -0.9661 0.2583 -0.0004
vn -0.9676 -0.2515 0.0226
vn -0.9594 -0.2782 0.0457
vn -0.9785 0.2052 0.0225
vn -0.8515 -0.1018 0.5144
vn -0.9023 -0.2559 0.3470
vn -0.0490 0.0281 -0.9984
vn -0.0488 0.0222 -0.9986
vn -0.3952 0.0226 -0.9183
vn -0.9730 0.0165 -0.2300
vn -0.9842 0.1367 -0.1123
vn -0.9507 0.3077 -0.0373
vn -0.9750 0.1224 -0.1855
vn -0.9923 -0.1186 -0.0348
vn -0.9987 -0.0412 -0.0293
vn -0.9968 -0.0791 -0.0115
vn -0.9634 0.2682 0.0019
vn -0.9993 -0.0384 0.0007
vn -0.9957 -0.0925 -0.0058
vn -0.9996 -0.0282 -0.0016
vn -0.9959 -0.0907 -0.0065
vn -0.9972 -0.0744 -0.0014
vn -0.9462 0.3222 0.0313
vn -0.8803 0.2388 0.4099
vn -0.8641 0.0794 0.4970
vn -0.9754 -0.0537 0.2140
vn -0.9754 -0.0532 0.2140
vn 0.2974 0.1314 -0.9457
vn 0.0169 0.0234 -0.9996
vn 0.3902 -0.1737 -0.9042
vn 0.2814 -0.1174 -0.9524
vn 0.2026 0.0360 -0.9786
vn 0.3379 0.0413 -0.9403
vn -0.2195 -0.0045 0.9756
vn -0.6278 0.1407 0.7655
vn -0.2634 -0.1141 0.9579
vn -0.0256 -0.0019 0.9997
vn 0.0219 0.0011 0.9998
vn 0.9996 -0.0289 -0.0058
vn 0.9935 0.1131 -0.0132
vn 0.9999 -0.0140 -0.0001
vn 0.9949 -0.0512 0.0872
vn 0.7744 0.0110 -0.6326
vn 0.9490 0.2407 -0.2038
vn 0.7884 0.1419 -0.5986
vn 0.8973 -0.0692 -0.4359
vn 0.8932 -0.1199 -0.4334
vn 0.9490 0.2403 -0.2043
vn 0.9944 -0.0685 -0.0803
vn 0.9641 -0.2621 -0.0415
vn 0.9773 0.2118 0.0087
vn 0.9743 -0.2247 -0.0126
vn 0.9912 -0.1320 -0.0107
vn 0.9886 0.1503 -0.0089
vn 0.9383 0.3457 -0.0071
vn 0.9798 -0.1990 -0.0176
vn 0.9983 0.0376 0.0444
vn 0.9854 -0.1258 0.1146
vn 0.9044 0.0630 0.4220
vn 0.8137 0.4626 0.3520
vn 0.9145 -0.1230 0.3854
vn 0.5575 0.0379 0.8293
vn 0.8401 -0.0339 0.5414
vn 0.6910 0.0122 -0.7228
vn 0.9413 -0.1463 -0.3044
vn 0.9412 -0.1418 -0.3067
vn 0.9599 0.2176 -0.1766
vn 0.9731 -0.2288 -0.0285
vn 0.9762 -0.2167 -0.0105
vn 0.9544 0.2982 0.0141
vn 0.9722 -0.2342 -0.0016
vn 0.9502 0.3091 0.0402
vn 0.8284 0.1935 0.5256
vn 0.5223 -0.8511 0.0525
vn 0.9623 -0.1067 0.2501
vn 0.8005 -0.1663 0.5758
vn 0.3227 0.0244 0.9462
vn -0.0442 -0.0268 0.9987
vn 0.0293 0.0008 0.9996
vn 0.8429 -0.2211 -0.4906
vn 0.8887 -0.2910 -0.3544
vn 0.9297 0.3619 -0.0686
vn 0.9409 -0.3307 -0.0735
vn 0.9378 0.3472 -0.0002
vn 0.9422 -0.3349 0.0054
vn 0.9143 0.3882 0.1151
vn 0.8859 -0.3572 0.2960
vn 0.6304 0.2357 0.7396
vn 0.8632 -0.1750 0.4736
vn 0.1984 0.0343 0.9795
vn 0.2278 -0.0590 0.9719
vn 0.8798 0.4566 -0.1319
vn 0.8874 0.4481 -0.1084
vn 0.9359 -0.3463 -0.0644
vn 0.8791 0.4767 -0.0051
vn 0.9302 -0.3671 -0.0005
vn 0.8937 0.4487 0.0034
vn 0.9435 -0.3313 -0.0088
vn 0.9161 0.3636 0.1688
vn 0.8949 0.4318 0.1127
vn 0.9173 -0.3645 0.1604
vn 0.9343 -0.2732 0.2292
vn 0.5958 0.3033 0.7437
vn 0.4807 0.1620 0.8618
vn 0.1683 0.0644 0.9836
vn 0.3124 -0.0541 0.9484
vn 0.0062 -0.0053 1.0000
vn 0.7944 -0.3590 -0.4900
vn 0.8490 0.4981 -0.1762
vn 0.9042 -0.4100 -0.1196
vn 0.9038 -0.4279 -0.0112
vn 0.9257 -0.3491 0.1458
vn 0.4834 0.1724 0.8582
vn 0.4105 -0.1201 0.9039
vn 0.4074 -0.1516 0.9006
vn 0.0303 0.0094 0.9995
vn 0.8733 -0.4821 -0.0699
vn 0.8691 -0.4938 -0.0300
vn 0.7831 0.6220 0.0011
vn 0.8757 -0.4829 0.0068
vn 0.7513 0.6528 0.0965
vn 0.8661 -0.4850 0.1208
vn 0.7273 0.5437 0.4189
vn 0.7623 0.4300 0.4837
vn 0.8508 -0.5012 0.1580
vn 0.5313 0.1342 0.8365
vn 0.0958 0.0808 0.9921
vn 0.0518 -0.0360 0.9980
vn 0.1240 0.0748 0.9895
vn 0.8286 -0.5108 -0.2290
vn 0.7714 0.6273 -0.1068
vn 0.7492 0.6623 -0.0091
vn 0.8911 -0.4409 0.1075
vn 0.1304 -0.0279 0.9911
vn 0.0373 -0.0270 0.9989
vn 0.0107 0.0114 0.9999
vn 0.0170 -0.0047 0.9998
vn 0.0223 -0.0182 0.9996
vn 0.7038 0.7020 0.1094
vn 0.8622 -0.4996 0.0841
vn 0.3471 0.4102 0.8434
vn 0.3241 0.6362 0.7002
vn 0.0307 -0.0128 0.9994
vn 0.2423 -0.1446 0.9594
vn 0.0514 0.0431 0.9977
vn 0.0300 0.0135 0.9995
vn 0.0166 -0.0040 0.9999
vn 0.5882 0.7119 -0.3836
vn 0.8678 -0.4527 -0.2048
vn 0.6908 0.7231 -0.0044
vn 0.8640 -0.5031 -0.0198
vn 0.8626 -0.4990 0.0836
vn -0.0049 0.0601 0.9982
vn 0.0151 0.0182 0.9997
vn 0.3559 -0.1708 0.9188
vn 0.3492 -0.1637 0.9226
vn -0.7266 0.4784 -0.4932
vn 0.8674 -0.4544 -0.2030
vn 0.6830 0.7304 -0.0010
vn -0.8465 0.5323 0.0061
vn 0.6788 0.7314 0.0653
vn 0.5738 0.3160 0.7556
vn 0.6123 -0.6335 -0.4730
vn 0.5620 0.6944 -0.4494
vn 0.7751 -0.6284 -0.0665
vn 0.8252 -0.5647 -0.0147
vn 0.7815 -0.6041 0.1561
vn 0.5077 0.6196 0.5986
vn 0.0004 0.0128 0.9999
vn -0.0067 0.0207 0.9998
vn 0.3635 -0.2761 0.8898
vn 0.3353 -0.2876 0.8972
vn -0.8116 0.5301 0.2455
vn 0.4996 0.7721 -0.3927
vn 0.5793 0.8005 0.1537
vn -0.0414 0.0252 0.9988
vn 0.0004 0.0014 1.0000
vn -0.2027 -0.0187 0.9791
vn 0.7082 -0.4758 -0.5216
vn 0.7097 -0.4808 -0.5149
vn 0.5245 0.8514 -0.0000
vn 0.5103 0.8600 -0.0033
vn 0.6191 0.7651 0.1770
vn 0.8109 -0.5681 0.1405
vn 0.1706 0.5248 0.8339
vn 0.3609 -0.1793 0.9152
vn -0.0066 0.0326 0.9994
vn 0.3996 -0.3036 0.8650
vn -0.7967 0.6013 -0.0607
vn 0.0224 -0.0047 0.9997
vn 0.0101 0.0001 0.9999
vn 0.0588 -0.0222 0.9980
vn 0.9936 0.0440 -0.1042
vn 0.9950 0.0787 -0.0621
vn 0.8189 -0.5704 -0.0638
vn 0.9892 -0.1455 -0.0182
vn 0.3679 0.9299 -0.0010
vn 0.8153 -0.5748 -0.0699
vn 0.9961 0.0872 -0.0105
vn 0.9996 0.0237 0.0142
vn 0.9933 -0.1158 -0.0022
vn 0.8356 -0.5492 -0.0141
vn 0.9986 0.0400 0.0359
vn 0.8413 -0.4819 0.2450
vn 0.9824 0.0347 0.1836
vn 0.1632 0.5496 0.8193
vn -0.0306 0.0277 0.9991
vn 0.0058 0.0044 1.0000
vn 0.0686 0.0166 0.9975
vn 0.8342 0.0879 -0.5444
vn 0.9652 0.2217 -0.1389
vn 0.9365 0.3446 -0.0649
vn 0.9809 -0.1930 -0.0260
vn 0.8261 -0.5606 -0.0570
vn 0.9639 -0.2663 -0.0067
vn 0.3694 0.9293 -0.0014
vn 0.9504 0.3109 0.0098
vn 0.9485 0.3166 0.0085
vn 0.9782 -0.2073 0.0144
vn 0.9570 0.2865 0.0449
vn 0.2899 0.8621 0.4157
vn 0.9105 0.3230 0.2581
vn 0.9292 -0.2534 0.2689
vn 0.8478 0.1065 0.5195
vn 0.3968 -0.0153 0.9178
vn 0.8659 -0.1309 0.4827
vn 0.0236 0.0367 0.9990
vn -0.0035 0.0110 0.9999
vn 0.0346 0.0010 0.9994
vn 0.0492 -0.0075 0.9988
vn -0.5337 0.3398 0.7744
vn 0.7119 -0.4792 -0.5133
vn 0.7195 -0.5019 -0.4800
vn 0.8656 -0.4758 -0.1561
vn 0.2977 0.8520 -0.4306
vn 0.9857 0.1455 -0.0847
vn 0.9606 0.2757 -0.0362
vn 0.3023 0.9270 -0.2221
vn 0.9738 0.2272 -0.0125
vn 0.8985 -0.4388 -0.0088
vn 0.9749 0.2224 0.0072
vn 0.7777 -0.6286 0.0032
vn 0.9703 0.2415 0.0129
vn 0.8492 -0.5224 0.0773
vn 0.9575 0.1568 0.2421
vn 0.9514 0.2476 0.1828
vn 0.8236 -0.4314 0.3681
vn 0.8221 -0.4372 0.3648
vn 0.2384 0.5138 0.8241
vn 0.8244 -0.4952 0.2740
vn 0.4122 0.9100 -0.0457
vn 0.0224 -0.0367 0.9991
vn 0.0264 -0.0276 0.9993
vn 0.1960 -0.0200 0.9804
vn 0.7508 -0.4532 -0.4805
vn 0.9286 0.2722 -0.2523
vn 0.1975 0.8200 -0.5371
vn 0.7551 -0.4702 -0.4568
vn 0.9114 0.2390 -0.3351
vn 0.9981 0.0602 -0.0102
vn 0.8691 -0.4921 -0.0508
vn 0.9610 0.2317 0.1512
vn 0.8800 -0.4730 -0.0437
vn 0.8943 -0.4473 -0.0136
vn 0.9634 0.2679 0.0100
vn 0.9655 0.2599 0.0140
vn 0.8907 -0.4533 0.0330
vn 0.8964 -0.4431 -0.0101
vn 0.9214 -0.3885 0.0084
vn 0.9488 0.3064 0.0764
vn 0.8327 -0.5022 0.2334
vn 0.9095 0.2942 0.2938
vn 0.8292 -0.4260 0.3618
vn 0.5232 -0.3560 0.7743
vn 0.8971 0.2459 0.3670
vn -0.0713 -0.1853 0.9801
vn 0.0268 -0.0025 0.9996
vn 0.0143 0.0149 0.9998
vn 0.0267 0.0522 0.9983
vn 0.0642 0.0166 0.9978
vn 0.0242 -0.0005 0.9997
vn 0.1805 -0.2112 0.9606
vn 0.1611 -0.1050 0.9813
vn 0.0500 0.1001 0.9937
vn 0.0271 -0.0042 0.9996
vn 0.0097 -0.0068 0.9999
vn 0.0077 -0.0124 0.9999
vn 0.7988 -0.5344 -0.2761
vn 0.9161 -0.1411 -0.3752
vn 0.9060 0.2616 -0.3328
vn -0.0186 0.9285 -0.3710
vn 0.9868 -0.1556 -0.0455
vn 0.9888 -0.1458 -0.0311
vn 0.9910 0.0749 -0.1106
vn 0.9190 0.3843 0.0875
vn 0.9751 -0.2212 0.0174
vn 0.9938 0.1113 0.0036
vn 0.9901 0.1397 0.0141
vn 0.8302 -0.5569 -0.0260
vn 0.9931 -0.1169 -0.0060
vn 0.9793 -0.0706 0.1898
vn 0.9973 0.0561 0.0474
vn 0.2562 0.8591 0.4431
vn 0.8694 0.3169 0.3791
vn 0.8077 -0.4358 0.3971
vn 0.3437 0.5907 0.7300
vn 0.2937 0.1039 0.9502
vn 0.2162 -0.2207 0.9511
vn 0.2860 -0.0658 0.9560
vn 0.3059 0.0915 0.9476
vn 0.3910 0.1746 0.9037
vn 0.0156 0.0062 0.9999
vn 0.7967 -0.1735 -0.5790
vn 0.9119 0.2589 -0.3184
vn 0.7637 -0.6126 -0.2038
vn 0.5000 0.7578 -0.4193
vn 0.7681 -0.6393 0.0369
vn 0.8140 0.0668 0.5770
vn 0.7278 -0.5594 0.3967
vn 0.8676 -0.1236 0.4816
vn 0.9453 -0.0793 0.3163
vn -0.0021 0.0275 0.9996
vn -0.0229 -0.0142 0.9996
vn 0.2162 0.0996 0.9712
vn 0.1913 -0.1030 0.9761
vn 0.0153 -0.0062 0.9999
vn 0.7395 -0.6199 -0.2622
vn -0.6319 0.7750 -0.0012
vn 0.5335 0.7055 -0.4666
vn 0.7763 -0.6256 -0.0771
vn 0.4629 0.8864 0.0047
vn 0.4381 0.8989 -0.0011
vn -0.6596 0.7515 0.0113
vn 0.7171 -0.6085 0.3398
vn 0.4720 0.6616 0.5827
vn 0.2484 -0.0806 0.9653
vn 0.1476 -0.0199 0.9889
vn 0.0174 0.0004 0.9998
vn 0.0892 -0.0755 0.9931
vn 0.0921 -0.0695 0.9933
vn -0.6880 0.7044 -0.1746
vn 0.0021 0.0123 0.9999
vn 0.0150 -0.0050 0.9999
vn 0.7265 -0.6872 -0.0014
vn 0.5711 0.8209 0.0019
vn 0.1374 0.5388 0.8311
vn 0.0565 0.0182 0.9982
vn 0.0245 -0.0047 0.9997
vn 0.0120 -0.0172 0.9998
vn 0.0133 0.0185 0.9997
vn -0.1400 0.0161 0.9900
vn 0.4054 0.9141 -0.0074
vn 0.0025 0.0236 0.9997
vn 0.0166 0.0267 0.9995
vn -0.0522 -0.0075 0.9986
vn -0.5190 0.8546 -0.0165
vn -0.5418 0.8405 -0.0081
vn 0.0720 0.9974 0.0004
vn -0.5439 0.8391 0.0087
vn 0.0192 0.9986 0.0492
vn 0.1133 0.7560 0.6446
vn -0.5390 0.8423 0.0099
vn 0.0764 0.5791 0.8117
vn 0.0151 0.0461 0.9988
vn 0.1096 -0.0658 0.9918
vn 0.1464 -0.1821 0.9723
vn 0.0180 0.0073 0.9998
vn 0.0048 -0.0119 0.9999
vn 0.1486 0.9888 0.0125
vn -0.4398 0.0612 0.8960
vn 0.0094 -0.0118 0.9999
vn 0.1396 0.6479 -0.7488
vn -0.3973 0.9175 -0.0165
vn -0.3893 0.9211 0.0086
vn 0.0927 0.5963 0.7974
vn -0.0121 0.0470 0.9988
vn 0.0157 -0.0107 0.9998
vn 0.0193 -0.0034 0.9998
vn 0.1840 -0.1132 0.9764
vn -0.3841 -0.0423 0.9223
vn -0.7921 -0.1784 0.5838
vn -0.2804 0.9546 0.1005
vn -0.4469 -0.0150 0.8945
vn 0.0194 -0.0060 0.9998
vn 0.0077 -0.0130 0.9999
vn -0.3009 0.6962 0.6518
vn -0.8427 -0.4368 0.3147
vn -0.4129 0.9106 0.0174
vn -0.0034 -0.0330 0.9994
vn -0.0058 -0.0019 1.0000
vn 0.0180 -0.0179 0.9997
vn 0.0150 0.0036 0.9999
vn 0.1543 -0.1176 0.9810
vn 0.0069 0.9960 -0.0895
vn -0.1040 -0.0856 0.9909
vn 0.0139 0.0023 0.9999
vn 0.0196 -0.0027 0.9998
vn -0.0024 0.0409 0.9992
vn -0.3558 0.9346 -0.0024
vn 0.0793 0.8911 -0.4468
vn 0.1995 0.9717 0.1264
vn -0.9504 0.1525 -0.2709
vn -0.6473 0.0384 0.7613
vn -0.5637 0.8249 -0.0421
vn 0.2264 0.9708 0.0798
vn 0.1621 0.9672 0.1956
vn 0.1089 0.5337 0.8387
vn 0.0122 0.1314 0.9913
vn -0.1126 -0.1159 0.9869
vn -0.0659 -0.3926 0.9174
vn -0.0430 0.9988 -0.0242
vn -0.0898 -0.0738 0.9932
vn -0.1254 0.8406 0.5270
vn 0.1035 -0.0146 0.9945
vn 0.0083 -0.0146 0.9999
vn 0.0192 0.0134 0.9997
vn -0.6790 0.2328 0.6963
vn -0.7549 0.6492 -0.0936
vn 0.2127 0.9771 0.0043
vn 0.2136 0.9769 0.0046
vn 0.0160 -0.0278 0.9995
vn -0.0085 -0.0400 0.9992
vn 0.0124 -0.0622 0.9980
vn -0.0659 0.9761 0.2073
vn 0.3561 0.8607 -0.3640
vn -0.1601 0.8449 0.5105
vn -0.2004 0.9727 -0.1171
vn 0.0099 0.0279 0.9996
vn 0.0029 -0.0394 0.9992
vn 0.0164 -0.0063 0.9998
vn 0.0213 -0.0159 0.9996
vn 0.0210 0.0009 0.9998
vn -0.0515 -0.0819 0.9953
vn -0.1930 0.9812 -0.0056
vn 0.0423 -0.0224 0.9989
vn -0.1484 0.9887 -0.0202
vn 0.0334 0.9988 0.0355
vn 0.0116 -0.0247 0.9996
vn -0.0777 -0.3705 0.9256
vn 0.4842 0.7851 -0.3863
vn 0.0706 -0.3645 0.9285
vn -0.0072 -0.7436 0.6686
vn 0.2184 0.4325 0.8748
vn 0.0789 0.5576 -0.8263
vn 0.0264 0.8140 0.5803
vn -0.0226 0.6314 0.7751
vn -0.1814 -0.9777 -0.1059
vn 0.1012 0.9930 -0.0603
vn -0.2272 0.9738 0.0064
vn -0.1871 0.9822 0.0183
vn 0.4096 0.3556 0.8401
vn 0.0040 -0.0203 0.9998
vn 0.0072 -0.0301 0.9995
vn -0.0432 -0.0643 0.9970
vn -0.0361 -0.0807 0.9961
vn 0.0311 0.9992 -0.0258
vn -0.0074 -0.0401 0.9992
vn 0.4077 0.8892 -0.2076
vn -0.2222 0.9730 -0.0627
vn 0.4598 0.8880 -0.0005
vn 0.4577 0.8891 0.0001
vn -0.0346 0.3975 0.9169
vn -0.1234 -0.2221 0.9672
vn -0.2715 -0.8713 0.4088
vn 0.5107 0.8494 0.1329
vn 0.0642 -0.0675 0.9957
vn -0.0087 0.0112 0.9999
vn 0.0014 0.0065 1.0000
vn 0.0044 -0.0025 1.0000
vn 0.0101 0.0063 0.9999
vn 0.0105 0.0246 0.9996
vn -0.0664 -0.5836 0.8093
vn 0.0080 0.0371 0.9993
vn 0.1717 -0.0140 0.9851
vn 0.3590 0.7379 -0.5715
vn 0.8446 0.5250 -0.1053
vn 0.6775 0.7356 -0.0021
vn -0.1246 -0.2121 0.9693
vn -0.2058 -0.7211 0.6616
vn -0.5442 0.4164 0.7283
vn 0.6563 0.7545 -0.0004
vn -0.3528 0.9356 -0.0159
vn 0.4197 0.8274 0.3731
vn 0.8148 -0.1391 0.5629
vn 0.3835 0.5720 0.7251
vn -0.0095 0.0517 0.9986
vn 0.0099 0.0066 0.9999
vn 0.0232 -0.0102 0.9997
vn -0.0285 0.2806 -0.9594
vn 0.0245 -0.0678 0.9974
vn 0.0087 0.0436 0.9990
vn 0.0068 0.0001 1.0000
vn -0.0344 0.4096 0.9116
vn 0.0066 0.0021 1.0000
vn 0.0822 0.0284 0.9962
vn -0.0484 0.2832 0.9578
vn 0.4395 0.8982 -0.0003
vn 0.1973 0.9748 -0.1043
vn -0.2229 0.5585 0.7990
vn -0.1867 0.4369 0.8799
vn -0.1959 0.4428 0.8750
vn -0.1960 0.9481 -0.2504
vn 0.4413 0.8974 -0.0002
vn -0.5570 0.8276 0.0693
vn 0.0145 0.0001 0.9999
vn 0.0377 -0.4284 0.9028
vn -0.0158 0.9851 0.1712
vn 0.0771 0.0396 0.9962
vn 0.1342 -0.0329 0.9904
vn 0.1103 -0.0873 0.9901
vn 0.9801 0.1944 -0.0394
vn 0.9868 0.1530 0.0531
vn 0.8864 -0.4056 0.2230
vn 0.9517 -0.3036 -0.0457
vn 0.7729 -0.1147 -0.6241
vn -0.1981 -0.8571 0.4756
vn 0.0305 -0.0093 0.9995
vn 0.0690 0.8499 0.5224
vn -0.0825 0.7023 0.7071
vn 0.1704 0.9294 0.3273
vn 0.2893 0.9080 -0.3029
vn 0.0780 0.7536 -0.6527
vn 0.0172 0.8792 -0.4761
vn 0.0153 0.0460 0.9988
vn 0.0513 -0.3357 0.9406
vn 0.0500 0.9771 0.2068
vn -0.0292 -0.5819 0.8128
vn 0.0297 0.9991 -0.0288
vn -0.0189 0.9967 -0.0787
vn -0.0092 0.9750 0.2220
vn 0.0174 0.0225 0.9996
vn 0.0834 0.1214 0.9891
vn 0.8125 0.5830 -0.0039
vn 0.8876 0.4267 -0.1734
vn 0.0293 0.8305 0.5563
vn 0.2270 0.8079 0.5438
vn -0.4958 -0.3706 0.7854
vn 0.1533 0.9821 -0.1095
vn -0.5195 0.8467 0.1148
vn 0.2057 0.8908 -0.4053
vn 0.0730 0.8533 -0.5163
vn 0.0061 0.0331 0.9994
vn 0.0135 -0.0185 0.9997
vn -0.0138 -0.0090 0.9999
vn 0.8274 -0.5070 0.2414
vn 0.8119 -0.4413 0.3821
vn 0.1688 -0.0850 0.9820
vn 0.7223 -0.4290 -0.5425
vn -0.8993 0.3164 0.3019
vn -0.3027 -0.0796 0.9498
vn -0.1949 0.9205 0.3386
vn 0.0561 0.4984 0.8651
vn 0.1310 0.6090 0.7823
vn 0.0901 -0.9651 -0.2460
vn 0.5379 0.5996 -0.5926
vn 0.2247 0.8579 -0.4620
vn 0.3014 -0.3111 -0.9013
vn -0.0520 0.9977 -0.0442
vn -0.0066 0.0303 0.9995
vn 0.1043 -0.3076 0.9458
vn -0.0044 -0.2265 0.9740
vn 0.2891 0.0144 0.9572
vn 0.1265 -0.1092 0.9859
vn 0.6973 0.7158 -0.0382
vn 0.9772 -0.1832 -0.1074
vn -0.9182 0.1018 0.3827
vn -0.3177 0.0894 0.9440
vn -0.2140 -0.9740 -0.0738
vn -0.7677 0.6408 0.0084
vn -0.3274 0.9105 0.2525
vn 0.1065 0.9942 -0.0159
vn -0.0660 0.9978 0.0026
vn -0.0117 0.9744 -0.2245
vn 0.0052 0.0628 0.9980
vn 0.0082 0.0014 1.0000
vn -0.5151 -0.4082 0.7537
vn -0.1003 0.9866 0.1285
vn 0.0238 -0.6102 0.7919
vn 0.2007 -0.0884 0.9756
vn 0.0046 -0.0053 1.0000
vn 0.2395 0.5831 0.7763
vn 0.0686 -0.2477 0.9664
vn 0.6682 -0.6022 0.4368
vn -0.0017 0.8844 -0.4668
vn -0.0349 0.9991 0.0240
vn -0.5802 0.2073 0.7876
vn 0.1906 -0.1765 0.9657
vn -0.2772 0.9482 0.1549
vn 0.0052 1.0000 0.0003
vn -0.7120 0.6927 0.1148
vn 0.1800 0.8046 -0.5659
vn -0.4575 -0.0499 0.8878
vn 0.0037 -0.0007 1.0000
vn 0.1013 -0.0442 0.9939
vn -0.1804 -0.0083 0.9836
vn 0.0069 -0.0380 0.9993
vn 0.4202 0.9061 0.0492
vn -0.6628 0.0657 0.7459
vn 0.0346 0.9987 0.0366
vn -0.6818 -0.0193 0.7313
vn -0.7091 0.0641 0.7022
vn -0.1834 0.5021 0.8451
vn 0.0742 0.1817 0.9805
vn -0.0343 0.1463 0.9886
vn 0.1007 0.3030 0.9477
vn 0.0368 0.0901 0.9953
vn 0.2938 0.9349 0.1992
vn 0.0887 0.8570 0.5077
vn -0.0539 0.9985 0.0065
vn -0.5369 0.8282 0.1607
vn 0.7973 -0.4682 -0.3809
vn 0.6860 0.5818 -0.4369
vn -0.0108 0.8850 0.4655
vn 0.0094 0.5605 0.8281
vn 0.1506 0.9875 -0.0460
vn 0.2034 0.9726 0.1123
vn -0.2873 -0.0111 0.9578
vn -0.2583 0.0015 0.9661
vn 0.3843 0.9098 -0.1569
vn 0.0441 -0.2468 0.9681
vn 0.4038 -0.7866 0.4672
vn 0.3474 0.2088 0.9142
vn 0.5633 0.7685 0.3034
vn 0.0148 0.8080 -0.5889
vn 0.0344 0.4430 0.8959
vn 0.3327 0.1113 0.9364
vn 0.0053 0.1174 0.9931
vn 0.5803 0.2805 0.7646
vn 0.6581 0.7027 0.2705
vn 0.0034 0.9998 -0.0214
vn 0.5248 0.8447 -0.1051
vn 0.1419 0.3325 0.9324
vn 0.3155 0.7512 -0.5799
vn 0.8742 0.1129 -0.4722
vn 0.0034 1.0000 0.0014
vn -0.0019 0.8367 0.5477
vn 0.0042 -0.0350 0.9994
vn -0.0062 -0.0219 0.9997
vn -0.0033 -0.1081 0.9941
vn -0.5267 0.8495 0.0306
vn 0.0756 -0.0094 0.9971
vn 0.0452 0.4602 0.8867
vn 0.0030 -0.0033 1.0000
vn 0.0832 0.1624 0.9832
vn -0.5810 0.1103 0.8064
vn 0.3872 0.8950 -0.2212
vn 0.4766 -0.4430 -0.7593
vn 0.2802 0.3502 0.8938
vn -0.0118 0.6045 0.7965
vn 0.1379 -0.1758 0.9747
vn 0.9032 -0.0381 0.4275
vn 0.3663 0.8995 0.2381
vn 0.8164 0.5771 -0.0203
vn 0.2694 0.5156 0.8134
vn 0.5998 0.2756 0.7512
vn 0.7553 0.4107 0.5108
vn 0.8080 0.1371 0.5730
vn 0.9959 0.0864 -0.0282
vn 0.3853 0.2913 0.8756
vn 0.9331 -0.1669 -0.3186
vn 0.9114 -0.0925 -0.4009
vn 0.6310 0.7250 -0.2761
vn 0.0031 0.0429 0.9991
vn -0.0041 0.0278 0.9996
vn 0.0043 -0.0963 0.9953
vn -0.0226 -0.2721 0.9620
vn 0.0062 0.9928 0.1192
vn 0.1232 0.8523 -0.5084
vn -0.0262 -0.0155 0.9995
vn -0.0217 -0.0088 0.9997
vn -0.8855 0.0038 0.4646
vn 0.9750 0.2087 0.0763
vn -0.0404 -0.0340 0.9986
vn -0.0429 -0.0332 0.9985
vn -0.0496 -0.5020 0.8634
vn -0.0057 -0.4938 0.8696
vn 0.0118 0.6203 0.7843
vn 0.0634 0.0039 0.9980
vn 0.0723 -0.0214 0.9972
vn -0.0462 -0.0627 0.9970
vn -0.0269 -0.0506 0.9984
vn 0.0155 0.0594 0.9981
vn 0.0065 0.0021 1.0000
vn 0.3058 0.9459 -0.1086
vn 0.3421 0.3284 0.8804
vn 0.8000 -0.3157 -0.5102
vn 0.1101 -0.4126 0.9042
vn 0.8733 -0.2350 0.4267
vn 0.3066 0.7061 0.6382
vn 0.8751 0.3636 0.3194
vn 0.7572 -0.6515 -0.0465
vn 0.4721 0.2490 0.8456
vn 0.0682 0.2937 0.9535
vn 0.6308 -0.7756 0.0213
vn -0.2906 0.9553 -0.0550
vn 0.5086 0.8494 -0.1408
vn 0.0033 0.0001 1.0000
vn -0.0154 0.8540 -0.5200
vn -0.0199 -0.2067 0.9782
vn -0.0203 -0.3478 0.9373
vn 0.0029 0.9931 -0.1172
vn -0.0266 -0.0867 0.9959
vn 0.0245 0.4015 0.9155
vn 0.1112 0.3330 0.9363
vn 0.0117 0.0157 0.9998
vn 0.3082 0.3904 0.8675
vn 0.1310 0.9734 -0.1881
vn 0.8551 -0.2403 -0.4594
vn 0.4348 0.3596 0.8256
vn 0.9271 -0.3670 -0.0756
vn 0.6907 -0.7224 -0.0326
vn 0.9711 -0.1771 0.1600
vn 0.5485 0.4009 0.7338
vn 0.6090 -0.7663 0.2046
vn 0.0712 0.3153 0.9463
vn -0.3432 0.9270 -0.1514
vn -0.2160 0.9763 -0.0157
vn 0.0023 0.0206 0.9998
vn 0.0034 -0.0133 0.9999
vn -0.0056 -0.0137 0.9999
vn 0.0016 0.9956 0.0937
vn 0.0158 -0.0174 0.9997
vn 0.0299 -0.0014 0.9996
vn -0.5116 -0.8063 0.2969
vn 0.0145 0.0209 0.9997
vn 0.0287 -0.3728 0.9275
vn -0.3207 0.7772 0.5414
vn 0.9172 0.0006 -0.3985
vn 0.9076 -0.0003 -0.4199
vn 0.9105 -0.0020 -0.4135
vn 0.8930 -0.0007 -0.4501
vn 0.1648 0.4443 0.8806
vn 0.9999 0.0009 -0.0156
vn 1.0000 0.0002 0.0078
vn 1.0000 -0.0002 0.0085
vn 0.9992 -0.0014 -0.0408
vn 0.5729 -0.3008 -0.7624
vn 0.8950 0.3568 0.2678
vn 0.8766 0.0019 0.4812
vn 0.8963 0.0002 0.4434
vn 0.8961 -0.0014 0.4439
vn 0.8783 -0.0004 0.4781
vn 0.8944 -0.3923 0.2150
vn 0.7944 -0.5814 -0.1754
vn 0.1439 0.2955 0.9444
vn 0.1384 0.2994 0.9440
vn 0.1312 0.3168 0.9394
vn -0.0065 0.0120 0.9999
vn -0.0006 0.0008 1.0000
vn 0.0024 -0.0025 1.0000
vn 0.0040 -0.0269 0.9996
vn 0.0005 -0.0620 0.9981
vn -0.0168 -0.2311 0.9728
vn 0.0254 -0.0007 0.9997
vn 0.3019 0.8168 0.4917
vn 0.0339 0.1216 0.9920
vn 0.4978 0.8671 -0.0169
vn 0.2249 0.9729 -0.0528
vn 0.5299 0.8215 0.2105
vn 0.0193 0.7122 -0.7017
vn 0.5166 0.0023 0.8562
vn 0.4939 0.0013 0.8695
vn 0.4924 -0.0075 0.8703
vn 0.4282 -0.0024 0.9037
vn 0.4620 -0.0008 0.8869
vn 0.0771 0.3454 0.9353
vn 0.6600 -0.3289 0.6754
vn 0.1221 0.8113 -0.5717
vn 0.1018 0.2881 0.9522
vn -0.7872 0.5367 -0.3036
vn 0.0116 0.2576 0.9662
vn -0.1574 0.9675 -0.1978
vn -0.0017 0.1475 0.9891
vn -0.0050 -0.0133 0.9999
vn -0.0052 0.0610 0.9981
vn -0.0246 -0.2487 0.9683
vn 0.0123 -0.0916 0.9957
vn 0.0158 -0.0049 0.9999
vn 0.0191 -0.3027 0.9529
vn 0.0518 0.8434 0.5347
vn 0.0387 0.4301 0.9020
vn 0.1435 0.3599 0.9219
vn 0.0030 -0.0096 0.9999
vn 0.0663 0.3254 0.9433
vn 0.0390 0.9992 0.0076
vn 0.3594 -0.6031 0.7121
vn 0.1316 0.9178 -0.3747
vn -0.0213 0.6777 0.7351
vn 0.0093 0.9981 -0.0613
vn 0.0136 -0.0124 0.9998
vn 0.0229 -0.3571 0.9338
vn 0.0008 0.1530 0.9882
vn 0.0068 0.0019 1.0000
vn -0.0031 -0.0009 1.0000
vn 0.0068 -0.6111 0.7915
vn 0.0760 0.2793 0.9572
vn -0.0110 0.9999 -0.0081
vn 0.0003 0.9977 0.0683
vn 0.0017 0.8913 -0.4534
vn -0.0455 -0.2011 0.9785
vn -0.0114 0.9999 0.0105
vn 0.0222 -0.5410 0.8407
vn -0.0180 0.9714 -0.2369
vn -0.0078 0.8473 0.5311
vn 0.0090 0.5927 0.8054
vn -0.0016 0.0194 0.9998
vn -0.0010 0.9255 -0.3786
vn 0.0048 0.8593 0.5114
vn 0.0004 -0.5740 0.8188
vn 0.1374 -0.5825 0.8012
vn -0.0119 0.2927 0.9561
vn 0.0029 0.1150 0.9934
vn -0.0125 0.0453 0.9989
vn -0.0115 0.0101 0.9999
vn 0.0068 -0.2466 0.9691
vn -0.0131 0.6964 -0.7175
vn -0.0082 0.9404 -0.3399
vn 0.0137 0.2537 0.9672
vn -0.0055 -0.0028 1.0000
vn 0.0023 0.0007 1.0000
vn 0.0019 -0.0306 0.9995
vn 0.0045 -0.0242 0.9997
vn 0.0658 -0.3325 0.9408
vn 0.0757 0.0531 0.9957
vn -0.0030 0.4874 0.8732
vn 0.0015 -0.0590 0.9983
vn 0.0497 -0.1460 0.9880
vn 0.0073 0.0023 1.0000
vn -0.0128 0.9402 -0.3403
vn -0.0055 -0.0002 1.0000
vn 0.0149 -0.0043 0.9999
vn -0.0147 0.3071 0.9516
vn -0.1100 -0.7099 0.6957
vn 0.0089 0.9651 -0.2618
vn 0.0234 0.9404 0.3393
vn 0.0370 0.9982 -0.0468
vn 0.0542 0.9984 -0.0171
vn 0.0327 0.9994 0.0107
vn -0.0042 0.9978 0.0666
vn 0.0039 -0.0090 1.0000
vn -0.0099 0.8987 0.4385
vn -0.0004 -0.0100 0.9999
vn 0.0072 -0.0047 1.0000
vn 0.0122 0.8341 0.5514
vn 0.0178 -0.3806 0.9246
vn -0.0238 -0.0217 0.9995
vn -0.0058 0.1701 0.9854
vn -0.0308 0.9989 -0.0345
vn -0.0232 0.4670 0.8840
vn -0.0271 0.9987 -0.0442
vn -0.0292 0.8324 0.5535
vn -0.0043 0.4469 0.8946
vn 0.0118 0.7485 -0.6631
vn -0.0771 0.3696 0.9260
vn 0.0182 0.8080 -0.5888
vn -0.3914 -0.5152 0.7625
vn -0.0719 0.2780 0.9579
vn -0.1452 0.9196 -0.3651
vn 0.0304 0.8034 0.5946
vn 0.0184 0.9998 -0.0057
vn -0.1372 -0.8911 0.4326
vn 0.0120 -0.0073 0.9999
vn 0.0121 0.0304 0.9995
vn 0.0036 -0.0270 0.9996
vn 0.0150 0.9988 0.0474
vn 0.0014 -0.0065 1.0000
vn 0.0039 -0.0658 0.9978
vn 0.0432 0.6287 0.7764
vn -0.0136 -0.0868 0.9961
vn 0.0491 -0.0622 0.9969
vn 0.0018 0.1336 0.9910
vn -0.6182 0.7801 0.0964
vn -0.5164 0.4616 0.7213
vn -0.5128 0.0024 0.8585
vn -0.4479 -0.0004 0.8941
vn -0.4514 -0.0021 0.8923
vn -0.4249 -0.0030 0.9053
vn -0.0379 0.3105 0.9498
vn -0.7112 -0.3471 0.6113
vn -0.1260 0.7734 -0.6213
vn -0.0624 0.2714 0.9605
vn 0.0071 0.0260 0.9996
vn 0.0040 -0.0043 1.0000
vn 0.4791 0.8580 0.1852
vn -0.0973 0.3609 0.9275
vn 0.0013 0.9809 -0.1945
vn 0.0042 0.9986 -0.0530
vn -0.0820 0.3367 0.9380
vn -0.6064 -0.7815 0.1470
vn -0.0875 0.2500 0.9643
vn -0.0838 0.2914 0.9529
vn 0.0215 0.1472 0.9889
vn 0.0245 -0.0182 0.9995
vn 0.0146 -0.2695 0.9629
vn 0.0669 -0.1893 0.9796
vn 0.0731 -0.1698 0.9828
vn 0.0014 -0.0095 1.0000
vn -0.0245 0.9714 -0.2361
vn 0.0426 -0.0520 0.9977
vn 0.0103 -0.0150 0.9998
vn -0.0009 0.0243 0.9997
vn 0.0039 0.0332 0.9994
vn -0.0542 -0.2559 0.9652
vn 0.0506 -0.0632 0.9967
vn 0.0079 0.2879 0.9576
vn 0.4147 0.7402 0.5292
vn 0.0057 0.0131 0.9999
vn -0.2270 0.4755 0.8500
vn -0.3644 0.3966 0.8426
vn 0.4317 0.0186 -0.9018
vn 0.7745 -0.0532 -0.6304
vn -0.1933 0.2381 0.9518
vn -0.1820 0.2638 0.9472
vn -0.3522 0.3866 0.8523
vn -0.2439 0.3307 0.9117
vn -0.0120 0.9999 0.0017
vn 0.5957 0.6972 -0.3987
vn -0.0067 0.9744 -0.2247
vn 0.3594 0.9328 -0.0253
vn -0.0022 0.0061 1.0000
vn 0.0092 -0.0119 0.9999
vn 0.0909 -0.3497 0.9324
vn 0.2862 0.0050 0.9582
vn 0.7525 -0.0019 0.6586
vn 0.9998 0.0149 -0.0155
vn 0.9999 0.0141 0.0053
vn 0.9932 -0.0373 -0.1102
vn 0.7501 0.1938 0.6323
vn 0.9994 0.0264 -0.0231
vn 0.9994 0.0262 -0.0239
vn 0.9993 0.0307 -0.0203
vn 0.9998 0.0186 -0.0037
vn 0.9998 0.0115 -0.0188
vn 0.9998 0.0130 -0.0121
vn -0.2141 0.9679 -0.1315
vn -0.2484 0.9666 -0.0631
vn 0.8974 -0.4241 0.1218
vn 0.9259 0.0376 -0.3758
vn 0.9209 0.0189 -0.3894
vn 0.9574 0.0208 -0.2882
vn 0.9366 0.0167 -0.3500
vn 0.9562 0.0058 -0.2926
vn 0.9194 -0.3755 -0.1169
vn 0.9368 -0.2296 -0.2639
vn -0.5749 0.0131 0.8181
vn 0.7692 0.0196 -0.6387
vn 0.6397 0.0701 -0.7655
vn -0.8324 0.4932 -0.2528
vn 0.7191 0.0850 -0.6897
vn 0.6696 0.2817 -0.6872
vn 0.7496 0.4606 -0.4753
vn 0.7199 0.4987 -0.4828
vn 0.4100 0.4541 0.7910
vn 0.6441 0.7442 -0.1768
vn 0.6499 0.1237 -0.7498
vn 0.8417 0.5323 -0.0900
vn 0.6039 0.7458 -0.2812
vn 0.6963 0.7177 -0.0074
vn 0.3015 0.9525 -0.0418
vn 0.7527 0.6579 -0.0243
vn -0.0023 0.0018 1.0000
vn 0.0175 -0.1415 0.9898
vn -0.0112 0.9846 0.1743
vn -0.0794 0.9891 -0.1241
vn -0.1949 0.9670 0.1641
vn -0.1169 0.9509 -0.2864
vn 0.7426 -0.0516 0.6677
vn 0.9914 -0.0027 0.1307
vn 0.2769 0.0070 0.9609
vn 0.0638 -0.7327 0.6776
vn -0.2031 -0.7903 0.5781
vn -0.1149 -0.0017 0.9934
vn -0.0244 0.5121 0.8586
vn 0.7830 -0.0246 0.6216
vn 0.9926 0.0092 0.1212
vn 0.9997 0.0152 -0.0168
vn 0.9991 0.0393 0.0125
vn 0.9994 0.0235 -0.0238
vn 0.9994 0.0230 -0.0254
vn 0.3090 -0.9395 -0.1477
vn -0.1057 0.3638 0.9254
vn 0.1078 0.8022 0.5872
vn 0.8701 0.0484 -0.4905
vn 0.7752 -0.6286 -0.0628
vn -0.3784 -0.1288 0.9166
vn -0.0246 0.8886 0.4581
vn 0.0820 0.8931 0.4424
vn 0.9920 0.0508 -0.1152
vn 0.7893 -0.6032 -0.1147
vn 0.9731 0.2249 0.0504
vn -0.0864 0.3859 0.9185
vn -0.5517 0.8313 -0.0668
vn 0.6084 0.3377 -0.7182
vn -0.2631 0.2474 0.9325
vn -0.0230 0.8240 0.5662
vn -0.2211 0.9065 0.3596
vn -0.5069 -0.6054 0.6137
vn 0.9941 0.0658 -0.0866
vn 0.9845 0.1568 -0.0789
vn -0.5466 0.2699 0.7927
vn 0.9877 0.1510 -0.0397
vn 0.9102 0.3922 -0.1328
vn 0.9797 0.2003 0.0014
vn 0.9785 0.2064 0.0009
vn 0.9746 0.2234 -0.0135
vn -0.0032 -0.0166 0.9999
vn -0.0207 0.0472 0.9987
vn -0.0043 -0.0135 0.9999
vn -0.0090 -0.0027 1.0000
vn 0.9390 0.1476 -0.3106
vn 0.0028 0.5005 0.8657
vn -0.0116 -0.0664 0.9977
vn 0.0069 0.1571 0.9876
vn 0.2980 -0.0135 0.9545
vn 0.6115 0.0901 0.7861
vn 0.6879 0.1447 0.7112
vn 0.6786 0.1800 0.7121
vn 0.7834 0.4367 0.4422
vn 0.2527 0.0397 0.9667
vn -0.0881 0.2558 0.9627
vn -0.3144 0.0735 0.9464
vn 0.1431 0.1207 0.9823
vn -0.0428 0.1699 0.9845
vn 0.0482 0.9975 0.0509
vn -0.1204 0.9840 0.1316
vn -0.1505 0.3050 0.9404
vn 0.9432 0.3319 -0.0136
vn -0.5510 0.7259 -0.4116
vn 0.8917 0.4249 -0.1560
vn 0.8419 0.0280 -0.5389
vn -0.0010 0.9999 0.0127
vn 0.4296 0.9028 0.0182
vn -0.0021 0.1610 0.9869
vn -0.0316 0.0185 0.9993
vn -0.0079 -0.0033 1.0000
vn 0.9165 -0.1901 -0.3519
vn 0.9433 0.0951 -0.3180
vn 0.9834 0.0252 0.1795
vn 0.9661 -0.0915 0.2414
vn 0.9882 -0.0246 0.1514
vn 0.0875 -0.0341 0.9956
vn 0.0177 0.9906 0.1355
vn 0.6895 0.0391 0.7233
vn 0.5137 0.0957 0.8526
vn 0.7606 -0.6399 -0.1097
vn 0.5406 0.3411 0.7690
vn 0.2030 0.1266 0.9710
vn -0.2351 0.2198 0.9468
vn 0.0294 0.1002 0.9945
vn -0.0890 0.9800 0.1783
vn 0.9262 0.3535 0.1313
vn -0.2974 0.6947 -0.6549
vn -0.0056 0.0090 0.9999
vn 0.1048 0.9945 -0.0002
vn 0.1840 -0.1644 0.9691
vn -0.1105 0.9701 0.2161
vn -0.1312 -0.1900 0.9730
vn -0.0972 0.1071 0.9895
vn -0.0294 -0.3396 0.9401
vn -0.0100 -0.0280 0.9996
vn 0.0337 0.0016 0.9994
vn -0.0078 -0.8743 -0.4853
vn -0.0147 0.9818 0.1891
vn -0.5095 0.8538 -0.1071
vn -0.5636 -0.4783 0.6735
vn 0.0190 0.9998 0.0030
vn 0.7141 0.0396 0.6989
vn 0.7496 0.0644 0.6587
vn 0.0454 0.9983 0.0372
vn 0.7582 -0.6454 -0.0932
vn 0.6707 0.1244 0.7312
vn 0.6956 -0.5064 0.5096
vn 0.9420 0.0574 0.3308
vn 0.9437 0.0596 0.3255
vn 0.9943 -0.0089 0.1066
vn 0.9876 0.1457 0.0592
vn 0.9517 0.2356 0.1967
vn 0.9831 0.0925 0.1580
vn 0.9977 0.0683 -0.0011
vn 0.8568 0.3951 0.3312
vn 0.9951 0.0710 -0.0687
vn 0.9696 0.2413 0.0405
vn 0.9964 -0.0071 0.0844
vn 0.6711 0.1896 0.7167
vn 0.1551 0.9617 0.2261
vn 0.9900 0.0532 -0.1306
vn 0.0621 0.9981 0.0026
vn -0.2755 0.8926 0.3568
vn -0.7074 0.1162 -0.6972
vn -0.0020 0.9999 0.0153
vn 0.0002 0.8333 0.5529
vn -0.0088 -0.0006 1.0000
vn -0.0076 0.0026 1.0000
vn 0.1673 0.0905 0.9817
vn 0.1519 -0.1298 0.9798
vn 0.0410 -0.0016 0.9992
vn 0.8962 0.1018 0.4317
vn 0.8443 0.0595 0.5325
vn 0.6420 0.0464 0.7653
vn 0.8719 0.4851 0.0676
vn 0.9261 0.2434 0.2883
vn -0.1527 0.9284 0.3387
vn -0.1989 0.8898 0.4107
vn 0.3052 0.5381 -0.7857
vn 0.3820 0.0673 -0.9217
vn 0.4271 0.3546 -0.8318
vn -0.3235 0.8832 -0.3396
vn 0.0082 0.8633 0.5047
vn -0.0107 0.0035 0.9999
vn -0.0084 -0.0022 1.0000
vn -0.0525 -0.4751 0.8784
vn 0.0285 0.9934 0.1112
vn -0.0034 0.9687 0.2481
vn 0.0843 -0.1205 0.9891
vn -0.0037 0.9684 0.2494
vn -0.0128 0.0364 0.9993
vn -0.3379 -0.3183 0.8857
vn -0.3935 -0.4075 0.8241
vn 0.3313 0.2110 0.9196
vn 0.8244 0.3392 0.4531
vn 0.8658 0.2623 0.4262
vn 0.9257 0.2082 0.3159
vn 0.1511 0.4685 0.8704
vn 0.5831 0.2475 0.7738
vn 0.9952 0.0775 -0.0604
vn 0.9786 0.1976 0.0567
vn 0.9817 0.1818 0.0572
vn 0.7841 -0.2199 -0.5803
vn -0.0883 0.9174 0.3881
vn 0.0665 0.9978 0.0006
vn -0.0103 0.0537 0.9985
vn -0.0088 -0.0246 0.9997
vn 0.0547 -0.0477 0.9974
vn 0.0384 -0.0996 0.9943
vn 0.0073 0.0024 1.0000
vn -0.0638 -0.0760 0.9951
vn -0.3372 -0.2887 0.8961
vn -0.0129 0.9705 -0.2409
vn 0.0232 0.1852 0.9824
vn -0.0167 0.9999 0.0012
vn 0.4502 0.7141 0.5360
vn 0.5985 -0.0798 0.7971
vn 0.9932 0.0681 -0.0941
vn 0.7424 0.6199 0.2541
vn 0.9921 0.0801 -0.0968
vn 0.8349 0.2496 0.4905
vn -0.2450 0.9118 -0.3297
vn 0.8846 -0.2129 0.4149
vn 0.8328 0.4147 0.3668
vn 0.7621 0.4086 0.5023
vn 0.0220 0.9709 0.2387
vn 0.0087 0.9534 -0.3016
vn 0.0493 0.9982 -0.0334
vn -0.0140 -0.0062 0.9999
vn -0.0105 0.0016 0.9999
vn -0.0144 -0.0111 0.9998
vn -0.1028 -0.3919 0.9142
vn 0.0554 0.5810 -0.8120
vn 0.0918 -0.1128 0.9894
vn -0.8447 0.4246 -0.3257
vn 0.0043 0.7347 -0.6784
vn -0.0255 0.8723 -0.4884
vn 0.4089 -0.2040 0.8895
vn 0.0171 0.9693 0.2451
vn -0.0740 0.3405 -0.9373
vn -0.1469 0.9815 0.1224
vn -0.1625 0.9700 0.1809
vn -0.2353 0.9209 -0.3106
vn 0.6785 0.2945 0.6730
vn 0.1264 0.9072 -0.4012
vn 0.0580 0.7716 -0.6334
vn 0.0027 0.0136 0.9999
vn -0.0057 -0.0022 1.0000
vn -0.0247 0.0663 0.9975
vn -0.8051 -0.1207 0.5807
vn -0.0608 -0.5381 0.8407
vn -0.2844 0.1086 0.9525
vn 0.0981 -0.0630 0.9932
vn 0.1066 -0.8922 0.4388
vn 0.4631 -0.1574 0.8722
vn 0.4354 0.4890 0.7558
vn 0.3372 0.3676 0.8667
vn 0.3211 0.4417 0.8377
vn -0.0252 0.4297 0.9026
vn 0.0385 -0.9610 0.2737
vn 0.1356 -0.2045 0.9694
vn 0.0074 -0.0699 0.9975
vn 0.0139 0.0478 0.9988
vn 0.0202 -0.0092 0.9998
vn 0.0223 -0.0143 0.9996
vn -0.4482 -0.0440 0.8928
vn 0.1161 0.9823 0.1467
vn 0.0845 0.9623 -0.2584
vn 0.0284 0.0394 0.9988
vn 0.0711 -0.7602 0.6458
vn 0.4407 0.8868 -0.1396
vn -0.0144 0.0525 0.9985
vn 0.0062 -0.0269 0.9996
vn 0.0236 0.0181 0.9996
vn 0.0163 0.0375 0.9992
vn -0.0117 0.0085 0.9999
vn -0.0075 -0.0032 1.0000
vn -0.0502 -0.5947 0.8024
vn 0.1243 -0.0817 0.9889
vn 0.0128 0.9899 0.1414
vn 0.0147 0.9953 0.0962
vn 0.0076 -0.0037 1.0000
vn -0.0255 0.0431 0.9987
vn -0.0463 0.0143 0.9988
vn 0.1078 0.9938 0.0271
vn 0.1690 -0.6181 0.7677
vn -0.0369 0.9738 0.2245
vn -0.1625 0.8593 -0.4849
vn 0.7378 0.0750 0.6709
vn 0.9899 0.1413 0.0109
vn 0.8727 -0.4840 0.0643
vn 0.9870 0.1606 -0.0060
vn -0.0089 0.0020 1.0000
vn 0.0441 -0.2784 0.9594
vn -0.0163 0.1233 0.9922
vn 0.1497 0.2390 0.9594
vn -0.1450 0.7547 -0.6398
vn 0.2267 -0.6326 0.7406
vn 0.2695 0.0443 0.9620
vn 0.2657 0.0405 0.9632
vn 0.1168 0.8770 0.4661
vn -0.0125 0.9999 -0.0013
vn -0.2361 0.8220 -0.5182
vn 0.2047 0.9788 0.0045
vn 0.1579 0.9872 0.0217
vn -0.0152 -0.0115 0.9998
vn -0.0555 -0.1811 0.9819
vn 0.0658 -0.0514 0.9965
vn 0.0262 0.8692 0.4937
vn 0.0083 0.0020 1.0000
vn -0.1614 -0.0326 0.9863
vn -0.4078 0.6965 -0.5904
vn -0.3695 0.7685 -0.5224
vn 0.1823 0.9831 -0.0156
vn 0.4356 -0.1062 0.8938
vn 0.1136 0.9834 0.1417
vn -0.0507 0.9935 -0.1018
vn -0.1405 0.6747 -0.7246
vn -0.5409 0.8410 0.0084
vn 0.0188 0.9973 0.0707
vn -0.6729 0.7352 -0.0819
vn 0.4966 -0.6273 0.5999
vn 0.5523 -0.0261 0.8332
vn 0.4201 -0.0991 0.9021
vn 0.7658 -0.5664 -0.3045
vn 0.1918 0.8446 -0.4999
vn 0.2054 0.8538 -0.4784
vn 0.5191 -0.1013 0.8487
vn -0.5314 0.8471 0.0089
vn -0.3633 0.3841 0.8488
vn -0.0639 0.0940 0.9935
vn -0.0052 0.0374 0.9993
vn 0.0012 0.0019 1.0000
vn -0.0013 -0.0037 1.0000
vn 0.0133 0.0318 0.9994
vn -0.5041 0.7343 -0.4546
vn 0.2896 0.9571 -0.0051
vn -0.4038 0.9126 -0.0644
vn 0.9457 -0.3033 0.1164
vn 0.9620 -0.0090 0.2730
vn 0.6519 0.6871 0.3208
vn 0.9271 0.3724 0.0414
vn 0.8582 0.4370 -0.2692
vn 0.8264 -0.4863 -0.2837
vn 0.8473 -0.0651 -0.5271
vn 0.9589 -0.2838 -0.0024
vn 0.9184 0.0329 0.3942
vn 0.8869 0.3289 0.3244
vn 0.8074 0.5841 -0.0828
vn -0.4388 0.8986 0.0026
vn 0.7460 -0.1895 -0.6384
vn 0.7465 0.1675 -0.6440
vn 0.3292 0.9442 0.0079
vn -0.5360 0.8375 0.1060
vn -0.0647 -0.1895 0.9797
vn 0.0365 -0.2087 0.9773
vn 0.1742 -0.7547 0.6325
vn -0.0042 -0.0288 0.9996
vn -0.0014 -0.0036 1.0000
vn -0.3842 0.9189 -0.0895
vn -0.3390 0.9400 0.0397
vn -0.3436 0.5213 0.7811
vn 0.0162 0.0009 0.9999
vn -0.0054 0.0227 0.9997
vn 0.0927 -0.0530 0.9943
vn -0.0107 0.9986 0.0526
vn 0.0614 -0.0031 0.9981
vn -0.0483 -0.0385 0.9981
vn -0.0167 -0.0216 0.9996
vn -0.0939 0.9199 -0.3807
vn -0.1378 0.5217 0.8419
vn 0.1977 -0.0112 0.9802
vn 0.9917 0.0344 0.1238
vn 0.9948 0.0432 0.0918
vn 0.3613 0.9220 -0.1390
vn 0.8151 0.0809 0.5737
vn -0.0010 0.0013 1.0000
vn -0.1933 0.9800 -0.0467
vn 0.3693 0.9291 -0.0184
vn -0.2138 0.9763 0.0329
vn -0.2139 0.9763 0.0327
vn 0.3640 0.9313 0.0136
vn -0.2894 0.9354 0.2033
vn -0.0164 0.0739 0.9971
vn -0.0509 -0.0040 0.9987
vn -0.0225 0.0030 0.9997
vn -0.0199 -0.0089 0.9998
vn -0.1509 -0.0954 0.9839
vn 0.0363 0.0087 0.9993
vn -0.1363 0.8774 -0.4601
vn 0.4479 0.8941 -0.0011
vn 0.0133 0.0085 0.9999
vn 0.0039 0.0475 0.9989
vn 0.0113 0.0106 0.9999
vn -0.1789 -0.1709 0.9689
vn 0.4789 0.8778 -0.0093
vn 0.2258 -0.7999 0.5560
vn -0.0027 0.0008 1.0000
vn 0.5445 0.8381 -0.0336
vn 0.5344 0.8452 0.0033
vn 0.3011 -0.9535 0.0113
vn -0.1710 0.9791 0.1100
vn -0.1009 0.5594 0.8227
vn -0.4874 -0.5233 0.6990
vn -0.0192 -0.0131 0.9997
vn -0.0302 -0.0082 0.9995
vn -0.0179 -0.0135 0.9997
vn -0.1601 -0.1620 0.9737
vn 0.1851 -0.4094 0.8934
vn -0.0026 0.0004 1.0000
vn -0.0058 0.0057 1.0000
vn -0.2212 0.9067 -0.3590
vn -0.3256 0.9455 0.0066
vn -0.6475 -0.7228 0.2417
vn -0.1860 0.6871 0.7023
vn -0.0475 0.0270 0.9985
vn -0.0237 0.0005 0.9997
vn -0.0133 -0.0148 0.9998
vn -0.0431 0.0736 0.9964
vn 0.1475 0.2285 0.9623
vn -0.0193 0.0061 0.9998
vn -0.0318 -0.0223 0.9992
vn 0.0062 -0.0002 1.0000
vn -0.3760 0.7360 -0.5630
vn 0.6123 0.7898 -0.0362
vn -0.2347 0.9720 0.0108
vn -0.2041 0.9789 0.0025
vn 0.6245 0.7810 0.0001
vn 0.2678 0.7139 0.6470
vn -0.0371 0.0223 0.9991
vn -0.0020 -0.0322 0.9995
vn -0.4146 0.0165 0.9098
vn -0.0084 0.0058 0.9999
vn -0.1161 -0.2275 0.9668
vn 0.6624 0.7490 -0.0135
vn 0.2736 -0.5524 0.7874
vn -0.0010 -0.0002 1.0000
vn 0.0165 0.0001 0.9999
vn 0.0800 0.6171 -0.7828
vn -0.4961 -0.5046 0.7066
vn -0.0067 0.0305 0.9995
vn -0.0014 -0.0091 1.0000
vn -0.1621 -0.0300 0.9863
vn -0.1617 0.1046 0.9813
vn -0.1341 0.0404 0.9901
vn -0.0167 -0.0076 0.9998
vn 0.0168 0.0256 -0.9995
vn 0.0043 0.0012 1.0000
vn -0.0038 0.0069 1.0000
vn 0.1007 0.0032 -0.9949
vn 0.1047 0.0049 -0.9945
vn 0.6713 0.7409 -0.0178
vn 0.7521 0.6583 -0.0316
vn -0.3797 0.9251 -0.0003
vn -0.3691 0.9294 -0.0011
vn 0.7469 0.6648 -0.0103
vn -0.7038 -0.2649 0.6591
vn -0.5660 0.8241 0.0239
vn -0.3585 0.0484 0.9323
vn -0.3726 -0.1421 0.9170
vn 0.0191 0.0017 0.9998
vn 0.2942 -0.0900 0.9515
vn -0.0993 0.3550 -0.9296
vn 0.7710 0.6363 -0.0264
vn 0.9984 -0.0553 -0.0122
vn 0.7805 0.6249 -0.0211
vn 1.0000 0.0005 -0.0001
vn 0.9937 0.1120 -0.0015
vn -0.4241 0.2638 0.8663
vn -0.0216 0.0064 0.9997
vn -0.0112 -0.0858 0.9963
vn -0.2701 0.0664 0.9605
vn 0.4906 0.3035 -0.8168
vn 0.0023 0.0019 1.0000
vn 0.6451 0.2402 -0.7254
vn 0.9825 0.0152 0.1856
vn 0.2449 -0.0693 0.9671
vn -0.0473 0.0017 0.9989
vn 0.4146 0.2466 0.8759
vn -0.5833 0.7005 -0.4113
vn 0.9765 -0.2116 -0.0412
vn 0.9989 -0.0423 -0.0221
vn -0.9376 0.3389 -0.0774
vn 0.9996 0.0014 -0.0300
vn 0.9722 0.2332 -0.0205
vn 0.9916 0.1289 -0.0135
vn 0.9351 0.3542 -0.0055
vn -0.6394 0.7688 -0.0103
vn -0.9571 0.2881 0.0302
vn 0.8396 0.5416 -0.0418
vn 0.9203 0.3907 -0.0198
vn 0.9793 -0.2023 -0.0057
vn 0.8815 0.4719 -0.0197
vn -0.5325 0.8376 0.1217
vn 0.9775 -0.2101 -0.0186
vn 0.9838 0.1789 0.0127
vn -0.3911 0.5639 0.7274
vn -0.6174 -0.3829 0.6872
vn -0.6678 -0.4712 0.5762
vn -0.0111 0.0538 0.9985
vn 0.0037 0.0064 1.0000
vn -0.0005 -0.0290 0.9996
vn -0.0013 -0.0111 0.9999
vn -0.0122 -0.0034 0.9999
vn 0.9992 -0.0338 0.0210
vn -0.2666 0.0559 0.9622
vn -0.1949 0.0220 0.9806
vn 0.5741 0.1099 -0.8114
vn 0.9747 -0.2134 0.0659
vn -0.0597 0.1282 0.9899
vn -0.4119 0.7762 -0.4774
vn 0.8686 0.4954 -0.0073
vn 0.9066 0.4217 -0.0120
vn 0.9711 -0.2376 -0.0213
vn 0.8685 0.4943 -0.0362
vn -0.5678 0.7936 0.2187
vn -0.3829 0.5608 0.7341
vn -0.9309 0.1182 0.3456
vn -0.9284 -0.0590 0.3668
vn 0.0176 0.0416 0.9990
vn -0.0162 -0.0124 0.9998
vn -0.0068 0.0015 1.0000
vn 0.8886 -0.2419 0.3897
vn 0.4878 0.2814 0.8264
vn -0.5759 0.7747 -0.2610
vn 0.9602 -0.2754 -0.0462
vn -0.5415 0.8407 0.0047
vn 0.9537 0.2977 -0.0428
vn 0.9717 -0.2356 -0.0167
vn 0.9446 0.3271 -0.0270
vn 0.9693 -0.2457 -0.0090
vn -0.6146 0.7736 0.1543
vn 0.9206 0.3891 -0.0327
vn -0.0066 -0.0011 1.0000
vn 0.0362 -0.0276 0.9990
vn 0.9298 -0.2372 -0.2816
vn 0.3057 -0.4501 0.8390
vn -0.0035 0.0006 1.0000
vn 0.6315 0.1644 -0.7578
vn 0.9917 -0.1228 -0.0370
vn 0.9498 0.3095 -0.0461
vn 0.9954 0.0843 -0.0451
vn 0.9946 -0.1033 -0.0128
vn 0.8385 0.5444 -0.0230
vn 0.9981 0.0562 -0.0242
vn 0.9969 0.0767 -0.0154
vn -0.3737 0.5917 0.7143
vn -0.7353 -0.4129 0.5374
vn 0.0029 0.0326 0.9995
vn 0.9925 -0.1223 -0.0024
vn 0.7330 -0.1553 -0.6623
vn 0.3076 -0.4535 0.8365
vn -0.0173 0.0335 0.9993
vn 0.7171 -0.1204 0.6865
vn 0.1948 -0.0194 0.9807
vn 0.1526 0.0911 0.9841
vn 0.8619 0.5070 -0.0078
vn -0.6384 0.7186 -0.2756
vn -0.6251 0.7265 -0.2853
vn 0.8525 0.5228 0.0052
vn 0.9914 -0.1250 -0.0377
vn 0.9984 0.0439 -0.0350
vn 0.8550 0.5186 -0.0083
vn -0.6458 0.7467 0.1596
vn -0.2315 -0.1156 0.9659
vn 0.0041 -0.0012 1.0000
vn -0.5397 0.5895 0.6011
vn 0.0368 0.0578 0.9977
vn 0.0029 -0.0082 1.0000
vn 0.0047 0.0020 1.0000
vn -0.6339 0.7732 -0.0153
vn -0.7264 0.6848 0.0592
vn -0.0174 0.0323 0.9993
vn -0.3022 -0.1716 0.9377
vn -0.2583 -0.1105 0.9597
vn -0.7442 0.5679 0.3518
vn 0.8508 0.5254 -0.0046
vn -0.2305 0.4684 0.8529
vn 0.0050 -0.0008 1.0000
vn -0.0033 0.0040 1.0000
vn -0.7214 0.6262 -0.2957
vn -0.7440 0.6680 -0.0116
vn -0.0459 -0.0032 0.9989
vn -0.0510 -0.0336 0.9981
vn -0.0596 0.0401 0.9974
vn -0.0031 0.0012 1.0000
vn -0.7196 0.6312 -0.2896
vn 0.8573 0.5149 0.0054
vn -0.7009 0.5337 0.4732
vn -0.1302 -0.0015 0.9915
vn -0.0537 0.1096 0.9925
vn -0.0289 0.0425 0.9987
vn -0.2783 -0.1693 0.9455
vn 0.8519 0.5237 -0.0047
vn -0.4474 0.4040 0.7978
vn -0.8065 0.5912 0.0032
vn -0.8007 0.5990 -0.0007
vn 0.7612 -0.6485 0.0007
vn 0.7515 -0.6597 0.0089
vn -0.8611 -0.2916 0.4164
vn -0.0260 -0.0176 0.9995
vn -0.2620 -0.0557 0.9635
vn 0.6868 -0.5354 0.4916
vn 0.7898 0.4625 0.4029
vn 0.7578 -0.6525 0.0084
vn 0.8786 0.4773 -0.0152
vn 0.7647 -0.6444 0.0047
vn 0.8654 0.5011 0.0038
vn -0.7962 -0.1190 0.5932
vn -0.6117 0.2973 0.7331
vn -0.1182 -0.0607 0.9911
vn -0.0460 0.0848 0.9953
vn -0.0392 -0.0430 0.9983
vn -0.1328 -0.0694 0.9887
vn 0.8876 0.4606 -0.0022
vn -0.2050 0.0256 0.9784
vn -0.0430 0.0167 0.9989
vn 0.0339 0.0156 0.9993
vn 0.9141 0.4055 0.0015
vn 0.8732 -0.4873 -0.0052
vn -0.8438 0.2279 0.4858
vn -0.9117 0.2054 0.3558
vn -0.3341 -0.0398 0.9417
vn -0.2718 -0.0235 0.9621
vn 0.6639 -0.3849 0.6411
vn 0.4939 -0.2681 0.8271
vn 0.9137 0.4065 0.0010
vn 0.8620 -0.5068 0.0017
vn 0.9188 0.3948 -0.0033
vn 0.8681 -0.4963 0.0086
vn -0.3636 0.0382 0.9308
vn -0.0056 -0.0016 1.0000
vn 0.9493 0.3144 0.0002
vn 0.9212 -0.3892 0.0013
vn 0.9582 0.2857 -0.0116
vn 0.9181 -0.3963 0.0001
vn 0.9564 0.2921 0.0069
vn 0.9585 0.2850 0.0104
vn 0.6696 -0.1225 0.7326
vn 0.9875 0.1576 -0.0076
vn 0.9886 0.1502 -0.0057
vn 0.9683 -0.2497 -0.0004
vn 0.9587 -0.2844 -0.0042
vn 0.9899 -0.1419 -0.0039
vn 0.9908 -0.1352 -0.0026
vn 0.9842 0.1771 0.0012
vn 0.9931 0.1165 0.0089
vn 1.0000 0.0027 -0.0049
vn 1.0000 0.0044 -0.0053
vt 0.610109 0.240896
vt 0.322430 0.161391
vt 0.659683 0.153146
vt 0.543658 0.195628
vt 0.554882 0.179509
vt 0.408529 0.505301
vt 0.411761 0.506882
vt 0.452964 0.490566
vt 0.479523 0.208083
vt 0.229073 0.154191
vt 0.559887 0.242534
vt 0.436385 0.158571
vt 0.411411 0.292509
vt 0.465361 0.277868
vt 0.508797 0.454615
vt 0.447535 0.519782
vt 0.525055 0.195437
vt 0.347237 0.576125
vt 0.650392 0.318616
vt 0.539753 0.349212
vt 0.636564 0.160719
vt 0.623678 0.287569
vt 0.650173 0.396498
vt 0.164643 0.004425
vt 0.046269 0.004425
vt 0.125288 0.004425
vt 0.438757 0.356675
vt 0.416022 0.706693
vt 0.514184 0.422497
vt 0.659476 0.290323
vt 0.493250 0.004935
vt 0.468369 0.004425
vt 0.521314 0.010963
vt 0.353494 0.004710
vt 0.659410 0.007467
vt 0.667992 0.455246
vt 0.092353 0.004425
vt 0.260019 0.004425
vt 0.097843 0.004425
vt 0.617626 0.330527
vt 0.673379 0.226228
vt 0.243831 0.036695
vt 0.392111 0.414959
vt 0.407629 0.133752
vt 0.566456 0.650814
vt 0.093205 0.004425
vt 0.045822 0.004425
vt 0.036216 0.004425
vt 0.249743 0.024022
vt 0.584422 0.016018
vt 0.540767 0.444063
vt 0.154208 0.004425
vt 0.031891 0.004425
vt 0.027605 0.004425
vt 0.030197 0.004425
vt 0.486470 0.611134
vt 0.364748 0.008965
vt 0.082984 0.004425
vt 0.331330 0.030557
vt 0.845181 0.198171
vt 0.699845 0.438911
vt 0.438036 0.576522
vt 0.626768 0.038682
vt 0.580408 0.052475
vt 0.393422 0.134390
vt 0.392522 0.254270
vt 0.129453 0.004425
vt 0.060590 0.004425
vt 0.337090 0.387904
vt 0.539851 0.196046
vt 0.036009 0.004425
vt 0.051968 0.004425
vt 0.174271 0.004425
vt 0.107779 0.004425
vt 0.499546 0.040893
vt 0.641381 0.018682
vt 0.557947 0.345810
vt 0.600094 0.399120
vt 0.540012 0.165245
vt 0.578782 0.309500
vt 0.347219 0.440260
vt 0.066033 0.004425
vt 0.534573 0.464418
vt 0.575628 0.268230
vt 0.584088 0.576280
vt 0.095632 0.004425
vt 0.262687 0.517705
vt 0.400265 0.246390
vt 0.554111 0.243208
vt 0.583262 0.221138
vt 0.280515 0.514349
vt 0.671180 0.609832
vt 0.395542 0.561965
vt 0.167930 0.004425
vt 0.333305 0.004425
vt 0.771799 0.123414
vt 0.429223 0.049932
vt 0.455496 0.452271
vt 0.279232 0.451424
vt 0.544645 0.122403
vt 0.494820 0.189800
vt 0.638771 0.152601
vt 0.374520 0.004425
vt 0.524888 0.133928
vt 0.502304 0.433156
vt 0.465141 0.824021
vt 0.409248 0.574309
vt 0.630267 0.688068
vt 0.694072 0.583660
vt 0.573006 0.004480
vt 0.202777 0.260715
vt 0.415262 0.121317
vt 0.408491 0.550557
vt 0.530354 0.126055
vt 0.699988 0.562892
vt 0.362368 0.818642
vt 0.756369 0.016954
vt 0.208776 0.004425
vt 0.081316 0.004425
vt 0.100318 0.004425
vt 0.099774 0.004425
vt 0.047488 0.004425
vt 0.543227 0.010705
vt 0.559220 0.004425
vt 0.395675 0.004425
vt 0.327192 0.004425
vt 0.062195 0.004425
vt 0.534639 0.603421
vt 0.392447 0.249300
vt 0.583015 0.058078
vt 0.546044 0.823489
vt 0.311044 0.004425
vt 0.530461 0.036505
vt 0.402468 0.394693
vt 0.644470 0.443496
vt 0.505263 0.004425
vt 0.468191 0.004425
vt 0.046243 0.004425
vt 0.561215 0.285540
vt 0.024756 0.004425
vt 0.026223 0.004425
vt 0.036094 0.004425
vt 0.429826 0.392790
vt 0.589730 0.435228
vt 0.357318 0.806496
vt 0.378264 0.004425
vt 0.404342 0.004425
vt 0.363859 0.004425
vt 0.155245 0.004425
vt 0.089638 0.004425
vt 0.201750 0.168079
vt 0.584258 0.431369
vt 0.039495 0.004425
vt 0.413668 0.223101
vt 0.040924 0.004425
vt 0.039233 0.004425
vt 0.661325 0.008068
vt 0.131037 0.004425
vt 0.473786 0.115645
vt 0.457346 0.067800
vt 0.584053 0.275258
vt 0.057334 0.004425
vt 0.032321 0.004425
vt 0.140232 0.004425
vt 0.246965 0.156244
vt 0.385164 0.389933
vt 0.533425 0.038386
vt 0.448299 0.012400
vt 0.413824 0.015641
vt 0.578700 0.004425
vt 0.235128 0.004425
vt 0.053516 0.004425
vt 0.477069 0.305950
vt 0.031074 0.004425
vt 0.039559 0.004425
vt 0.394545 0.182676
vt 0.412735 0.421599
vt 0.462746 0.211895
vt 0.729711 0.479429
vt 0.524741 0.122034
vt 0.319070 0.123828
vt 0.300274 0.100016
vt 0.420627 0.408386
vt 0.754343 0.132953
vt 0.609255 0.245865
vt 0.351826 0.300472
vt 0.709166 0.019528
vt 0.411227 0.017593
vt 0.445766 0.007764
vt 0.386456 0.019109
vt 0.569881 0.011082
vt 0.557423 0.048209
vt 0.354391 0.764940
vt 0.037612 0.004425
vt 0.371722 0.861550
vt 0.370668 0.964441
vt 0.566457 0.955927
vt 0.535259 0.734512
vt 0.597266 0.977946
vt 0.736372 0.886665
vt 0.474719 0.923795
vt 0.229613 0.004425
vt 0.610286 0.005141
vt 0.429103 0.734602
vt 0.427689 0.905816
vt 0.459826 0.955471
vt 0.365187 0.971217
vt 0.103423 0.004425
vt 0.500656 0.896748
vt 0.408311 0.963986
vt 0.660688 0.737984
vt 0.031956 0.004425
vt 0.034906 0.004425
vt 0.345894 0.948202
vt 0.415981 0.859798
vt 0.748533 0.922217
vt 0.485543 0.785144
vt 0.883954 0.085828
vt 0.278030 0.020851
vt 0.629823 0.005233
vt 0.413684 0.063395
vt 0.294365 0.054378
vt 0.494304 0.864636
vt 0.383831 0.964809
vt 0.556325 0.447043
vt 0.724519 0.064076
vt 0.406321 0.014904
vt 0.649637 0.004425
vt 0.108610 0.004425
vt 0.476380 0.086167
vt 0.095989 0.004425
vt 0.586168 0.783514
vt 0.470349 0.795607
vt 0.402241 0.439470
vt 0.791380 0.152090
vt 0.547432 0.172693
vt 0.084010 0.004425
vt 0.486076 0.959341
vt 0.046539 0.004425
vt 0.606034 0.944928
vt 0.464031 0.221365
vt 0.104813 0.004425
vt 0.269186 0.091785
vt 0.477169 0.045349
vt 0.398508 0.023882
vt 0.240393 0.501692
vt 0.712832 0.845500
vt 0.943693 0.830217
vt 0.480796 0.774698
vt 0.499567 0.925695
vt 0.697515 0.850379
vt 0.534541 0.811935
vt 0.625440 0.951725
vt 0.242251 0.813966
vt 0.033642 0.004425
vt 0.355832 0.774566
vt 0.555265 0.631582
vt 0.824209 0.110994
vt 0.469591 0.034757
vt 0.537638 0.009199
vt 0.709286 0.065170
vt 0.432864 0.050352
vt 0.333777 0.084413
vt 0.574805 0.410833
vt 0.446391 0.685204
vt 0.429122 0.912864
vt 0.614137 0.962698
vt 0.456028 0.972310
vt 0.511185 0.827085
vt 0.485908 0.926625
vt 0.564244 0.004425
vt 0.439722 0.062566
vt 0.454529 0.014742
vt 0.382807 0.388529
vt 0.375063 0.274387
vt 0.433844 0.512793
vt 0.691904 0.969170
vt 0.287300 0.908145
vt 0.384353 0.696453
vt 0.593509 0.470412
vt 0.451216 0.825722
vt 0.406659 0.834423
vt 0.552209 0.192231
vt 0.573289 0.125602
vt 0.736819 0.736642
vt 0.494633 0.884000
vt 0.784437 0.779697
vt 0.268814 0.490133
vt 0.112930 0.004425
vt 0.755898 0.364479
vt 0.762813 0.093806
vt 0.435500 0.073901
vt 0.572685 0.007515
vt 0.515759 0.010934
vt 0.507755 0.010883
vt 0.436847 0.357363
vt 0.651453 0.441897
vt 0.338602 0.799490
vt 0.439725 0.929873
vt 0.268624 0.130388
vt 0.633797 0.728260
vt 0.465022 0.054506
vt 0.443858 0.033526
vt 0.453092 0.004425
vt 0.301655 0.004425
vt 0.445377 0.197350
vt 0.797349 0.589342
vt 0.765128 0.089166
vt 0.475974 0.894777
vt 0.393845 0.089950
vt 0.641542 0.845149
vt 0.863366 0.896983
vt 0.312328 0.801517
vt 0.567317 0.462528
vt 0.709262 0.897367
vt 0.439644 0.551073
vt 0.754103 0.943618
vt 0.462949 0.325164
vt 0.934392 0.434943
vt 0.625956 0.534392
vt 0.601685 0.769528
vt 0.054042 0.004425
vt 0.609424 0.941529
vt 0.545144 0.014413
vt 0.358881 0.011237
vt 0.424182 0.133674
vt 0.562440 0.469054
vt 0.499559 0.365909
vt 0.544091 0.490385
vt 0.116386 0.877981
vt 0.634401 0.822578
vt 0.532788 0.762917
vt 0.223710 0.784156
vt 0.412734 0.666791
vt 0.499119 0.443008
vt 0.220470 0.170157
vt 0.368775 0.651798
vt 0.699493 0.932266
vt 0.341019 0.900128
vt 0.609047 0.878540
vt 0.291457 0.004425
vt 0.324685 0.862127
vt 0.345373 0.896353
vt 0.268597 0.361749
vt 0.395520 0.588227
vt 0.337773 0.175563
vt 0.635929 0.230074
vt 0.622197 0.036958
vt 0.646624 0.027306
vt 0.713783 0.008021
vt 0.206752 0.004425
vt 0.316958 0.125304
vt 0.639429 0.691611
vt 0.365124 0.857903
vt 0.490199 0.777715
vt 0.491495 0.928691
vt 0.378012 0.123675
vt 0.636575 0.168063
vt 0.581140 0.429302
vt 0.399664 0.502765
vt 0.619800 0.209419
vt 0.419799 0.792717
vt 0.365558 0.842570
vt 0.472889 0.819467
vt 0.354064 0.932289
vt 0.619762 0.942337
vt 0.525316 0.418639
vt 0.645813 0.108383
vt 0.601009 0.338409
vt 0.444835 0.426186
vt 0.281009 0.174397
vt 0.526462 0.453171
vt 0.694247 0.692428
vt 0.205332 0.004425
vt 0.651500 0.930443
vt 0.492880 0.047957
vt 0.411906 0.035260
vt 0.766073 0.097944
vt 0.525127 0.128777
vt 0.504791 0.436060
vt 0.275674 0.004425
vt 0.534309 0.778464
vt 0.401400 0.881611
vt 0.612717 0.436099
vt 0.399486 0.471489
vt 0.698351 0.896813
vt 0.386960 0.373131
vt 0.572179 0.655114
vt 0.570993 0.544208
vt 0.438452 0.723818
vt 0.505963 0.655240
vt 0.470549 0.525774
vt 0.428030 0.660563
vt 0.433112 0.562694
vt 0.669088 0.343608
vt 0.464065 0.154489
vt 0.624895 0.269838
vt 0.639044 0.298256
vt 0.779916 0.220989
vt 0.406193 0.029807
vt 0.711935 0.331268
vt 0.804208 0.015718
vt 0.521249 0.320750
vt 0.098486 0.511252
vt 0.523968 0.107544
vt 0.700181 0.117417
vt 0.222069 0.885521
vt 0.483936 0.287881
vt 0.383352 0.269998
vt 0.319201 0.826086
vt 0.728488 0.845690
vt 0.539421 0.268047
vt 0.413093 0.666862
vt 0.722433 0.347352
vt 0.620546 0.126870
vt 0.509045 0.477448
vt 0.506214 0.455650
vt 0.639835 0.511832
vt 0.719840 0.083578
vt 0.624558 0.756127
vt 0.581924 0.626643
vt 0.805554 0.784192
vt 0.470948 0.596538
vt 0.240667 0.601599
vt 0.373579 0.905296
vt 0.367641 0.882101
vt 0.383733 0.578000
vt 0.407094 0.126362
vt 0.641141 0.882675
vt 0.404651 0.927001
vt 0.441815 0.846264
vt 0.273569 0.896351
vt 0.347232 0.063374
vt 0.572362 0.448256
vt 0.336271 0.265846
vt 0.142150 0.004425
vt 0.373822 0.327906
vt 0.501644 0.174900
vt 0.409473 0.210346
vt 0.392472 0.226586
vt 0.431339 0.416998
vt 0.090971 0.568542
vt 0.483652 0.415061
vt 0.454573 0.878329
vt 0.621657 0.948843
vt 0.368625 0.152790
vt 0.275135 0.479291
vt 0.284863 0.901372
vt 0.452780 0.381224
vt 0.628234 0.566711
vt 0.362262 0.132276
vt 0.273330 0.585657
vt 0.371885 0.119342
vt 0.752200 0.250155
vt 0.139715 0.386368
vt 0.185924 0.004425
vt 0.301987 0.004425
vt 0.603181 0.363506
vt 0.404376 0.158033
vt 0.459969 0.291657
vt 0.582151 0.178903
vt 0.518759 0.079397
vt 0.459624 0.088493
vt 0.357053 0.004425
vt 0.478210 0.504609
vt 0.409280 0.430900
vt 0.298806 0.004425
vt 0.189664 0.004425
vt 0.909564 0.154855
vt 0.536095 0.089976
vt 0.505178 0.681028
vt 0.441891 0.643938
vt 0.209365 0.150241
vt 0.369265 0.021542
vt 0.702483 0.004425
vt 0.346142 0.004425
vt 0.757196 0.251701
vt 0.555268 0.219004
vt 0.600964 0.218720
vt 0.329521 0.083400
vt 0.195908 0.004425
vt 0.628440 0.559017
vt 0.440470 0.879736
vt 0.551006 0.015572
vt 0.362182 0.009808
vt 0.322757 0.038699
vt 0.879225 0.004772
vt 0.693752 0.086133
vt 0.321070 0.004425
vt 0.424225 0.429056
vt 0.480651 0.120633
vt 0.489111 0.191389
vt 0.385467 0.208607
vt 0.511372 0.440391
vt 0.396901 0.417710
vt 0.662257 0.557083
vt 0.586438 0.771629
vt 0.629152 0.264340
vt 0.665327 0.118049
vt 0.393945 0.004425
vt 0.798292 0.142402
vt 0.476086 0.007769
vt 0.400461 0.005328
vt 0.244701 0.020011
vt 0.592838 0.004425
vt 0.362764 0.004425
vt 0.748469 0.136244
vt 0.644701 0.125483
vt 0.572147 0.408036
vt 0.412207 0.636739
vt 0.308921 0.004425
vt 0.312586 0.127474
vt 0.729816 0.357936
vt 0.628933 0.288887
vt 0.306438 0.004425
vt 0.239181 0.055402
vt 0.737516 0.380096
vt 0.452430 0.093352
vt 0.266411 0.075212
vt 0.382443 0.419198
vt 0.682302 0.085606
vt 0.428048 0.415492
vt 0.411561 0.131982
vt 0.612378 0.047835
vt 0.586467 0.005821
vt 0.820113 0.134494
vt 0.256843 0.004425
vt 0.217158 0.004425
vt 0.188547 0.004425
vt 0.389823 0.512558
vt 0.201115 0.353202
vt 0.907941 0.494191
vt 0.730033 0.600529
vt 0.699064 0.906540
vt 0.363158 0.901217
vt 0.562712 0.101882
vt 0.309043 0.004425
vt 0.652025 0.038897
vt 0.371414 0.297695
vt 0.370061 0.344102
vt 0.500247 0.427184
vt 0.495481 0.142983
vt 0.367792 0.004425
vt 0.588498 0.438907
vt 0.183207 0.615121
vt 0.677622 0.096440
vt 0.566630 0.337301
vt 0.828857 0.733288
vt 0.486215 0.541436
vt 0.713328 0.029655
vt 0.313336 0.004425
vt 0.573965 0.005810
vt 0.657260 0.007017
vt 0.568653 0.128959
vt 0.543716 0.338759
vt 0.239159 0.004425
vt 0.427102 0.004425
vt 0.560336 0.456372
vt 0.569968 0.364071
vt 0.627482 0.092785
vt 0.187531 0.075088
vt 0.503427 0.066503
vt 0.293754 0.023606
vt 0.394860 0.014448
vt 0.356545 0.004465
vt 0.627351 0.004425
vt 0.365186 0.004425
vt 0.569205 0.004425
vt 0.733328 0.057383
vt 0.346402 0.341628
vt 0.678670 0.087656
vt 0.376732 0.004425
vt 0.484724 0.092792
vt 0.627216 0.526974
vt 0.612900 0.302929
vt 0.377099 0.086204
vt 0.545983 0.209355
vt 0.895440 0.057836
vt 0.512697 0.109779
vt 0.303353 0.228480
vt 0.897981 0.057793
vt 0.502421 0.115156
vt 0.670550 0.166693
vt 0.581094 0.009347
vt 0.453607 0.004136
vt 0.694189 0.057585
vt 0.550947 0.131204
vt 0.719623 0.004441
vt 0.422503 0.004463
vt 0.219409 0.019819
vt 0.564480 0.006192
vt 0.634107 0.117259
vt 0.858871 0.438937
vt 0.406933 0.825488
vt 0.297504 0.004425
vt 0.713002 0.104306
vt 0.074764 0.083368
vt 0.497025 0.474525
vt 0.596334 0.170730
vt 0.742838 0.020270
vt 0.458916 0.008098
vt 0.319661 0.004425
vt 0.714428 0.440431
vt 0.653552 0.176590
vt 0.288700 0.131102
vt 0.619876 0.565445
vt 0.476834 0.006338
vt 0.305310 0.004425
vt 0.287605 0.464669
vt 0.669916 0.417088
vt 0.610933 0.605316
vt 0.663588 0.616562
vt 0.789851 0.075474
vt 0.270156 0.405345
vt 0.624552 0.409604
vt 0.246809 0.607676
vt 0.336199 0.736377
vt 0.317044 0.004425
vt 0.311669 0.332832
vt 0.564843 0.903655
vt 0.470608 0.890812
vt 0.502852 0.696952
vt 0.389634 0.938296
vt 0.305352 0.004425
vt 0.509059 0.490223
vt 0.629273 0.210705
vt 0.289281 0.004425
vt 0.513599 0.216534
vt 0.033312 0.274775
vt 0.546580 0.127241
vt 0.524155 0.008543
vt 0.462061 0.004425
vt 0.379704 0.507514
vt 0.338364 0.560132
vt 0.328299 0.910891
vt 0.620842 0.090582
vt 0.444784 0.658092
vt 0.750212 0.906047
vt 0.612838 0.661438
vt 0.600002 0.862091
vt 0.462754 0.671385
vt 0.807508 0.294789
vt 0.819613 0.916685
vt 0.316543 0.409419
vt 0.488687 0.439457
vt 0.460857 0.567906
vt 0.528954 0.207547
vt 0.141756 0.745595
vt 0.561188 0.864237
vt 0.435669 0.892617
vt 0.533986 0.930156
vt 0.306244 0.004425
vt 0.400009 0.493765
vt 0.520561 0.338915
vt 0.487687 0.639374
vt 0.498721 0.655205
vt 0.805670 0.126979
vt 0.489396 0.800964
vt 0.280085 0.569834
vt 0.308037 0.391310
vt 0.513492 0.325371
vt 0.507386 0.012854
vt 0.743270 0.897800
vt 0.502087 0.047340
vt 0.464327 0.026819
vt 0.525692 0.170549
vt 0.315230 0.004425
vt 0.496532 0.907399
vt 0.293815 0.886329
vt 0.400093 0.340496
vt 0.531132 0.092604
vt 0.401980 0.053199
vt 0.665909 0.004425
vt 0.146448 0.004425
vt 0.348192 0.727613
vt 0.394437 0.070149
vt 0.865108 0.869684
vt 0.395225 0.886241
vt 0.346119 0.878644
vt 0.346815 0.132447
vt 0.630682 0.787646
vt 0.790696 0.929363
vt 0.556154 0.209327
vt 0.405615 0.690782
vt 0.266331 0.403803
vt 0.368024 0.177598
vt 0.281001 0.084555
vt 0.289734 0.085021
vt 0.551390 0.011466
vt 0.094255 0.004425
vt 0.387382 0.837391
vt 0.353989 0.062328
vt 0.651878 0.846495
vt 0.462076 0.910992
vt 0.669680 0.673361
vt 0.620862 0.289746
vt 0.508617 0.825940
vt 0.308391 0.896703
vt 0.587909 0.611695
vt 0.653323 0.439474
vt 0.538406 0.076238
vt 0.312244 0.031083
vt 0.530043 0.801966
vt 0.326578 0.160007
vt 0.644226 0.036815
vt 0.084999 0.004425
vt 0.113194 0.004425
vt 0.504360 0.707045
vt 0.245569 0.793992
vt 0.501572 0.861941
vt 0.442139 0.714713
vt 0.367990 0.831307
vt 0.444514 0.842436
vt 0.530719 0.967036
vt 0.309907 0.004425
vt 0.333524 0.069240
vt 0.102639 0.004425
vt 0.648585 0.022765
vt 0.702191 0.005361
vt 0.640172 0.122134
vt 0.611180 0.197082
vt 0.747964 0.349420
vt 0.389718 0.702184
vt 0.494269 0.780275
vt 0.281911 0.893477
vt 0.674192 0.455964
vt 0.480424 0.913017
vt 0.401013 0.690547
vt 0.671185 0.930318
vt 0.307254 0.004425
vt 0.220140 0.769570
vt 0.550458 0.732512
vt 0.495663 0.134945
vt 0.544326 0.004560
vt 0.453666 0.165820
vt 0.163560 0.004425
vt 0.476610 0.486817
vt 0.422591 0.422018
vt 0.497758 0.740426
vt 0.311796 0.650606
vt 0.609483 0.922513
vt 0.256152 0.830912
vt 0.728673 0.417003
vt 0.457756 0.049375
vt 0.418963 0.014205
vt 0.092998 0.004425
vt 0.358297 0.900371
vt 0.568955 0.826481
vt 0.462266 0.816953
vt 0.433796 0.579282
vt 0.531198 0.736357
vt 0.359669 0.076519
vt 0.585546 0.198539
vt 0.460884 0.469364
vt 0.600294 0.071013
vt 0.501499 0.048892
vt 0.641931 0.025525
vt 0.362213 0.083146
vt 0.768106 0.040586
vt 0.328108 0.975736
vt 0.215259 0.951065
vt 0.695326 0.739738
vt 0.582987 0.952306
vt 0.628892 0.459439
vt 0.333309 0.885609
vt 0.433701 0.389477
vt 0.408216 0.032088
vt 0.414430 0.677128
vt 0.648054 0.739522
vt 0.265258 0.753383
vt 0.782041 0.427907
vt 0.751383 0.875450
vt 0.384046 0.624397
vt 0.421099 0.637820
vt 0.384725 0.669930
vt 0.570390 0.863040
vt 0.313842 0.004425
vt 0.481791 0.962023
vt 0.697301 0.055873
vt 0.587496 0.025491
vt 0.549205 0.073819
vt 0.360669 0.018900
vt 0.512368 0.019541
vt 0.104707 0.004425
vt 0.714118 0.614939
vt 0.245342 0.741526
vt 0.286294 0.847782
vt 0.497495 0.928319
vt 0.300511 0.004425
vt 0.136155 0.004425
vt 0.313123 0.004425
vt 0.333583 0.023371
vt 0.134227 0.004425
vt 0.756195 0.680771
vt 0.522508 0.936845
vt 0.579684 0.858510
vt 0.536281 0.005585
vt 0.497436 0.068449
vt 0.745146 0.005173
vt 0.673083 0.726203
vt 0.730723 0.693186
vt 0.572925 0.889274
vt 0.357125 0.937354
vt 0.337021 0.168924
vt 0.372277 0.018508
vt 0.344490 0.817297
vt 0.269217 0.944779
vt 0.526586 0.820365
vt 0.373474 0.026035
vt 0.138907 0.004425
vt 0.602903 0.004425
vt 0.114808 0.004425
vt 0.751062 0.203458
vt 0.131094 0.004425
vt 0.314754 0.004425
vt 0.394021 0.820183
vt 0.375084 0.098877
vt 0.717244 0.019556
vt 0.175790 0.004425
vt 0.751950 0.436155
vt 0.732720 0.455457
vt 0.720460 0.134820
vt 0.536662 0.004425
vt 0.039019 0.004425
vt 0.563196 0.725810
vt 0.505789 0.748946
vt 0.339599 0.011755
vt 0.609425 0.004425
vt 0.152653 0.004425
vt 0.112287 0.004425
vt 0.186863 0.004425
vt 0.445115 0.139953
vt 0.313135 0.052191
vt 0.580519 0.009503
vt 0.121813 0.004425
vt 0.683509 0.447223
vt 0.761406 0.440906
vt 0.316580 0.568644
vt 0.374655 0.009493
vt 0.582096 0.056981
vt 0.175808 0.004425
vt 0.463553 0.252444
vt 0.310231 0.004425
vt 0.311223 0.004425
vt 0.281707 0.056410
vt 0.488334 0.006217
vt 0.125139 0.012370
vt 0.563931 0.004425
vt 0.306231 0.004425
vt 0.323308 0.004425
vt 0.414163 0.417608
vt 0.448307 0.073337
vt 0.533271 0.004425
vt 0.265751 0.010300
vt 0.165537 0.004425
vt 0.229253 0.004425
vt 0.378553 0.401242
vt 0.889036 0.005490
vt 0.808037 0.006549
vt 0.300549 0.004425
vt 0.495257 0.012233
vt 0.532022 0.011343
vt 0.733031 0.005835
vt 0.475446 0.011840
vt 0.825258 0.007876
vt 0.421881 0.004425
vt 0.294103 0.004425
vt 0.267486 0.004425
vt 0.350522 0.030643
vt 0.367549 0.032666
vt 0.620725 0.029376
vt 0.391410 0.032378
vt 0.390101 0.497035
vt 0.170244 0.022256
vt 0.528615 0.026837
vt 0.309163 0.004425
vt 0.385342 0.013656
vt 0.379706 0.004425
vt 0.547703 0.622781
vt 0.392305 0.579833
vt 0.075439 0.012885
vt 0.524316 0.010442
vt 0.229785 0.022398
vt 0.471675 0.004569
vt 0.313092 0.017583
vt 0.367798 0.249846
vt 0.556861 0.170701
vt 0.380366 0.321268
vt 0.138584 0.023344
vt 0.279924 0.004425
vt 0.430743 0.180151
vt 0.259445 0.025262
vt 0.236938 0.019523
vt 0.715082 0.109753
vt 0.526835 0.004425
vt 0.310123 0.004425
vt 0.598718 0.615257
vt 0.310545 0.167095
vt 0.446240 0.230583
vt 0.452042 0.004425
vt 0.423146 0.004425
vt 0.553320 0.004425
vt 0.203441 0.004425
vt 0.581504 0.009148
vt 0.629936 0.005943
vt 0.332940 0.004425
vt 0.543435 0.729055
vt 0.349276 0.039202
vt 0.823392 0.005529
vt 0.283713 0.004425
vt 0.171550 0.004425
vt 0.433982 0.007168
vt 0.741092 0.004543
vt 0.500301 0.004425
vt 0.220677 0.022426
vt 0.394557 0.013673
vt 0.374396 0.004425
vt 0.352009 0.004425
vt 0.792833 0.004425
vt 0.271872 0.737512
vt 0.517113 0.733703
vt 0.384998 0.722905
vt 0.560801 0.006206
vt 0.326602 0.009665
vt 0.761904 0.004975
vt 0.643806 0.007679
vt 0.227983 0.019862
vt 0.458706 0.701081
vt 0.387064 0.634472
vt 0.716785 0.204423
vt 0.447652 0.055153
vt 0.624116 0.019213
vt 0.592929 0.008217
vt 0.345766 0.400783
vt 0.688424 0.081472
vt 0.492779 0.060190
vt 0.654819 0.087428
vt 0.303120 0.110695
vt 0.524708 0.004426
vt 0.458831 0.005942
vt 0.278504 0.017811
vt 0.367715 0.014827
vt 0.514946 0.527813
vt 0.825409 0.004539
vt 0.398061 0.013719
vt 0.444116 0.179290
vt 0.359987 0.009008
vt 0.293654 0.017014
vt 0.648537 0.057872
vt 0.281217 0.017762
vt 0.737815 0.040020
vt 0.563457 0.049970
vt 0.716267 0.057774
vt 0.524401 0.059381
vt 0.343071 0.036051
vt 0.914539 0.004438
vt 0.345212 0.015609
vt 0.278715 0.018104
vt 0.600067 0.146950
vt 0.373991 0.028131
vt 0.572950 0.013039
vt 0.375657 0.014188
vt 0.397854 0.013435
vt 0.314723 0.043923
vt 0.265165 0.018061
vt 0.531506 0.576245
vt 0.439935 0.028317
vt 0.402824 0.006335
vt 0.839849 0.005484
vt 0.526112 0.440514
vt 0.428004 0.057833
vt 0.765712 0.042670
vt 0.243186 0.019247
vt 0.489290 0.039464
vt 0.443354 0.607277
vt 0.756690 0.004425
vt 0.462510 0.105356
vt 0.167442 0.022124
vt 0.522911 0.012322
vt 0.330862 0.016828
vt 0.512460 0.064171
vt 0.765778 0.042353
vt 0.325081 0.016284
vt 0.072281 0.027777
vt 0.436773 0.055043
vt 0.770620 0.050115
vt 0.561377 0.016090
vt 0.885320 0.005814
vt 0.463063 0.021675
vt 0.424140 0.026852
vt 0.096399 0.026332
vt 0.471152 0.016747
vt 0.242655 0.023748
vt 0.134486 0.024882
vt 0.146829 0.026135
vt 0.190448 0.541141
vt 0.678495 0.004425
vt 0.543302 0.013836
vt 0.601974 0.004503
vt 0.820811 0.004709
vt 0.548050 0.010800
vt 0.148890 0.023503
vt 0.778518 0.007346
vt 0.850287 0.005100
vt 0.291815 0.017280
vt 0.282996 0.017719
vt 0.298557 0.019478
vt 0.323083 0.037713
vt 0.544925 0.335810
vt 0.198564 0.023605
vt 0.656244 0.057153
vt 0.368325 0.014288
vt 0.762194 0.055791
vt 0.207648 0.030344
vt 0.462147 0.042023
vt 0.330853 0.614897
vt 0.469844 0.395743
vt 0.607629 0.302548
vt 0.692459 0.241481
vt 0.369386 0.488006
vt 0.243801 0.535416
vt 0.459660 0.005019
vt 0.525332 0.004415
vt 0.312450 0.004425
vt 0.211140 0.020487
vt 0.156505 0.024217
vt 0.530049 0.010261
vt 0.459935 0.007846
vt 0.104749 0.004425
vt 0.036347 0.004425
vt 0.072733 0.026512
vt 0.214093 0.004425
vt 0.533120 0.010311
vt 0.233708 0.004425
vt 0.288049 0.023955
vt 0.349637 0.006720
vt 0.040820 0.004425
vt 0.032854 0.004425
vt 0.541535 0.035436
vt 0.200234 0.004425
vt 0.502935 0.011115
vt 0.319000 0.004425
vt 0.509754 0.012281
vt 0.502848 0.268437
vt 0.781943 0.039593
vt 0.211662 0.004425
vt 0.388276 0.037175
vt 0.320130 0.004425
vt 0.185119 0.023778
vt 0.122481 0.025952
vt 0.681730 0.043524
vt 0.031292 0.004425
vt 0.593270 0.045374
vt 0.050403 0.004425
vt 0.775687 0.070911
vt 0.314047 0.004425
vt 0.756345 0.057347
vt 0.286869 0.004425
vt 0.754230 0.004425
vt 0.788258 0.045453
vt 0.492705 0.046386
vt 0.651892 0.049980
vt 0.178506 0.004425
vt 0.734903 0.055708
vt 0.625174 0.004425
vt 0.302818 0.004425
vt 0.332661 0.004425
vt 0.703207 0.225585
vt 0.563815 0.072979
vt 0.628511 0.082599
vt 0.385475 0.031751
vt 0.352432 0.004425
vt 0.427269 0.078117
vt 0.766795 0.078094
vt 0.283976 0.004425
vt 0.757677 0.134206
vt 0.313140 0.004425
vt 0.414878 0.239852
vt 0.073094 0.004425
vt 0.546618 0.192106
vt 0.285260 0.004425
vt 0.578424 0.150057
vt 0.348054 0.004425
vt 0.466567 0.271197
vt 0.044563 0.004425
vt 0.449517 0.004425
vt 0.128377 0.004425
vt 0.100162 0.004425
vt 0.612333 0.146920
vt 0.318975 0.004425
vt 0.223924 0.004425
vt 0.151074 0.004425
vt 0.203058 0.004425
vt 0.307602 0.004425
vt 0.343699 0.233521
vt 0.601557 0.004425
vt 0.346730 0.004425
vt 0.032491 0.004425
vt 0.499882 0.305506
vt 0.428886 0.004425
vt 0.580387 0.165706
vt 0.305711 0.004425
vt 0.151147 0.004425
vt 0.494487 0.004556
vt 0.032126 0.004425
vt 0.399184 0.088246
vt 0.397036 0.007388
vt 0.428958 0.013161
vt 0.313783 0.004425
vt 0.633278 0.007963
vt 0.037051 0.004425
vt 0.409838 0.004425
vt 0.243667 0.004425
vt 0.480579 0.281016
vt 0.511917 0.004425
vt 0.313616 0.004425
vt 0.420726 0.004425
vt 0.615810 0.044479
vt 0.391958 0.006866
vt 0.222671 0.023022
vt 0.659228 0.004772
vt 0.032510 0.004425
vt 0.455256 0.004425
vt 0.431902 0.004481
vt 0.313804 0.004425
vt 0.331327 0.004425
vt 0.313774 0.004425
vt 0.690842 0.175171
vt 0.413977 0.051670
vt 0.518212 0.010812
vt 0.475290 0.251562
vt 0.369335 0.004508
vt 0.674289 0.007208
vt 0.322228 0.004425
vt 0.309270 0.004425
vt 0.085258 0.004425
vt 0.435554 0.004425
vt 0.419989 0.004425
vt 0.309551 0.004425
vt 0.456000 0.687707
vt 0.541292 0.689892
vt 0.837402 0.431066
vt 0.312813 0.004425
vt 0.311803 0.004425
vt 0.155023 0.453586
vt 0.766405 0.088672
vt 0.308774 0.031575
vt 0.501968 0.605443
vt 0.696632 0.348030
vt 0.682152 0.326426
vt 0.724254 0.279794
vt 0.305641 0.004425
vt 0.740358 0.236084
vt 0.497734 0.173661
vt 0.665491 0.711655
vt 0.531137 0.386288
vt 0.808366 0.204109
vt 0.352411 0.170743
vt 0.329761 0.004425
vt 0.308570 0.004425
vt 0.525208 0.673352
vt 0.558598 0.346367
vt 0.414392 0.356133
vt 0.357990 0.651203
vt 0.758494 0.004730
vt 0.769828 0.725427
vt 0.633519 0.223126
vt 0.660296 0.612907
vt 0.505901 0.198623
vt 0.456742 0.326577
vt 0.350327 0.262451
vt 0.401150 0.200393
vt 0.447161 0.215986
vt 0.108974 0.650765
vt 0.502918 0.611175
vt 0.682096 0.963099
vt 0.417543 0.114136
vt 0.560156 0.978353
vt 0.333391 0.016079
vt 0.622043 0.008638
vt 0.305378 0.004425
vt 0.591705 0.669674
vt 0.687521 0.925722
vt 0.379184 0.975702
vt 0.300360 0.940725
vt 0.432885 0.765553
vt 0.374195 0.260907
vt 0.618868 0.008418
vt 0.511908 0.010968
vt 0.485673 0.007486
vt 0.454619 0.311612
vt 0.664388 0.699809
vt 0.645842 0.449773
vt 0.466027 0.533749
vt 0.681597 0.546999
vt 0.712452 0.106839
vt 0.421511 0.247421
vt 0.485093 0.439252
vt 0.732086 0.456249
vt 0.392869 0.831328
vt 0.300191 0.530580
vt 0.391334 0.364677
vt 0.306411 0.004425
vt 0.556231 0.542716
vt 0.461444 0.317275
vt 0.652433 0.689515
vt 0.291750 0.578873
vt 0.579148 0.606086
vt 0.604206 0.930088
vt 0.119392 0.984631
vt 0.411498 0.013339
vt 0.349935 0.207283
vt 0.474740 0.952737
vt 0.250507 0.488557
vt 0.480658 0.717743
vt 0.387699 0.030680
vt 0.561095 0.071309
vt 0.540626 0.006121
vt 0.101878 0.084256
vt 0.623563 0.703867
vt 0.625814 0.312272
vt 0.434426 0.004425
vt 0.678714 0.653718
vt 0.804003 0.888354
vt 0.817035 0.929359
vt 0.513523 0.451883
vt 0.548173 0.312659
vt 0.436363 0.490042
vt 0.720790 0.437253
vt 0.300242 0.446425
vt 0.456645 0.173290
vt 0.316496 0.016489
vt 0.304225 0.004425
vt 0.537423 0.757470
vt 0.470693 0.208585
vt 0.268251 0.690183
vt 0.557805 0.709596
vt 0.343185 0.506776
vt 0.383336 0.498005
vt 0.455989 0.848437
vt 0.609814 0.705501
vt 0.429028 0.635853
vt 0.479545 0.639399
vt 0.385923 0.188420
vt 0.548211 0.154894
vt 0.561713 0.432386
vt 0.388619 0.337645
vt 0.327083 0.004881
vt 0.492268 0.305155
vt 0.453119 0.252494
vt 0.733457 0.413951
vt 0.471241 0.773806
vt 0.729104 0.813005
vt 0.719833 0.006035
vt 0.790233 0.842202
vt 0.547493 0.639056
vt 0.660326 0.220003
vt 0.460495 0.723383
vt 0.506615 0.663556
vt 0.080742 0.888184
vt 0.576360 0.067363
vt 0.660871 0.105962
vt 0.987682 0.057673
vt 0.649306 0.109722
vt 0.193937 0.277689
vt 0.629248 0.062517
vt 0.559433 0.124131
vt 0.675463 0.229128
vt 0.648482 0.007762
vt 0.327366 0.004425
vt 0.691437 0.695065
vt 0.616063 0.074569
vt 0.611505 0.050527
vt 0.530663 0.103068
vt 0.499456 0.106913
vt 0.412625 0.137075
vt 0.625697 0.232174
vt 0.270006 0.673721
vt 0.481180 0.057960
vt 0.565466 0.901664
vt 0.413400 0.041761
vt 0.415308 0.101490
vt 0.699201 0.408348
vt 0.418923 0.327005
vt 0.139556 0.050275
vt 0.099879 0.156075
vt 0.591965 0.504636
vt 0.277802 0.414825
vt 0.644960 0.861129
vt 0.481575 0.174630
vt 0.742900 0.061033
vt 0.632006 0.237712
vt 0.167828 0.030419
vt 0.320693 0.818626
vt 0.524426 0.739362
vt 0.736104 0.660084
vt 0.428669 0.680986
vt 0.470776 0.798873
vt 0.543388 0.707978
vt 0.621742 0.539399
vt 0.601561 0.821041
vt 0.590438 0.790236
vt 0.596117 0.866869
vt 0.782048 0.744102
vt 0.589703 0.139100
vt 0.255458 0.601439
vt 0.296381 0.360492
vt 0.443460 0.134588
vt 0.323271 0.004425
vt 0.540626 0.630311
vt 0.451750 0.744552
vt 0.500211 0.766740
vt 0.661661 0.351448
vt 0.325605 0.183317
vt 0.333472 0.311754
vt 0.597454 0.376315
vt 0.603217 0.616351
vt 0.603838 0.539944
vt 0.525013 0.584759
vt 0.458122 0.566594
vt 0.441975 0.496180
vt 0.559120 0.199277
vt 0.385606 0.512098
vt 0.296740 0.544450
vt 0.527635 0.449785
vt 0.673489 0.873899
vt 0.408734 0.398610
vt 0.483586 0.401805
vt 0.615254 0.375319
vt 0.449830 0.279274
vt 0.453038 0.918680
vt 0.431867 0.388425
vt 0.560425 0.541543
vt 0.629507 0.174287
vt 0.516615 0.129947
vt 0.597332 0.535398
vt 0.672675 0.142087
vt 0.394498 0.886043
vt 0.483882 0.141921
vt 0.469178 0.485177
vt 0.448520 0.135883
vt 0.513110 0.110554
vt 0.527028 0.063591
vt 0.408851 0.013433
vt 0.717124 0.004428
vt 0.720744 0.237046
vt 0.763606 0.539338
vt 0.479012 0.747460
vt 0.413147 0.236985
vt 0.469628 0.219480
vt 0.722444 0.006472
vt 0.609181 0.145648
vt 0.308861 0.729612
vt 0.255370 0.520672
vt 0.661977 0.617383
vt 0.408601 0.651595
vt 0.317987 0.771842
vt 0.435396 0.401266
vt 0.448087 0.806253
vt 0.560430 0.631841
vt 0.299018 0.749261
vt 0.312055 0.749601
vt 0.669821 0.942337
vt 0.903032 0.543832
vt 0.454136 0.905350
vt 0.462385 0.952253
vt 0.194742 0.420453
vt 0.284642 0.029203
vt 0.739280 0.561672
vt 0.330362 0.421885
vt 0.320584 0.400314
vt 0.390452 0.568122
vt 0.461476 0.890188
vt 0.210857 0.596885
vt 0.460894 0.929411
vt 0.289940 0.768459
vt 0.395659 0.013523
vt 0.315598 0.016840
vt 0.517943 0.161468
vt 0.372500 0.448514
vt 0.469664 0.961475
vt 0.509839 0.920202
vt 0.478163 0.943965
vt 0.801522 0.974638
vt 0.434318 0.013012
vt 0.633855 0.183135
vt 0.320730 0.949208
vt 0.428441 0.965663
vt 0.405718 0.013392
vt 0.300250 0.884733
vt 0.666803 0.961145
vt 0.623409 0.285845
vt 0.377797 0.646159
vt 0.247489 0.965047
vt 0.658088 0.111971
vt 0.392256 0.053158
vt 0.788518 0.004701
vt 0.717131 0.540273
vt 0.534715 0.811748
vt 0.354502 0.964401
vt 0.423608 0.113871
vt 0.599568 0.958519
vt 0.536609 0.954249
vt 0.447095 0.954236
vt 0.650818 0.389587
vt 0.387160 0.004425
vt 0.161197 0.440216
vt 0.185860 0.165838
vt 0.566961 0.500143
vt 0.530245 0.876770
vt 0.628110 0.960449
vt 0.428518 0.341465
vt 0.694389 0.124467
vt 0.570406 0.050364
vt 0.509853 0.735075
vt 0.254855 0.236374
vt 0.536753 0.801951
vt 0.686290 0.951141
vt 0.546312 0.952099
vt 0.543953 0.530924
vt 0.472013 0.491171
vt 0.508518 0.424743
vt 0.595418 0.080185
vt 0.786217 0.686717
vt 0.467986 0.484435
vt 0.655777 0.155258
vt 0.639948 0.185409
vt 0.524483 0.417943
vt 0.541459 0.197925
vt 0.333590 0.139174
vt 0.555009 0.010059
vt 0.524002 0.004425
vt 0.495618 0.737301
vt 0.289155 0.020696
vt 0.310193 0.692221
vt 0.458943 0.580333
vt 0.448567 0.305561
vt 0.169273 0.432712
vt 0.443936 0.012613
vt 0.353649 0.015701
vt 0.502945 0.255218
vt 0.850250 0.323159
vt 0.575237 0.268089
vt 0.136707 0.025171
vt 0.759564 0.005247
vt 0.386342 0.247045
vt 0.661644 0.667279
vt 0.314530 0.016852
vt 0.581900 0.240267
vt 0.522177 0.077270
vt 0.540589 0.642899
vt 0.487468 0.422855
vt 0.284479 0.726349
vt 0.801468 0.255537
vt 0.539411 0.276987
vt 0.703327 0.279088
vt 0.780971 0.826172
vt 0.546244 0.209951
vt 0.366434 0.014771
vt 0.387827 0.188084
vt 0.299932 0.666532
vt 0.307213 0.590304
vt 0.677155 0.617676
vt 0.739797 0.609510
vt 0.676308 0.066639
vt 0.233869 0.019883
vt 0.518294 0.177512
vt 0.744231 0.297292
vt 0.386287 0.673677
vt 0.457860 0.071584
vt 0.435075 0.629102
vt 0.454428 0.441351
vt 0.619715 0.199200
vt 0.591924 0.613160
vt 0.292321 0.032354
vt 0.426779 0.013672
vt 0.317526 0.409473
vt 0.561737 0.220414
vt 0.395415 0.553636
vt 0.440858 0.643410
vt 0.538520 0.169873
vt 0.176930 0.022077
vt 0.241765 0.031871
vt 0.698851 0.254583
vt 0.555454 0.499897
vt 0.147335 0.030973
vt 0.492539 0.587437
vt 0.399808 0.482477
vt 0.591367 0.036265
vt 0.673090 0.256579
vt 0.736416 0.139593
vt 0.250344 0.483948
vt 0.499928 0.220218
vt 0.194321 0.168772
vt 0.553794 0.339965
vt 0.506058 0.169857
vt 0.438415 0.180282
s 0
usemtl material_0
f 2/1/1 3/2/1 5/3/1
f 2/1/2 5/3/2 6/4/2
f 1/5/3 2/1/3 6/4/3
f 6/4/4 5/3/4 7/6/4
f 6/4/5 7/6/5 13/7/5
f 7/6/6 5/3/6 8/8/6
f 9/9/7 1/5/7 6/4/7
f 4/10/8 10/11/8 11/12/8
f 3/2/9 4/10/9 5/3/9
f 15/13/10 9/9/10 12/14/10
f 5/3/11 4/10/11 11/12/11
f 9/9/12 6/4/12 12/14/12
f 5/3/13 11/12/13 8/8/13
f 12/14/14 6/4/14 13/7/14
f 12/14/15 14/15/15 22/16/15
f 12/14/16 13/7/16 14/15/16
f 13/7/17 7/6/17 14/15/17
f 10/11/18 16/17/18 11/12/18
f 22/16/19 15/13/19 12/14/19
f 11/12/20 16/17/20 8/8/20
f 8/8/21 16/17/21 17/18/21
f 10/11/22 19/19/22 16/17/22
f 18/20/23 15/13/23 22/16/23
f 19/19/24 29/21/24 16/17/24
f 39/22/25 18/20/25 22/16/25
f 39/22/26 22/16/26 36/23/26
f 29/21/27 17/18/27 16/17/27
f 26/24/28 28/25/28 52/26/28
f 19/19/29 38/27/29 29/21/29
f 17/18/30 29/21/30 70/28/30
f 22/16/31 14/15/31 64/29/31
f 14/15/32 7/6/32 64/29/32
f 7/6/33 8/8/33 64/29/33
f 50/30/34 18/20/34 39/22/34
f 51/31/35 40/32/35 52/26/35
f 40/32/36 26/24/36 52/26/36
f 54/33/37 42/34/37 84/35/37
f 84/35/38 42/34/38 40/32/38
f 50/30/39 39/22/39 55/36/39
f 36/23/40 22/16/40 64/29/40
f 8/8/41 17/18/41 64/29/41
f 84/35/42 40/32/42 51/31/42
f 52/26/43 41/37/43 65/38/43
f 41/37/44 53/39/44 65/38/44
f 86/40/45 50/30/45 55/36/45
f 55/36/46 39/22/46 90/41/46
f 66/42/47 54/33/47 84/35/47
f 38/27/48 74/43/48 29/21/48
f 29/21/49 69/44/49 70/28/49
f 70/28/50 69/44/50 80/45/50
f 90/41/51 39/22/51 36/23/51
f 53/39/52 75/46/52 65/38/52
f 75/46/53 67/47/53 85/48/53
f 76/49/54 66/42/54 93/50/54
f 93/50/55 66/42/55 84/35/55
f 29/21/56 74/43/56 69/44/56
f 88/51/57 86/40/57 55/36/57
f 55/36/58 90/41/58 88/51/58
f 52/26/59 65/38/59 51/31/59
f 65/38/60 75/46/60 94/52/60
f 95/53/61 79/54/61 96/55/61
f 69/44/62 97/56/62 80/45/62
f 36/23/63 64/29/63 90/41/63
f 64/29/64 17/18/64 70/28/64
f 93/50/65 84/35/65 105/57/65
f 84/35/66 51/31/66 105/57/66
f 94/52/67 75/46/67 106/58/67
f 75/46/68 85/48/68 106/58/68
f 114/59/69 76/49/69 93/50/69
f 90/41/70 109/60/70 88/51/70
f 64/29/71 110/61/71 90/41/71
f 70/28/72 80/45/72 111/62/72
f 107/63/73 114/59/73 115/64/73
f 74/43/74 124/65/74 69/44/74
f 86/40/75 88/51/75 103/66/75
f 64/29/76 70/28/76 110/61/76
f 51/31/77 65/38/77 105/57/77
f 94/52/78 106/58/78 122/67/78
f 106/58/79 113/68/79 122/67/79
f 103/66/80 125/69/80 121/70/80
f 95/53/81 116/71/81 123/72/81
f 103/66/82 88/51/82 125/69/82
f 116/71/83 118/73/83 141/74/83
f 125/69/84 88/51/84 109/60/84
f 110/61/85 70/28/85 111/62/85
f 114/59/86 93/50/86 129/75/86
f 129/75/87 93/50/87 158/76/87
f 74/43/88 104/77/88 124/65/88
f 93/50/89 105/57/89 158/76/89
f 135/78/90 139/79/90 128/80/90
f 135/78/91 138/81/91 139/79/91
f 123/72/92 130/82/92 122/67/92
f 128/80/93 140/83/93 137/84/93
f 128/80/94 139/79/94 174/85/94
f 131/86/95 116/71/95 141/74/95
f 142/87/96 137/84/96 140/83/96
f 128/80/97 174/85/97 140/83/97
f 109/60/98 90/41/98 152/88/98
f 145/89/99 137/84/99 155/90/99
f 155/90/100 137/84/100 191/91/100
f 191/91/101 137/84/101 142/87/101
f 174/85/102 139/79/102 143/92/102
f 124/65/103 169/93/103 111/62/103
f 142/87/104 140/83/104 174/85/104
f 122/67/105 146/94/105 180/95/105
f 148/96/106 129/75/106 183/97/106
f 136/98/107 154/99/107 161/100/107
f 139/79/108 138/81/108 162/101/108
f 104/77/109 136/98/109 161/100/109
f 121/70/110 125/69/110 144/102/110
f 104/77/111 161/100/111 124/65/111
f 131/86/112 141/74/112 164/103/112
f 181/104/113 155/90/113 191/91/113
f 125/69/114 168/105/114 144/102/114
f 139/79/115 162/101/115 143/92/115
f 124/65/116 161/100/116 169/93/116
f 143/92/117 162/101/117 171/106/117
f 125/69/118 109/60/118 168/105/118
f 109/60/119 152/88/119 168/105/119
f 191/91/120 142/87/120 173/107/120
f 143/92/121 171/106/121 175/108/121
f 110/61/122 111/62/122 192/109/122
f 105/57/123 65/38/123 179/110/123
f 94/52/124 122/67/124 180/95/124
f 154/99/125 177/111/125 184/112/125
f 177/111/126 155/90/126 181/104/126
f 129/75/127 158/76/127 183/97/127
f 177/111/128 181/104/128 184/112/128
f 154/99/129 184/112/129 161/100/129
f 138/81/130 178/113/130 162/101/130
f 161/100/131 184/112/131 188/114/131
f 181/104/132 191/91/132 190/115/132
f 184/112/133 181/104/133 190/115/133
f 161/100/134 188/114/134 169/93/134
f 188/114/135 192/109/135 169/93/135
f 188/114/136 184/112/136 192/109/136
f 184/112/137 190/115/137 192/109/137
f 191/91/138 173/107/138 190/115/138
f 175/108/139 171/106/139 208/116/139
f 174/85/140 143/92/140 175/108/140
f 158/76/141 105/57/141 216/117/141
f 65/38/142 94/52/142 180/95/142
f 198/118/143 157/119/143 199/120/143
f 157/119/144 200/121/144 199/120/144
f 157/119/145 182/122/145 200/121/145
f 162/101/146 208/116/146 171/106/146
f 111/62/147 169/93/147 192/109/147
f 192/109/148 190/115/148 173/107/148
f 105/57/149 179/110/149 217/123/149
f 65/38/150 180/95/150 266/124/150
f 146/94/151 197/125/151 180/95/151
f 218/126/152 198/118/152 199/120/152
f 182/122/153 201/127/153 200/121/153
f 196/128/154 222/129/154 178/113/154
f 183/97/155 158/76/155 219/130/155
f 178/113/156 222/129/156 162/101/156
f 162/101/157 227/131/157 208/116/157
f 173/107/158 142/87/158 174/85/158
f 218/126/159 199/120/159 239/132/159
f 219/130/160 158/76/160 241/133/160
f 158/76/161 216/117/161 241/133/161
f 144/102/162 168/105/162 250/134/162
f 162/101/163 222/129/163 227/131/163
f 168/105/164 152/88/164 250/134/164
f 173/107/165 174/85/165 256/135/165
f 216/117/166 105/57/166 217/123/166
f 180/95/167 197/125/167 258/136/167
f 218/126/168 239/132/168 267/137/168
f 201/127/169 240/138/169 200/121/169
f 222/129/170 196/128/170 262/139/170
f 244/140/171 205/141/171 263/142/171
f 227/131/172 222/129/172 262/139/172
f 152/88/173 90/41/173 274/143/173
f 110/61/174 192/109/174 302/144/174
f 192/109/175 173/107/175 256/135/175
f 175/108/176 208/116/176 234/145/176
f 179/110/177 65/38/177 266/124/177
f 197/125/178 237/146/178 258/136/178
f 237/146/179 259/147/179 258/136/179
f 259/147/180 238/148/180 267/137/180
f 238/148/181 218/126/181 267/137/181
f 199/120/182 200/121/182 276/149/182
f 200/121/183 240/138/183 268/150/183
f 144/102/184 250/134/184 215/151/184
f 90/41/185 110/61/185 330/152/185
f 239/132/182 199/120/182 276/149/182
f 240/138/186 269/153/186 268/150/186
f 250/134/187 152/88/187 282/154/187
f 263/142/188 264/155/188 279/156/188
f 217/123/189 179/110/189 291/157/189
f 276/149/190 200/121/190 285/158/190
f 261/159/191 219/130/191 286/160/191
f 270/161/192 261/159/192 286/160/192
f 263/142/193 287/162/193 260/163/193
f 287/162/194 263/142/194 288/164/194
f 304/165/195 215/151/195 306/166/195
f 295/167/196 216/117/196 217/123/196
f 275/168/197 217/123/197 291/157/197
f 266/124/198 308/169/198 179/110/198
f 266/124/199 180/95/199 309/170/199
f 180/95/200 258/136/200 309/170/200
f 239/132/201 276/149/201 292/171/201
f 200/121/202 268/150/202 293/172/202
f 268/150/203 269/153/203 293/172/203
f 270/161/204 286/160/204 296/173/204
f 294/174/205 260/163/205 287/162/205
f 263/142/206 279/156/206 288/164/206
f 291/157/207 179/110/207 308/169/207
f 259/147/208 267/137/208 258/136/208
f 269/153/209 294/174/209 293/172/209
f 241/133/210 216/117/210 295/167/210
f 269/153/211 260/163/211 294/174/211
f 215/151/212 250/134/212 306/166/212
f 288/164/213 279/156/213 310/175/213
f 282/154/214 152/88/214 341/176/214
f 256/135/215 537/177/215 192/109/215
f 311/178/216 312/179/216 303/180/216
f 313/181/217 303/180/217 283/182/217
f 303/180/218 312/179/218 283/182/218
f 312/179/219 284/183/219 283/182/219
f 314/184/220 315/185/220 257/186/220
f 295/167/221 217/123/221 318/187/221
f 275/168/222 291/157/222 307/188/222
f 308/169/223 266/124/223 319/189/223
f 258/136/224 267/137/224 432/190/224
f 267/137/225 239/132/225 363/191/225
f 363/191/226 239/132/226 292/171/226
f 286/160/227 219/130/227 321/192/227
f 219/130/228 241/133/228 321/192/228
f 250/134/229 341/176/229 306/166/229
f 250/134/230 282/154/230 341/176/230
f 175/108/231 234/145/231 299/193/231
f 285/158/232 200/121/232 293/172/232
f 294/174/233 320/194/233 293/172/233
f 241/133/234 295/167/234 321/192/234
f 337/195/235 338/196/235 324/197/235
f 337/195/236 324/197/236 339/198/236
f 324/197/237 340/199/237 325/200/237
f 325/200/238 340/199/238 356/201/238
f 288/164/239 310/175/239 346/202/239
f 341/176/240 152/88/240 274/143/240
f 90/41/241 330/152/241 274/143/241
f 362/203/242 258/136/242 432/190/242
f 350/204/243 351/205/243 335/206/243
f 351/205/244 352/207/244 335/206/244
f 294/174/245 287/162/245 349/208/245
f 350/204/246 335/206/246 336/209/246
f 336/209/247 355/210/247 354/211/247
f 339/198/248 325/200/248 356/201/248
f 287/162/249 288/164/249 349/208/249
f 288/164/250 359/212/250 349/208/250
f 288/164/251 346/202/251 359/212/251
f 318/187/252 217/123/252 275/168/252
f 309/170/253 258/136/253 362/203/253
f 432/190/254 267/137/254 363/191/254
f 320/194/255 294/174/255 364/213/255
f 294/174/256 349/208/256 364/213/256
f 350/204/257 336/209/257 354/211/257
f 353/214/258 337/195/258 367/215/258
f 354/211/259 355/210/259 368/216/259
f 337/195/260 339/198/260 367/215/260
f 367/215/261 339/198/261 369/217/261
f 339/198/262 356/201/262 369/217/262
f 313/181/263 283/182/263 371/218/263
f 308/169/264 319/189/264 377/219/264
f 393/220/265 363/191/265 292/171/265
f 375/221/266 286/160/266 321/192/266
f 376/222/267 321/192/267 295/167/267
f 390/223/268 369/217/268 356/201/268
f 340/199/269 439/224/269 356/201/269
f 302/144/270 192/109/270 537/177/270
f 256/135/271 174/85/271 671/225/271
f 371/218/272 283/182/272 382/226/272
f 291/157/273 308/169/273 383/227/273
f 266/124/274 309/170/274 319/189/274
f 319/189/275 309/170/275 411/228/275
f 411/228/276 309/170/276 362/203/276
f 293/172/277 320/194/277 394/229/277
f 375/221/278 321/192/278 384/230/278
f 364/213/279 349/208/279 386/231/279
f 354/211/280 388/232/280 350/204/280
f 354/211/281 368/216/281 388/232/281
f 367/215/282 369/217/282 387/233/282
f 175/108/283 299/193/283 626/234/283
f 313/181/284 371/218/284 391/235/284
f 304/165/285 306/166/285 392/236/285
f 285/158/286 293/172/286 394/229/286
f 364/213/287 386/231/287 395/237/287
f 388/232/288 368/216/288 397/238/288
f 368/216/289 355/210/289 397/238/289
f 349/208/290 359/212/290 398/239/290
f 390/223/291 356/201/291 399/240/291
f 356/201/292 439/224/292 399/240/292
f 341/176/293 402/241/293 306/166/293
f 330/152/294 110/61/294 302/144/294
f 275/168/295 307/188/295 318/187/295
f 394/229/296 320/194/296 412/242/296
f 320/194/297 364/213/297 412/242/297
f 384/230/298 321/192/298 413/243/298
f 432/190/299 363/191/299 414/244/299
f 363/191/300 415/245/300 414/244/300
f 415/245/301 363/191/301 393/220/301
f 350/204/302 388/232/302 396/246/302
f 438/247/303 369/217/303 421/248/303
f 369/217/304 390/223/304 421/248/304
f 440/249/305 401/250/305 400/251/305
f 440/249/306 400/251/306 442/252/306
f 400/251/307 401/250/307 422/253/307
f 446/254/308 400/251/308 422/253/308
f 398/239/309 359/212/309 423/255/309
f 299/193/310 357/256/310 496/257/310
f 428/258/311 391/235/311 371/218/311
f 295/167/312 318/187/312 410/259/312
f 308/169/313 377/219/313 383/227/313
f 411/228/314 362/203/314 450/260/314
f 276/149/315 285/158/315 394/229/315
f 413/243/316 321/192/316 452/261/316
f 321/192/317 376/222/317 452/261/317
f 376/222/318 295/167/318 434/262/318
f 432/190/319 414/244/319 435/263/319
f 386/231/320 349/208/320 398/239/320
f 392/236/321 306/166/321 457/264/321
f 459/265/322 387/233/322 438/247/322
f 399/240/323 439/224/323 492/266/323
f 401/250/324 441/267/324 443/268/324
f 442/252/325 400/251/325 445/269/325
f 400/251/326 446/254/326 445/269/326
f 457/264/327 306/166/327 402/241/327
f 446/254/328 422/253/328 447/270/328
f 341/176/329 274/143/329 402/241/329
f 174/85/330 175/108/330 671/225/330
f 393/220/331 292/171/331 433/271/331
f 414/244/332 415/245/332 451/272/332
f 415/245/333 393/220/333 453/273/333
f 436/274/334 416/275/334 413/243/334
f 396/246/335 388/232/335 458/276/335
f 379/277/336 437/278/336 474/279/336
f 388/232/337 397/238/337 458/276/337
f 397/238/338 379/277/338 474/279/338
f 438/247/339 421/248/339 459/265/339
f 493/280/340 442/252/340 462/281/340
f 442/252/341 445/269/341 462/281/341
f 446/254/342 447/270/342 480/282/342
f 362/203/343 469/283/343 450/260/343
f 362/203/344 432/190/344 469/283/344
f 295/167/345 410/259/345 434/262/345
f 432/190/346 435/263/346 469/283/346
f 435/263/347 414/244/347 470/284/347
f 470/284/348 414/244/348 451/272/348
f 474/279/349 437/278/349 473/285/349
f 458/276/350 397/238/350 474/279/350
f 459/265/351 421/248/351 477/286/351
f 476/287/352 440/249/352 478/288/352
f 421/248/353 390/223/353 477/286/353
f 390/223/354 399/240/354 477/286/354
f 477/286/355 399/240/355 492/266/355
f 440/249/356 442/252/356 478/288/356
f 442/252/357 493/280/357 478/288/357
f 386/231/358 398/239/358 479/289/358
f 445/269/359 446/254/359 480/282/359
f 445/269/360 480/282/360 462/281/360
f 779/290/361 428/258/361 484/291/361
f 428/258/362 371/218/362 484/291/362
f 371/218/363 382/226/363 485/292/363
f 318/187/364 307/188/364 488/293/364
f 307/188/365 291/157/365 488/293/365
f 291/157/366 383/227/366 488/293/366
f 377/219/367 489/294/367 383/227/367
f 377/219/368 319/189/368 489/294/368
f 319/189/369 411/228/369 600/295/369
f 393/220/370 433/271/370 453/273/370
f 412/242/371 364/213/371 395/237/371
f 459/265/372 491/296/372 506/297/372
f 459/265/373 477/286/373 491/296/373
f 476/287/374 490/298/374 460/299/374
f 457/264/375 402/241/375 465/300/375
f 175/108/376 626/234/376 671/225/376
f 299/193/377 496/257/377 626/234/377
f 435/263/378 467/301/378 469/283/378
f 487/302/379 415/245/379 500/303/379
f 433/271/380 292/171/380 501/304/380
f 395/237/381 386/231/381 502/305/381
f 547/306/382 471/307/382 523/308/382
f 547/306/383 455/309/383 471/307/383
f 523/308/384 471/307/384 552/310/384
f 503/311/385 504/312/385 527/313/385
f 396/246/386 458/276/386 471/307/386
f 552/310/387 471/307/387 458/276/387
f 455/309/388 505/314/388 472/315/388
f 505/314/389 506/297/389 473/285/389
f 473/285/390 506/297/390 532/316/390
f 532/316/391 506/297/391 510/317/391
f 490/298/392 476/287/392 478/288/392
f 507/318/393 490/298/393 478/288/393
f 532/316/394 510/317/394 509/319/394
f 506/297/395 491/296/395 510/317/395
f 491/296/396 477/286/396 510/317/396
f 462/281/397 480/282/397 495/320/397
f 495/320/398 480/282/398 514/321/398
f 479/289/399 398/239/399 516/322/399
f 480/282/400 447/270/400 515/323/400
f 398/239/401 423/255/401 516/322/401
f 383/227/402 489/294/402 544/324/402
f 450/260/403 521/325/403 411/228/403
f 450/260/404 469/283/404 522/326/404
f 292/171/405 276/149/405 501/304/405
f 276/149/406 394/229/406 501/304/406
f 455/309/407 524/327/407 526/328/407
f 524/327/408 525/329/408 526/328/408
f 455/309/409 526/328/409 505/314/409
f 525/329/410 527/313/410 526/328/410
f 503/311/411 528/330/411 504/312/411
f 526/328/412 506/297/412 505/314/412
f 506/297/413 526/328/413 418/331/413
f 418/331/414 526/328/414 530/332/414
f 526/328/415 527/313/415 530/332/415
f 527/313/416 507/318/416 530/332/416
f 527/313/417 504/312/417 507/318/417
f 507/318/418 504/312/418 508/333/418
f 504/312/419 529/334/419 508/333/419
f 458/276/420 474/279/420 578/335/420
f 474/279/421 473/285/421 532/316/421
f 530/332/422 507/318/422 533/336/422
f 530/332/423 533/336/423 534/337/423
f 507/318/424 478/288/424 533/336/424
f 478/288/425 493/280/425 533/336/425
f 513/338/426 535/339/426 512/340/426
f 423/255/427 517/341/427 516/322/427
f 538/342/428 539/343/428 540/344/428
f 540/344/429 539/343/429 559/345/429
f 540/344/430 559/345/430 518/346/430
f 499/347/431 453/273/431 543/348/431
f 410/259/432 318/187/432 751/349/432
f 453/273/433 545/350/433 543/348/433
f 453/273/434 433/271/434 545/350/434
f 501/304/435 394/229/435 546/351/435
f 565/352/436 547/306/436 523/308/436
f 547/306/437 567/353/437 524/327/437
f 524/327/438 569/354/438 551/355/438
f 569/354/439 548/356/439 551/355/439
f 436/274/440 413/243/440 549/357/440
f 565/352/441 523/308/441 552/310/441
f 392/236/442 457/264/442 449/358/442
f 449/358/443 457/264/443 531/359/443
f 552/310/444 458/276/444 578/335/444
f 474/279/445 532/316/445 555/360/445
f 529/334/446 554/361/446 494/362/446
f 529/334/447 494/362/447 511/363/447
f 477/286/448 615/364/448 556/365/448
f 477/286/449 492/266/449 615/364/449
f 492/266/450 534/337/450 615/364/450
f 510/317/451 556/365/451 509/319/451
f 510/317/452 477/286/452 556/365/452
f 531/359/453 457/264/453 465/300/453
f 493/280/454 495/320/454 514/321/454
f 515/323/455 583/366/455 514/321/455
f 274/143/456 330/152/456 625/367/456
f 540/344/457 518/346/457 558/368/457
f 466/369/458 696/370/458 560/371/458
f 565/352/459 566/372/459 547/306/459
f 488/293/460 383/227/460 544/324/460
f 489/294/461 319/189/461 600/295/461
f 450/260/462 522/326/462 521/325/462
f 522/326/463 469/283/463 564/373/463
f 394/229/464 412/242/464 546/351/464
f 412/242/465 395/237/465 572/374/465
f 546/351/466 412/242/466 572/374/466
f 569/354/467 570/375/467 548/356/467
f 601/376/468 434/262/468 571/377/468
f 434/262/469 410/259/469 571/377/469
f 607/378/470 565/352/470 552/310/470
f 607/378/471 552/310/471 574/379/471
f 474/279/472 555/360/472 614/380/472
f 555/360/473 509/319/473 614/380/473
f 386/231/474 579/381/474 502/305/474
f 494/362/475 554/361/475 581/382/475
f 509/319/476 556/365/476 618/383/476
f 534/337/477 533/336/477 662/384/477
f 533/336/478 493/280/478 580/385/478
f 493/280/479 514/321/479 580/385/479
f 514/321/480 583/366/480 582/386/480
f 402/241/481 274/143/481 586/387/481
f 589/388/482 562/389/482 592/390/482
f 589/388/483 590/391/483 562/389/483
f 590/391/484 593/392/484 562/389/484
f 590/391/485 587/393/485 593/392/485
f 587/393/486 591/394/486 593/392/486
f 593/392/487 591/394/487 599/395/487
f 593/392/488 598/396/488 562/389/488
f 593/392/489 595/397/489 598/396/489
f 595/397/490 593/392/490 599/395/490
f 596/398/491 566/372/491 565/352/491
f 520/399/492 543/348/492 597/400/492
f 596/398/493 565/352/493 638/401/493
f 318/187/494 701/402/494 751/349/494
f 489/294/495 600/295/495 544/324/495
f 543/348/496 545/350/496 597/400/496
f 376/222/497 601/376/497 452/261/497
f 376/222/498 434/262/498 601/376/498
f 595/397/499 599/395/499 603/403/499
f 599/395/500 639/404/500 603/403/500
f 572/374/501 395/237/501 502/305/501
f 550/405/502 562/389/502 606/406/502
f 562/389/503 598/396/503 606/406/503
f 638/401/504 565/352/504 607/378/504
f 551/355/505 548/356/505 604/407/505
f 598/396/506 609/408/506 608/409/506
f 598/396/507 595/397/507 609/408/507
f 595/397/508 603/403/508 609/408/508
f 503/311/509 553/410/509 610/411/509
f 598/396/510 608/409/510 606/406/510
f 552/310/511 578/335/511 574/379/511
f 578/335/512 474/279/512 614/380/512
f 608/409/513 617/412/513 606/406/513
f 614/380/514 509/319/514 618/383/514
f 615/364/515 534/337/515 662/384/515
f 554/361/516 616/413/516 619/414/516
f 581/382/517 554/361/517 619/414/517
f 550/405/518 606/406/518 557/415/518
f 662/384/519 533/336/519 620/416/519
f 533/336/520 580/385/520 620/416/520
f 579/381/521 386/231/521 479/289/521
f 580/385/522 582/386/522 620/416/522
f 582/386/523 535/339/523 581/382/523
f 557/415/524 606/406/524 622/417/524
f 606/406/525 617/412/525 622/417/525
f 557/415/526 622/417/526 624/418/526
f 540/344/527 558/368/527 627/419/527
f 587/393/528 628/420/528 591/394/528
f 628/420/529 629/421/529 591/394/529
f 630/422/530 631/423/530 629/421/530
f 371/218/531 485/292/531 484/291/531
f 591/394/532 629/421/532 639/404/532
f 640/424/533 629/421/533 631/423/533
f 632/425/534 635/426/534 638/401/534
f 635/426/535 636/427/535 596/398/535
f 599/395/536 591/394/536 639/404/536
f 639/404/537 629/421/537 640/424/537
f 631/423/538 632/425/538 638/401/538
f 635/426/539 596/398/539 638/401/539
f 631/423/540 638/401/540 640/424/540
f 318/187/541 488/293/541 701/402/541
f 521/325/542 522/326/542 641/428/542
f 433/271/543 501/304/543 545/350/543
f 568/429/544 567/353/544 644/430/544
f 569/354/545 602/431/545 645/432/545
f 413/243/546 452/261/546 646/433/546
f 639/404/547 640/424/547 648/434/547
f 640/424/548 638/401/548 648/434/548
f 648/434/549 638/401/549 649/435/549
f 572/374/550 502/305/550 647/436/550
f 603/403/551 639/404/551 651/437/551
f 639/404/552 648/434/552 651/437/552
f 649/435/553 638/401/553 688/438/553
f 638/401/554 607/378/554 688/438/554
f 609/408/555 655/439/555 654/440/555
f 609/408/556 603/403/556 655/439/556
f 609/408/557 654/440/557 658/441/557
f 553/410/558 612/442/558 610/411/558
f 608/409/559 609/408/559 657/443/559
f 657/443/560 609/408/560 658/441/560
f 612/442/561 577/444/561 611/445/561
f 502/305/562 579/381/562 647/436/562
f 617/412/563 608/409/563 657/443/563
f 614/380/564 618/383/564 659/446/564
f 617/412/565 657/443/565 664/447/565
f 618/383/566 556/365/566 663/448/566
f 531/359/567 465/300/567 621/449/567
f 619/414/568 616/413/568 666/450/568
f 581/382/569 619/414/569 665/451/569
f 619/414/570 666/450/570 665/451/570
f 617/412/571 664/447/571 622/417/571
f 622/417/572 664/447/572 667/452/572
f 465/300/573 402/241/573 670/453/573
f 537/177/574 256/135/574 671/225/574
f 558/368/575 518/346/575 627/419/575
f 627/419/576 518/346/576 675/454/576
f 518/346/577 561/455/577 675/454/577
f 410/259/578 751/349/578 571/377/578
f 501/304/579 546/351/579 683/456/579
f 546/351/580 642/457/580 683/456/580
f 572/374/581 647/436/581 642/457/581
f 648/434/582 649/435/582 685/458/582
f 685/458/583 649/435/583 688/438/583
f 449/358/584 531/359/584 676/459/584
f 653/460/585 651/437/585 648/434/585
f 603/403/586 689/461/586 655/439/586
f 603/403/587 651/437/587 689/461/587
f 651/437/588 653/460/588 689/461/588
f 574/379/589 690/462/589 706/463/589
f 574/379/590 578/335/590 690/462/590
f 578/335/591 614/380/591 690/462/591
f 690/462/592 614/380/592 659/446/592
f 647/436/593 579/381/593 687/464/593
f 657/443/594 658/441/594 692/465/594
f 615/364/595 662/384/595 660/466/595
f 579/381/596 479/289/596 691/467/596
f 620/416/597 581/382/597 665/451/597
f 516/322/598 517/341/598 778/468/598
f 402/241/599 586/387/599 670/453/599
f 274/143/600 625/367/600 586/387/600
f 540/344/601 627/419/601 742/469/601
f 484/291/602 485/292/602 695/470/602
f 679/471/603 519/472/603 594/473/603
f 594/473/604 597/400/604 700/474/604
f 545/350/605 501/304/605 702/475/605
f 501/304/606 683/456/606 682/476/606
f 653/460/607 648/434/607 704/477/607
f 704/477/608 648/434/608 705/478/608
f 648/434/609 685/458/609 705/478/609
f 685/458/610 688/438/610 734/479/610
f 688/438/611 607/378/611 706/463/611
f 607/378/612 574/379/612 706/463/612
f 660/466/613 662/384/613 737/480/613
f 687/464/614 691/467/614 709/481/614
f 621/449/615 465/300/615 670/453/615
f 624/418/616 622/417/616 667/452/616
f 626/234/617 496/257/617 714/482/617
f 539/343/618 538/342/618 715/483/618
f 701/402/619 488/293/619 752/484/619
f 784/485/620 411/228/620 521/325/620
f 521/325/621 641/428/621 724/486/621
f 597/400/622 545/350/622 700/474/622
f 700/474/623 545/350/623 785/487/623
f 685/458/624 734/479/624 705/478/624
f 659/446/625 660/466/625 737/480/625
f 662/384/626 620/416/626 739/488/626
f 691/467/627 479/289/627 740/489/627
f 625/367/628 330/152/628 741/490/628
f 302/144/629 537/177/629 330/152/629
f 718/491/630 719/492/630 745/493/630
f 745/493/631 719/492/631 746/494/631
f 746/494/632 719/492/632 747/495/632
f 719/492/633 720/496/633 747/495/633
f 747/495/634 720/496/634 748/497/634
f 720/496/635 723/498/635 750/499/635
f 600/295/636 411/228/636 784/485/636
f 501/304/637 682/476/637 702/475/637
f 683/456/638 642/457/638 725/500/638
f 723/498/639 733/501/639 750/499/639
f 729/502/640 730/503/640 725/500/640
f 730/503/641 703/504/641 758/505/641
f 758/505/642 703/504/642 760/506/642
f 790/507/643 689/461/643 759/508/643
f 709/481/644 691/467/644 740/489/644
f 621/449/645 736/509/645 531/359/645
f 665/451/646 666/450/646 763/510/646
f 479/289/647 764/511/647 740/489/647
f 479/289/648 516/322/648 764/511/648
f 742/469/649 627/419/649 765/512/649
f 745/493/650 746/494/650 768/513/650
f 724/486/651 641/428/651 753/514/651
f 545/350/652 702/475/652 785/487/652
f 682/476/653 683/456/653 769/515/653
f 683/456/654 725/500/654 769/515/654
f 646/433/655 452/261/655 771/516/655
f 704/477/656 705/478/656 774/517/656
f 655/439/657 689/461/657 790/507/657
f 689/461/658 653/460/658 759/508/658
f 688/438/659 706/463/659 789/518/659
f 690/462/660 659/446/660 777/519/660
f 620/416/661 665/451/661 739/488/661
f 665/451/662 763/510/662 957/520/662
f 764/511/663 516/322/663 778/468/663
f 765/512/664 627/419/664 780/521/664
f 627/419/665 675/454/665 780/521/665
f 768/513/666 746/494/666 782/522/666
f 782/522/667 746/494/667 747/495/667
f 720/496/668 750/499/668 783/523/668
f 594/473/669 700/474/669 803/524/669
f 700/474/670 785/487/670 803/524/670
f 848/525/671 600/295/671 784/485/671
f 750/499/672 733/501/672 783/523/672
f 783/523/673 733/501/673 878/526/673
f 730/503/674 758/505/674 787/527/674
f 676/459/675 531/359/675 736/509/675
f 654/440/676 655/439/676 790/507/676
f 789/518/677 706/463/677 777/519/677
f 706/463/678 690/462/678 777/519/678
f 777/519/679 659/446/679 737/480/679
f 709/481/680 792/528/680 791/529/680
f 709/481/681 740/489/681 792/528/681
f 624/418/682 667/452/682 958/530/682
f 715/483/683 538/342/683 797/531/683
f 675/454/684 588/532/684 800/533/684
f 717/534/685 635/426/685 801/535/685
f 718/491/686 745/493/686 804/536/686
f 804/536/687 745/493/687 768/513/687
f 769/515/688 725/500/688 805/537/688
f 725/500/689 787/527/689 805/537/689
f 452/261/690 601/376/690 771/516/690
f 601/376/691 806/538/691 771/516/691
f 601/376/692 571/377/692 806/538/692
f 725/500/693 730/503/693 787/527/693
f 653/460/694 704/477/694 857/539/694
f 857/539/695 704/477/695 788/540/695
f 705/478/696 734/479/696 807/541/696
f 807/541/697 734/479/697 688/438/697
f 688/438/698 789/518/698 808/542/698
f 708/543/699 709/481/699 791/529/699
f 662/384/700 739/488/700 737/480/700
f 740/489/701 764/511/701 792/528/701
f 330/152/702 537/177/702 1187/544/702
f 626/234/703 714/482/703 811/545/703
f 797/531/704 765/512/704 812/546/704
f 765/512/705 780/521/705 812/546/705
f 780/521/706 675/454/706 816/547/706
f 675/454/707 800/533/707 816/547/707
f 747/495/708 748/497/708 821/548/708
f 748/497/709 720/496/709 821/548/709
f 821/548/710 720/496/710 822/549/710
f 720/496/711 783/523/711 822/549/711
f 488/293/712 544/324/712 824/550/712
f 682/476/713 769/515/713 826/551/713
f 758/505/714 830/552/714 787/527/714
f 705/478/715 807/541/715 774/517/715
f 758/505/716 760/506/716 830/552/716
f 830/552/717 760/506/717 832/553/717
f 761/554/718 654/440/718 833/555/718
f 791/529/719 792/528/719 835/556/719
f 792/528/720 764/511/720 838/557/720
f 795/558/721 624/418/721 958/530/721
f 779/290/722 484/291/722 796/559/722
f 484/291/723 695/470/723 840/560/723
f 695/470/724 815/561/724 840/560/724
f 840/560/725 815/561/725 841/562/725
f 782/522/726 747/495/726 821/548/726
f 803/524/727 785/487/727 937/563/727
f 571/377/728 751/349/728 806/538/728
f 752/484/729 488/293/729 847/564/729
f 544/324/730 600/295/730 848/525/730
f 785/487/731 702/475/731 825/565/731
f 702/475/732 682/476/732 850/566/732
f 682/476/733 851/567/733 850/566/733
f 826/551/734 769/515/734 852/568/734
f 769/515/735 805/537/735 852/568/735
f 753/514/736 827/569/736 724/486/736
f 759/508/737 653/460/737 857/539/737
f 704/477/738 774/517/738 788/540/738
f 807/541/739 688/438/739 808/542/739
f 790/507/740 759/508/740 858/570/740
f 654/440/741 790/507/741 833/555/741
f 789/518/742 777/519/742 881/571/742
f 791/529/743 835/556/743 859/572/743
f 884/573/744 737/480/744 885/574/744
f 885/574/745 737/480/745 861/575/745
f 737/480/746 739/488/746 861/575/746
f 665/451/747 957/520/747 739/488/747
f 621/449/748 670/453/748 862/576/748
f 804/536/749 768/513/749 867/577/749
f 804/536/750 867/577/750 868/578/750
f 868/578/751 867/577/751 869/579/751
f 768/513/752 782/522/752 867/577/752
f 782/522/753 821/548/753 867/577/753
f 869/579/754 867/577/754 870/580/754
f 867/577/755 821/548/755 822/549/755
f 867/577/756 822/549/756 870/580/756
f 822/549/757 783/523/757 870/580/757
f 804/536/758 868/578/758 873/581/758
f 873/581/759 868/578/759 874/582/759
f 868/578/760 869/579/760 874/582/760
f 869/579/761 870/580/761 874/582/761
f 874/582/762 870/580/762 875/583/762
f 488/293/763 824/550/763 847/564/763
f 544/324/764 848/525/764 824/550/764
f 937/563/765 785/487/765 828/584/765
f 785/487/766 825/565/766 828/584/766
f 825/565/767 702/475/767 849/585/767
f 702/475/768 850/566/768 849/585/768
f 682/476/769 826/551/769 851/567/769
f 804/536/770 873/581/770 855/586/770
f 873/581/771 874/582/771 855/586/771
f 855/586/772 874/582/772 877/587/772
f 874/582/773 875/583/773 877/587/773
f 877/587/774 875/583/774 878/526/774
f 783/523/775 878/526/775 870/580/775
f 875/583/776 870/580/776 878/526/776
f 852/568/777 805/537/777 876/588/777
f 852/568/778 876/588/778 879/589/778
f 879/589/779 876/588/779 880/590/779
f 805/537/780 787/527/780 876/588/780
f 876/588/781 787/527/781 830/552/781
f 880/590/782 830/552/782 832/553/782
f 789/518/783 881/571/783 808/542/783
f 896/591/784 880/590/784 832/553/784
f 881/571/785 777/519/785 883/592/785
f 676/459/786 736/509/786 882/593/786
f 777/519/787 737/480/787 883/592/787
f 883/592/788 737/480/788 884/573/788
f 763/510/789 794/594/789 957/520/789
f 838/557/790 778/468/790 809/595/790
f 796/559/791 484/291/791 888/596/791
f 840/560/792 841/562/792 817/597/792
f 676/459/793 871/598/793 843/599/793
f 751/349/794 701/402/794 1060/600/794
f 784/485/795 521/325/795 890/601/795
f 521/325/796 724/486/796 890/601/796
f 851/567/797 826/551/797 908/602/797
f 872/603/798 853/604/798 891/605/798
f 826/551/799 852/568/799 879/589/799
f 853/604/800 854/606/800 891/605/800
f 879/589/801 880/590/801 893/607/801
f 876/588/802 830/552/802 880/590/802
f 893/607/803 880/590/803 896/591/803
f 893/607/804 896/591/804 859/572/804
f 893/607/805 835/556/805 898/608/805
f 835/556/806 792/528/806 898/608/806
f 861/575/807 739/488/807 925/609/807
f 926/610/808 736/509/808 621/449/808
f 792/528/809 838/557/809 898/608/809
f 958/530/810 667/452/810 810/611/810
f 330/152/811 1187/544/811 741/490/811
f 626/234/812 811/545/812 902/612/812
f 888/596/813 484/291/813 904/613/813
f 484/291/814 840/560/814 904/613/814
f 816/547/815 800/533/815 818/614/815
f 846/615/816 907/616/816 911/617/816
f 908/602/817 826/551/817 910/618/817
f 826/551/818 879/589/818 910/618/818
f 846/615/819 911/617/819 892/619/819
f 911/617/820 909/620/820 892/619/820
f 909/620/821 912/621/821 892/619/821
f 892/619/822 912/621/822 916/622/822
f 912/621/823 913/623/823 916/622/823
f 910/618/824 879/589/824 917/624/824
f 892/619/825 916/622/825 894/625/825
f 917/624/826 879/589/826 893/607/826
f 857/539/827 788/540/827 774/517/827
f 807/541/828 808/542/828 915/626/828
f 808/542/829 881/571/829 915/626/829
f 676/459/830 882/593/830 871/598/830
f 858/570/831 759/508/831 857/539/831
f 833/555/832 790/507/832 858/570/832
f 882/593/833 736/509/833 926/610/833
f 898/608/834 838/557/834 927/627/834
f 838/557/835 809/595/835 927/627/835
f 621/449/836 862/576/836 926/610/836
f 715/483/837 797/531/837 930/628/837
f 797/531/838 812/546/838 930/628/838
f 796/559/839 888/596/839 931/629/839
f 812/546/840 780/521/840 930/628/840
f 840/560/841 817/597/841 904/613/841
f 780/521/842 816/547/842 933/630/842
f 816/547/843 818/614/843 933/630/843
f 806/538/844 751/349/844 1060/600/844
f 848/525/845 784/485/845 1016/631/845
f 849/585/846 850/566/846 942/632/846
f 850/566/847 851/567/847 942/632/847
f 942/632/848 851/567/848 908/602/848
f 946/633/849 807/541/849 914/634/849
f 857/539/850 774/517/850 946/633/850
f 916/622/851 944/635/851 894/625/851
f 881/571/852 883/592/852 981/636/852
f 919/637/853 947/638/853 920/639/853
f 947/638/854 918/640/854 920/639/854
f 920/639/855 983/641/855 949/642/855
f 983/641/856 948/643/856 949/642/856
f 834/644/857 833/555/857 921/645/857
f 883/592/858 884/573/858 951/646/858
f 951/646/859 884/573/859 922/647/859
f 922/647/860 884/573/860 885/574/860
f 922/647/861 885/574/861 953/648/861
f 953/648/862 885/574/862 924/649/862
f 893/607/863 898/608/863 917/624/863
f 953/648/864 924/649/864 954/650/864
f 924/649/865 885/574/865 955/651/865
f 898/608/866 950/652/866 917/624/866
f 887/653/867 921/645/867 987/654/867
f 924/649/868 955/651/868 954/650/868
f 739/488/869 956/655/869 925/609/869
f 739/488/870 957/520/870 956/655/870
f 898/608/871 927/627/871 950/652/871
f 958/530/872 810/611/872 928/656/872
f 930/628/873 780/521/873 961/657/873
f 800/533/874 1013/658/874 962/659/874
f 780/521/875 933/630/875 961/657/875
f 767/660/876 803/524/876 995/661/876
f 937/563/877 828/584/877 968/662/877
f 909/620/878 911/617/878 974/663/878
f 771/516/879 806/538/879 975/664/879
f 724/486/880 827/569/880 976/665/880
f 827/569/881 941/666/881 976/665/881
f 910/618/882 917/624/882 1022/667/882
f 917/624/883 950/652/883 1022/667/883
f 949/642/884 948/643/884 986/668/884
f 885/574/885 861/575/885 989/669/885
f 861/575/886 925/609/886 1030/670/886
f 670/453/887 586/387/887 1012/671/887
f 803/524/888 937/563/888 994/672/888
f 803/524/889 994/672/889 995/661/889
f 784/485/890 890/601/890 1040/673/890
f 937/563/891 968/662/891 994/672/891
f 908/602/892 969/674/892 942/632/892
f 974/663/893 911/617/893 997/675/893
f 828/584/894 825/565/894 968/662/894
f 908/602/895 910/618/895 969/674/895
f 881/571/896 981/636/896 979/676/896
f 918/640/897 947/638/897 998/677/897
f 983/641/898 985/678/898 982/679/898
f 922/647/899 1000/680/899 951/646/899
f 922/647/900 953/648/900 1002/681/900
f 953/648/901 954/650/901 1002/681/901
f 861/575/902 1030/670/902 989/669/902
f 954/650/903 955/651/903 1004/682/903
f 925/609/904 1057/683/904 1030/670/904
f 925/609/905 956/655/905 1006/684/905
f 862/576/906 670/453/906 1012/671/906
f 586/387/907 625/367/907 959/685/907
f 961/657/908 993/686/908 930/628/908
f 904/613/909 905/687/909 888/596/909
f 961/657/910 933/630/910 993/686/910
f 1039/688/911 994/672/911 1017/689/911
f 824/550/912 848/525/912 1016/631/912
f 1016/631/913 784/485/913 1040/673/913
f 724/486/914 976/665/914 890/601/914
f 994/672/915 968/662/915 1017/689/915
f 825/565/916 849/585/916 942/632/916
f 969/674/917 910/618/917 1018/690/917
f 910/618/918 1022/667/918 1018/690/918
f 1024/691/919 982/679/919 998/677/919
f 983/641/920 982/679/920 1024/691/920
f 981/636/921 883/592/921 1025/692/921
f 883/592/922 1026/693/922 1025/692/922
f 883/592/923 951/646/923 1026/693/923
f 922/647/924 1002/681/924 1000/680/924
f 1002/681/925 954/650/925 1031/694/925
f 1003/695/926 897/696/926 1027/697/926
f 954/650/927 1004/682/927 1031/694/927
f 1004/682/928 955/651/928 1029/698/928
f 925/609/929 1006/684/929 1032/699/929
f 625/367/930 741/490/930 959/685/930
f 1187/544/931 537/177/931 1034/700/931
f 888/596/932 905/687/932 1036/701/932
f 1039/688/933 1017/689/933 1061/702/933
f 701/402/934 752/484/934 847/564/934
f 941/666/935 966/703/935 1041/704/935
f 1061/702/936 1017/689/936 1044/705/936
f 942/632/937 1043/706/937 1042/707/937
f 942/632/938 969/674/938 1043/706/938
f 825/565/939 942/632/939 1042/707/939
f 979/676/940 981/636/940 1025/692/940
f 1023/708/941 1001/709/941 999/710/941
f 951/646/942 1053/711/942 1026/693/942
f 951/646/943 1000/680/943 1053/711/943
f 1068/712/944 1002/681/944 1031/694/944
f 989/669/945 1055/713/945 1029/698/945
f 989/669/946 1030/670/946 1055/713/946
f 1003/695/947 1058/714/947 1032/699/947
f 950/652/948 927/627/948 1028/715/948
f 1059/716/949 1039/688/949 1061/702/949
f 969/674/950 1018/690/950 1076/717/950
f 806/538/951 1060/600/951 1062/718/951
f 941/666/952 1041/704/952 976/665/952
f 1017/689/953 968/662/953 1044/705/953
f 968/662/954 825/565/954 1077/719/954
f 1019/720/955 1025/692/955 1063/721/955
f 1022/667/956 950/652/956 1028/715/956
f 1025/692/957 1026/693/957 1052/722/957
f 1051/723/958 1066/724/958 1054/725/958
f 1051/723/959 1056/726/959 1066/724/959
f 1002/681/960 1068/712/960 1000/680/960
f 1029/698/961 1055/713/961 1070/727/961
f 1057/683/962 925/609/962 1071/728/962
f 1032/699/963 1058/714/963 1091/729/963
f 927/627/964 809/595/964 1094/730/964
f 1037/731/965 1074/732/965 1075/733/965
f 890/601/966 976/665/966 1121/734/966
f 1041/704/967 1037/731/967 1075/733/967
f 1100/735/968 1059/716/968 1061/702/968
f 975/664/969 806/538/969 1062/718/969
f 1041/704/970 1075/733/970 976/665/970
f 1044/705/971 968/662/971 1077/719/971
f 1077/719/972 825/565/972 1078/736/972
f 1063/721/973 1025/692/973 1079/737/973
f 1000/680/974 1084/738/974 1053/711/974
f 1000/680/975 1068/712/975 1084/738/975
f 1056/726/976 1057/683/976 1087/739/976
f 1057/683/977 1071/728/977 1087/739/977
f 1031/694/978 1086/740/978 1068/712/978
f 1029/698/979 1070/727/979 1069/741/979
f 1071/728/980 925/609/980 1089/742/980
f 925/609/981 1032/699/981 1089/742/981
f 1074/732/982 1099/743/982 1075/733/982
f 1040/673/983 890/601/983 1121/734/983
f 1100/735/984 1061/702/984 1104/744/984
f 1043/706/985 969/674/985 1076/717/985
f 1102/745/986 976/665/986 1075/733/986
f 1104/744/987 1061/702/987 1044/705/987
f 825/565/988 1042/707/988 1078/736/988
f 1018/690/989 1022/667/989 1130/746/989
f 1079/737/990 1025/692/990 1052/722/990
f 1053/711/991 1084/738/991 1107/747/991
f 1066/724/992 1056/726/992 1083/748/992
f 1056/726/993 1087/739/993 1083/748/993
f 1071/728/994 1111/749/994 1087/739/994
f 1071/728/995 1089/742/995 1111/749/995
f 927/627/996 1094/730/996 1028/715/996
f 1032/699/997 1091/729/997 1089/742/997
f 537/177/998 1096/750/998 1034/700/998
f 537/177/999 671/225/999 1096/750/999
f 626/234/1000 902/612/1000 1173/751/1000
f 888/596/1001 1036/701/1001 1115/752/1001
f 843/599/1002 871/598/1002 1116/753/1002
f 1099/743/1003 1074/732/1003 1118/754/1003
f 1099/743/1004 1118/754/1004 1122/755/1004
f 1118/754/1005 1100/735/1005 1122/755/1005
f 701/402/1006 847/564/1006 1119/756/1006
f 824/550/1007 1016/631/1007 1120/757/1007
f 976/665/1008 1102/745/1008 1121/734/1008
f 1099/743/1009 1122/755/1009 1103/758/1009
f 1122/755/1010 1100/735/1010 1104/744/1010
f 646/433/1011 771/516/1011 1101/759/1011
f 771/516/1012 975/664/1012 1101/759/1012
f 1076/717/1013 1018/690/1013 1130/746/1013
f 871/598/1014 882/593/1014 1116/753/1014
f 1053/711/1015 1107/747/1015 1124/760/1015
f 1026/693/1016 1053/711/1016 1125/761/1016
f 1086/740/1017 1069/741/1017 1137/762/1017
f 1069/741/1018 1070/727/1018 1108/763/1018
f 1069/741/1019 1108/763/1019 1137/762/1019
f 1146/764/1020 926/610/1020 1012/671/1020
f 1089/742/1021 1091/729/1021 1141/765/1021
f 926/610/1022 862/576/1022 1012/671/1022
f 1012/671/1023 586/387/1023 1095/766/1023
f 847/564/1024 824/550/1024 1129/767/1024
f 975/664/1025 1062/718/1025 1101/759/1025
f 1103/758/1026 1122/755/1026 1104/744/1026
f 1042/707/1027 1043/706/1027 1078/736/1027
f 1130/746/1028 1022/667/1028 1028/715/1028
f 1079/737/1029 1052/722/1029 1132/768/1029
f 1052/722/1030 1133/769/1030 1132/768/1030
f 1052/722/1031 1026/693/1031 1133/769/1031
f 1065/770/1032 1082/771/1032 1134/772/1032
f 1026/693/1033 1125/761/1033 1133/769/1033
f 1082/771/1034 1085/773/1034 1148/774/1034
f 1086/740/1035 1137/762/1035 1136/775/1035
f 1111/749/1036 1089/742/1036 1164/776/1036
f 1028/715/1037 1094/730/1037 1140/777/1037
f 1089/742/1038 1141/765/1038 1164/776/1038
f 1141/765/1039 1091/729/1039 1153/778/1039
f 586/387/1040 959/685/1040 1095/766/1040
f 1036/701/1041 1128/779/1041 1115/752/1041
f 701/402/1042 1119/756/1042 1215/780/1042
f 847/564/1043 1129/767/1043 1119/756/1043
f 646/433/1044 1101/759/1044 1123/781/1044
f 1075/733/1045 1144/782/1045 1102/745/1045
f 1075/733/1046 1103/758/1046 1144/782/1046
f 1104/744/1047 1044/705/1047 1160/783/1047
f 1044/705/1048 1077/719/1048 1160/783/1048
f 1043/706/1049 1145/784/1049 1078/736/1049
f 1116/753/1050 882/593/1050 1146/764/1050
f 882/593/1051 926/610/1051 1146/764/1051
f 1136/775/1052 1137/762/1052 1149/785/1052
f 1138/786/1053 1087/739/1053 1152/787/1053
f 1137/762/1054 1108/763/1054 1151/788/1054
f 1087/739/1055 1111/749/1055 1152/787/1055
f 1094/730/1056 1092/789/1056 1195/790/1056
f 1043/706/1057 1076/717/1057 1145/784/1057
f 1103/758/1058 1104/744/1058 1144/782/1058
f 1104/744/1059 1160/783/1059 1144/782/1059
f 1077/719/1060 1078/736/1060 1160/783/1060
f 1130/746/1061 1028/715/1061 1169/791/1061
f 1148/774/1062 1085/773/1062 1136/775/1062
f 1028/715/1063 1140/777/1063 1169/791/1063
f 1137/762/1064 1151/788/1064 1149/785/1064
f 1141/765/1065 1153/778/1065 1164/776/1065
f 1094/730/1066 1195/790/1066 1140/777/1066
f 824/550/1067 1120/757/1067 1129/767/1067
f 1120/757/1068 1167/792/1068 1129/767/1068
f 1076/717/1069 1130/746/1069 1168/793/1069
f 1132/768/1070 1133/769/1070 1161/794/1070
f 1133/769/1071 1125/761/1071 1171/795/1071
f 1148/774/1072 1136/775/1072 1170/796/1072
f 1120/757/1073 1016/631/1073 1189/797/1073
f 1123/781/1074 1101/759/1074 1177/798/1074
f 1144/782/1075 1160/783/1075 1178/799/1075
f 1161/794/1076 1133/769/1076 1182/800/1076
f 1182/800/1077 1133/769/1077 1183/801/1077
f 1183/801/1078 1133/769/1078 1184/802/1078
f 1133/769/1079 1171/795/1079 1184/802/1079
f 1151/788/1080 1194/803/1080 1149/785/1080
f 1209/804/1081 1012/671/1081 1095/766/1081
f 1129/767/1082 1167/792/1082 1188/805/1082
f 1167/792/1083 1120/757/1083 1189/797/1083
f 1102/745/1084 1144/782/1084 1121/734/1084
f 1170/796/1085 1136/775/1085 1185/806/1085
f 1184/802/1086 1171/795/1086 1193/807/1086
f 1136/775/1087 1149/785/1087 1205/808/1087
f 1149/785/1088 1194/803/1088 1205/808/1088
f 701/402/1089 1215/780/1089 1060/600/1089
f 1119/756/1090 1129/767/1090 1216/809/1090
f 1016/631/1091 1040/673/1091 1189/797/1091
f 1145/784/1092 1076/717/1092 1200/810/1092
f 1076/717/1093 1168/793/1093 1200/810/1093
f 1121/734/1094 1201/811/1094 1040/673/1094
f 1168/793/1095 1130/746/1095 1218/812/1095
f 1116/753/1096 1146/764/1096 1211/813/1096
f 1185/806/1097 1136/775/1097 1205/808/1097
f 1195/790/1098 1208/814/1098 1222/815/1098
f 626/234/1099 1173/751/1099 1298/816/1099
f 1115/752/1100 1128/779/1100 1210/817/1100
f 1216/809/1101 1129/767/1101 1188/805/1101
f 1101/759/1102 1062/718/1102 1217/818/1102
f 1200/810/1103 1168/793/1103 1218/812/1103
f 1130/746/1104 1169/791/1104 1218/812/1104
f 1169/791/1105 1140/777/1105 1220/819/1105
f 1140/777/1106 1222/815/1106 1220/819/1106
f 1146/764/1107 1012/671/1107 1221/820/1107
f 1140/777/1108 1195/790/1108 1222/815/1108
f 1012/671/1109 1209/804/1109 1221/820/1109
f 1187/544/1110 1034/700/1110 1237/821/1110
f 671/225/376 626/234/376 1298/816/376
f 1128/779/1111 1212/822/1111 1210/817/1111
f 1119/756/1112 1216/809/1112 1215/780/1112
f 1121/734/1113 1144/782/1113 1201/811/1113
f 1144/782/1114 1178/799/1114 1224/823/1114
f 1178/799/1115 1160/783/1115 1224/823/1115
f 1211/813/1116 1146/764/1116 1221/820/1116
f 1222/815/1117 1208/814/1117 1247/824/1117
f 1173/751/1118 1207/825/1118 1246/826/1118
f 1062/718/1119 1230/827/1119 1217/818/1119
f 1062/718/1120 1060/600/1120 1230/827/1120
f 1188/805/1121 1167/792/1121 1189/797/1121
f 1189/797/1122 1040/673/1122 1231/828/1122
f 1040/673/1123 1201/811/1123 1231/828/1123
f 1160/783/1124 1078/736/1124 1242/829/1124
f 1078/736/1125 1145/784/1125 1242/829/1125
f 1169/791/1126 1220/819/1126 1218/812/1126
f 1220/819/1127 1222/815/1127 1232/830/1127
f 1232/830/1128 1222/815/1128 1247/824/1128
f 1247/824/1129 1208/814/1129 1235/831/1129
f 1209/804/1130 1095/766/1130 1257/832/1130
f 1230/827/1131 1060/600/1131 1215/780/1131
f 1177/798/1132 1101/759/1132 1241/833/1132
f 1216/809/1133 1188/805/1133 1239/834/1133
f 1188/805/1134 1189/797/1134 1239/834/1134
f 1144/782/1135 1224/823/1135 1201/811/1135
f 1160/783/1136 1242/829/1136 1224/823/1136
f 1200/810/1137 1218/812/1137 1243/835/1137
f 1211/813/1138 1221/820/1138 1245/836/1138
f 1187/544/1139 1237/821/1139 1252/837/1139
f 1034/700/1140 1096/750/1140 1226/838/1140
f 1230/827/1141 1215/780/1141 1254/839/1141
f 1177/798/1142 1241/833/1142 1240/840/1142
f 1215/780/1143 1216/809/1143 1239/834/1143
f 1145/784/1144 1255/841/1144 1242/829/1144
f 1145/784/1145 1200/810/1145 1255/841/1145
f 1218/812/1146 1220/819/1146 1243/835/1146
f 1211/813/1147 1245/836/1147 1260/842/1147
f 1221/820/1148 1209/804/1148 1257/832/1148
f 1232/830/1149 1247/824/1149 1266/843/1149
f 1267/844/1150 1266/843/1150 1235/831/1150
f 741/490/1151 1187/544/1151 1252/837/1151
f 1173/751/1152 1246/826/1152 1298/816/1152
f 1241/833/1153 1101/759/1153 1262/845/1153
f 1101/759/1154 1217/818/1154 1262/845/1154
f 1269/846/1155 1201/811/1155 1270/847/1155
f 1263/848/1156 1201/811/1156 1224/823/1156
f 1255/841/1157 1200/810/1157 1243/835/1157
f 1243/835/1158 1220/819/1158 1264/849/1158
f 1264/849/1159 1220/819/1159 1265/850/1159
f 1220/819/1160 1232/830/1160 1265/850/1160
f 959/685/1161 741/490/1161 1251/851/1161
f 1096/750/1162 671/225/1162 1298/816/1162
f 1215/780/1163 1239/834/1163 1254/839/1163
f 1240/840/1164 1241/833/1164 1271/852/1164
f 1239/834/1165 1189/797/1165 1286/853/1165
f 1201/811/1166 1269/846/1166 1272/854/1166
f 1201/811/1167 1263/848/1167 1270/847/1167
f 1255/841/1168 1243/835/1168 1273/855/1168
f 1273/855/1169 1243/835/1169 1264/849/1169
f 1315/856/1170 1264/849/1170 1265/850/1170
f 1095/766/1171 959/685/1171 1284/857/1171
f 1269/846/1172 1270/847/1172 1291/858/1172
f 1291/858/1173 1270/847/1173 1279/859/1173
f 1270/847/1174 1263/848/1174 1279/859/1174
f 1273/855/1175 1264/849/1175 1315/856/1175
f 1300/860/1176 1265/850/1176 1266/843/1176
f 1297/861/1177 1302/862/1177 1282/863/1177
f 1297/861/1178 1282/863/1178 1249/864/1178
f 1251/851/1179 741/490/1179 1252/837/1179
f 1239/834/1180 1286/853/1180 1254/839/1180
f 1231/828/1181 1201/811/1181 1272/854/1181
f 1272/854/1182 1269/846/1182 1291/858/1182
f 1279/859/1183 1263/848/1183 1288/865/1183
f 1224/823/1184 1280/866/1184 1263/848/1184
f 1224/823/1185 1242/829/1185 1280/866/1185
f 1242/829/1186 1255/841/1186 1310/867/1186
f 1255/841/1187 1273/855/1187 1289/868/1187
f 1291/858/1188 1279/859/1188 1293/869/1188
f 1279/859/1189 1288/865/1189 1294/870/1189
f 1293/869/1190 1279/859/1190 1295/871/1190
f 1295/871/1191 1279/859/1191 1294/870/1191
f 1294/870/1192 1288/865/1192 1296/872/1192
f 1293/869/1193 1295/871/1193 1297/861/1193
f 1295/871/1194 1294/870/1194 1296/872/1194
f 1260/842/1195 1245/836/1195 1287/873/1195
f 1293/869/1196 1297/861/1196 1299/874/1196
f 1315/856/1197 1265/850/1197 1300/860/1197
f 1287/873/1198 1245/836/1198 1257/832/1198
f 1297/861/1199 1295/871/1199 1302/862/1199
f 1295/871/1200 1296/872/1200 1302/862/1200
f 1296/872/1201 1301/875/1201 1302/862/1201
f 1300/860/1202 1266/843/1202 1351/876/1202
f 1299/874/1203 1297/861/1203 1249/864/1203
f 1302/862/1204 1301/875/1204 1282/863/1204
f 1282/863/1205 1301/875/1205 1303/877/1205
f 1351/876/1206 1266/843/1206 1276/878/1206
f 1034/700/1207 1306/879/1207 1305/880/1207
f 1034/700/1208 1226/838/1208 1306/879/1208
f 1257/832/1209 1095/766/1209 1284/857/1209
f 1231/828/1210 1272/854/1210 1308/881/1210
f 1272/854/1211 1291/858/1211 1327/882/1211
f 1327/882/1212 1291/858/1212 1312/883/1212
f 1263/848/1213 1311/884/1213 1288/865/1213
f 1288/865/1214 1311/884/1214 1313/885/1214
f 1263/848/1215 1280/866/1215 1311/884/1215
f 1290/886/1216 1271/852/1216 1314/887/1216
f 1315/856/1217 1289/868/1217 1273/855/1217
f 1312/883/1218 1291/858/1218 1293/869/1218
f 1288/865/1219 1313/885/1219 1296/872/1219
f 1290/886/1220 1314/887/1220 1281/888/1220
f 1312/883/1221 1293/869/1221 1335/889/1221
f 1315/856/1222 1300/860/1222 1349/890/1222
f 1351/876/1223 1349/890/1223 1300/860/1223
f 1281/888/1224 1314/887/1224 1316/891/1224
f 1335/889/1225 1293/869/1225 1299/874/1225
f 1296/872/1226 1313/885/1226 1317/892/1226
f 1335/889/1227 1299/874/1227 1336/893/1227
f 1296/872/1228 1317/892/1228 1301/875/1228
f 1281/888/1229 1316/891/1229 1337/894/1229
f 1299/874/1230 1249/864/1230 1336/893/1230
f 1301/875/1231 1317/892/1231 1303/877/1231
f 1317/892/1232 1320/895/1232 1303/877/1232
f 1340/896/1233 1351/876/1233 1276/878/1233
f 1383/897/1234 1034/700/1234 1305/880/1234
f 959/685/1235 1251/851/1235 1284/857/1235
f 1257/832/1236 1284/857/1236 1355/898/1236
f 1260/842/1237 1287/873/1237 1285/899/1237
f 1254/839/1238 1286/853/1238 1230/827/1238
f 1280/866/1239 1309/900/1239 1328/901/1239
f 1189/797/1240 1231/828/1240 1362/902/1240
f 1311/884/1241 1280/866/1241 1328/901/1241
f 1310/867/1242 1255/841/1242 1329/903/1242
f 1329/903/1243 1255/841/1243 1289/868/1243
f 1329/903/1244 1289/868/1244 1315/856/1244
f 1311/884/1245 1330/904/1245 1313/885/1245
f 1329/903/1246 1315/856/1246 1349/890/1246
f 1313/885/1247 1330/904/1247 1334/905/1247
f 1313/885/1248 1334/905/1248 1317/892/1248
f 1317/892/1249 1334/905/1249 1320/895/1249
f 1320/895/1250 1334/905/1250 1339/906/1250
f 1096/750/1251 1298/816/1251 1394/907/1251
f 1262/845/1252 1217/818/1252 1375/908/1252
f 1308/881/1253 1272/854/1253 1347/909/1253
f 1347/909/1254 1272/854/1254 1327/882/1254
f 1347/909/1255 1327/882/1255 1312/883/1255
f 1328/901/1256 1309/900/1256 1348/910/1256
f 1310/867/1257 1329/903/1257 1363/911/1257
f 1328/901/1258 1348/910/1258 1330/904/1258
f 1363/911/1259 1329/903/1259 1349/890/1259
f 1330/904/1260 1348/910/1260 1364/912/1260
f 1330/904/1261 1364/912/1261 1354/913/1261
f 1366/914/1262 1349/890/1262 1351/876/1262
f 1347/909/1263 1312/883/1263 1380/915/1263
f 1380/915/1264 1312/883/1264 1335/889/1264
f 1380/915/1265 1335/889/1265 1371/916/1265
f 1371/916/1266 1335/889/1266 1336/893/1266
f 1366/914/1267 1351/876/1267 1370/917/1267
f 1287/873/1268 1257/832/1268 1355/898/1268
f 1334/905/1269 1354/913/1269 1339/906/1269
f 1370/917/1270 1351/876/1270 1340/896/1270
f 1339/906/1271 1354/913/1271 1358/918/1271
f 1358/918/1272 1370/917/1272 1268/919/1272
f 1370/917/1273 1340/896/1273 1268/919/1273
f 1383/897/1274 1305/880/1274 1352/920/1274
f 1305/880/1275 1306/879/1275 1338/921/1275
f 1394/907/1276 1298/816/1276 1381/922/1276
f 1387/923/1277 1231/828/1277 1388/924/1277
f 1231/828/1278 1308/881/1278 1388/924/1278
f 1286/853/1279 1189/797/1279 1362/902/1279
f 1309/900/1280 1310/867/1280 1348/910/1280
f 1348/910/1281 1310/867/1281 1363/911/1281
f 1364/912/1282 1348/910/1282 1365/925/1282
f 1348/910/1283 1363/911/1283 1365/925/1283
f 1365/925/1284 1363/911/1284 1366/914/1284
f 1363/911/1285 1349/890/1285 1366/914/1285
f 1365/925/1286 1366/914/1286 1369/926/1286
f 1347/909/1287 1380/915/1287 1401/927/1287
f 1366/914/1288 1370/917/1288 1369/926/1288
f 1364/912/1289 1365/925/1289 1354/913/1289
f 1354/913/1290 1365/925/1290 1369/926/1290
f 1383/897/1291 1352/920/1291 1368/928/1291
f 1237/821/1292 1383/897/1292 1419/929/1292
f 1285/899/1293 1287/873/1293 1367/930/1293
f 1361/931/1294 1262/845/1294 1375/908/1294
f 1217/818/1295 1230/827/1295 1398/932/1295
f 1362/902/1296 1231/828/1296 1387/923/1296
f 1391/933/1297 1308/881/1297 1347/909/1297
f 1391/933/1298 1347/909/1298 1401/927/1298
f 1287/873/1299 1378/934/1299 1367/930/1299
f 1376/935/1300 1379/936/1300 1356/937/1300
f 1287/873/1301 1355/898/1301 1378/934/1301
f 1355/898/1302 1373/938/1302 1378/934/1302
f 1375/908/1303 1217/818/1303 1398/932/1303
f 1230/827/1304 1286/853/1304 1389/939/1304
f 1286/853/1305 1362/902/1305 1390/940/1305
f 1388/924/1306 1308/881/1306 1391/933/1306
f 1401/927/1307 1380/915/1307 1402/941/1307
f 1380/915/1308 1371/916/1308 1402/941/1308
f 1402/941/1309 1371/916/1309 1360/942/1309
f 1252/837/1310 1237/821/1310 1404/943/1310
f 1230/827/1311 1389/939/1311 1398/932/1311
f 1389/939/1312 1286/853/1312 1390/940/1312
f 1399/944/1313 1391/933/1313 1401/927/1313
f 1402/941/1314 1360/942/1314 1410/945/1314
f 1355/898/1315 1284/857/1315 1412/946/1315
f 1362/902/1316 1387/923/1316 1414/947/1316
f 1387/923/1317 1388/924/1317 1399/944/1317
f 1388/924/1318 1391/933/1318 1399/944/1318
f 1416/948/1319 1399/944/1319 1401/927/1319
f 1376/935/1320 1400/949/1320 1379/936/1320
f 1416/948/1321 1401/927/1321 1402/941/1321
f 1416/948/1322 1402/941/1322 1417/950/1322
f 1379/936/1323 1400/949/1323 1418/951/1323
f 1417/950/1324 1402/941/1324 1410/945/1324
f 1403/952/1325 1341/953/1325 1321/954/1325
f 1404/943/1326 1237/821/1326 1419/929/1326
f 1355/898/1327 1412/946/1327 1373/938/1327
f 1375/908/1328 1398/932/1328 1413/955/1328
f 1390/940/1329 1362/902/1329 1414/947/1329
f 1414/947/1330 1387/923/1330 1415/956/1330
f 1387/923/1331 1399/944/1331 1415/956/1331
f 1375/908/1332 1413/955/1332 1400/949/1332
f 1415/956/1333 1399/944/1333 1416/948/1333
f 1417/950/1334 1410/945/1334 1427/957/1334
f 1434/958/1335 1427/957/1335 1410/945/1335
f 1373/938/1336 1412/946/1336 1422/959/1336
f 1413/955/1337 1398/932/1337 1423/960/1337
f 1398/932/1338 1389/939/1338 1443/961/1338
f 1415/956/1339 1416/948/1339 1439/962/1339
f 1439/962/1340 1416/948/1340 1425/963/1340
f 1367/930/1341 1378/934/1341 1324/964/1341
f 1425/963/1342 1416/948/1342 1417/950/1342
f 1425/963/1343 1417/950/1343 1449/965/1343
f 1427/957/1344 1449/965/1344 1417/950/1344
f 1378/934/1345 1373/938/1345 1422/959/1345
f 1419/929/1346 1421/966/1346 1404/943/1346
f 1423/960/1347 1398/932/1347 1424/967/1347
f 1398/932/1348 1443/961/1348 1424/967/1348
f 1389/939/1349 1390/940/1349 1444/968/1349
f 1429/969/1350 1414/947/1350 1415/956/1350
f 1429/969/1351 1415/956/1351 1439/962/1351
f 1324/964/1352 1378/934/1352 1432/970/1352
f 1418/951/1353 1431/971/1353 1426/972/1353
f 1449/965/1354 1427/957/1354 1440/973/1354
f 1426/972/1355 1431/971/1355 1428/974/1355
f 1440/973/1356 1427/957/1356 1434/958/1356
f 1404/943/1357 1421/966/1357 1450/975/1357
f 1443/961/1358 1389/939/1358 1438/976/1358
f 1405/977/1359 1324/964/1359 1432/970/1359
f 1439/962/1360 1425/963/1360 1449/965/1360
f 1378/934/1361 1422/959/1361 1432/970/1361
f 1452/978/1362 1440/973/1362 1434/958/1362
f 1284/857/1363 1251/851/1363 1412/946/1363
f 1444/968/1364 1390/940/1364 1445/979/1364
f 1390/940/1365 1414/947/1365 1445/979/1365
f 1445/979/1366 1414/947/1366 1429/969/1366
f 1445/979/1367 1429/969/1367 1457/980/1367
f 1423/960/1368 1446/981/1368 1430/982/1368
f 1423/960/1369 1424/967/1369 1446/981/1369
f 1429/969/1370 1439/962/1370 1457/980/1370
f 1448/983/1371 1439/962/1371 1449/965/1371
f 1449/965/1372 1440/973/1372 1469/984/1372
f 1433/985/1373 1431/971/1373 1451/986/1373
f 1424/967/1374 1443/961/1374 1456/987/1374
f 1389/939/1375 1444/968/1375 1438/976/1375
f 1444/968/1376 1445/979/1376 1455/988/1376
f 1424/967/1377 1456/987/1377 1446/981/1377
f 1455/988/1378 1445/979/1378 1457/980/1378
f 1446/981/1379 1456/987/1379 1458/989/1379
f 1457/980/1380 1439/962/1380 1448/983/1380
f 1446/981/1381 1458/989/1381 1459/990/1381
f 1457/980/1382 1448/983/1382 1468/991/1382
f 1446/981/1383 1459/990/1383 1431/971/1383
f 1469/984/1384 1448/983/1384 1449/965/1384
f 1431/971/1385 1459/990/1385 1451/986/1385
f 1459/990/1386 1461/992/1386 1451/986/1386
f 1461/992/1387 1441/993/1387 1451/986/1387
f 1478/994/1388 1469/984/1388 1436/995/1388
f 1251/851/1389 1252/837/1389 1462/996/1389
f 1456/987/1390 1443/961/1390 1465/997/1390
f 1465/997/1391 1467/998/1391 1456/987/1391
f 1443/961/1392 1438/976/1392 1465/997/1392
f 1444/968/1393 1455/988/1393 1466/999/1393
f 1455/988/1394 1457/980/1394 1466/999/1394
f 1458/989/1395 1456/987/1395 1467/998/1395
f 1466/999/1396 1457/980/1396 1474/1000/1396
f 1474/1000/1397 1457/980/1397 1476/1001/1397
f 1457/980/1398 1468/991/1398 1476/1001/1398
f 1459/990/1399 1458/989/1399 1461/992/1399
f 1468/991/1400 1448/983/1400 1469/984/1400
f 1468/991/1401 1469/984/1401 1470/1002/1401
f 1470/1002/1402 1469/984/1402 1478/994/1402
f 1252/837/1403 1404/943/1403 1462/996/1403
f 1465/997/1404 1438/976/1404 1472/1003/1404
f 1438/976/1405 1444/968/1405 1473/1004/1405
f 1473/1004/1406 1444/968/1406 1466/999/1406
f 1473/1004/1407 1466/999/1407 1474/1000/1407
f 1465/997/1408 1472/1003/1408 1467/998/1408
f 1458/989/1409 1467/998/1409 1475/1005/1409
f 1458/989/1410 1475/1005/1410 1461/992/1410
f 1485/1006/1411 1476/1001/1411 1468/991/1411
f 1485/1006/1412 1468/991/1412 1470/1002/1412
f 1475/1005/1413 1477/1007/1413 1461/992/1413
f 1487/1008/1414 1485/1006/1414 1478/994/1414
f 1485/1006/1415 1470/1002/1415 1478/994/1415
f 1412/946/1416 1251/851/1416 1495/1009/1416
f 1251/851/1417 1462/996/1417 1495/1009/1417
f 1472/1003/1418 1438/976/1418 1473/1004/1418
f 1472/1003/1419 1473/1004/1419 1480/1010/1419
f 1467/998/1420 1472/1003/1420 1480/1010/1420
f 1475/1005/1421 1467/998/1421 1481/1011/1421
f 1467/998/1422 1480/1010/1422 1481/1011/1422
f 1473/1004/1423 1482/1012/1423 1480/1010/1423
f 1473/1004/1424 1474/1000/1424 1482/1012/1424
f 1474/1000/1425 1476/1001/1425 1482/1012/1425
f 1475/1005/1426 1481/1011/1426 1483/1013/1426
f 1481/1011/1427 1480/1010/1427 1483/1013/1427
f 1480/1010/1428 1482/1012/1428 1484/1014/1428
f 1483/1013/1429 1480/1010/1429 1484/1014/1429
f 1484/1014/1430 1482/1012/1430 1485/1006/1430
f 1482/1012/1431 1476/1001/1431 1485/1006/1431
f 1475/1005/1432 1483/1013/1432 1477/1007/1432
f 1477/1007/1433 1483/1013/1433 1471/1015/1433
f 1471/1015/1434 1483/1013/1434 1487/1008/1434
f 1483/1013/1435 1484/1014/1435 1487/1008/1435
f 1484/1014/1436 1485/1006/1436 1487/1008/1436
f 1404/943/1437 1488/1016/1437 1462/996/1437
f 1495/1009/1438 1462/996/1438 1496/1017/1438
f 1412/946/1439 1492/1018/1439 1486/1019/1439
f 1412/946/1440 1495/1009/1440 1492/1018/1440
f 1462/996/1441 1490/1020/1441 1496/1017/1441
f 1496/1017/1442 1490/1020/1442 1497/1021/1442
f 1/5/1443 3/2/1443 2/1/1443
f 3/2/1444 10/11/1444 4/10/1444
f 18/20/1445 9/9/1445 15/13/1445
f 9/9/1446 3/2/1446 1/5/1446
f 9/9/1447 10/11/1447 3/2/1447
f 27/1022/1448 23/1023/1448 21/1024/1448
f 20/1025/1449 24/1026/1449 27/1022/1449
f 24/1026/1450 23/1023/1450 27/1022/1450
f 24/1026/1451 25/1027/1451 23/1023/1451
f 27/1022/1452 26/24/1452 40/32/1452
f 20/1025/1453 27/1022/1453 42/34/1453
f 27/1022/1454 40/32/1454 42/34/1454
f 27/1022/1455 21/1024/1455 26/24/1455
f 21/1024/1456 28/25/1456 26/24/1456
f 44/1028/1457 20/1025/1457 42/34/1457
f 31/1029/1458 30/1030/1458 28/25/1458
f 21/1024/1459 31/1029/1459 28/25/1459
f 44/1028/1460 32/1031/1460 20/1025/1460
f 21/1024/1461 23/1023/1461 31/1029/1461
f 31/1029/1462 33/1032/1462 30/1030/1462
f 47/1033/1463 32/1031/1463 44/1028/1463
f 32/1031/1464 24/1026/1464 20/1025/1464
f 23/1023/1465 34/1034/1465 31/1029/1465
f 34/1034/1466 33/1032/1466 31/1029/1466
f 25/1027/1467 34/1034/1467 23/1023/1467
f 47/1033/1468 35/1035/1468 32/1031/1468
f 32/1031/1469 35/1035/1469 24/1026/1469
f 25/1027/1470 37/1036/1470 34/1034/1470
f 35/1035/1471 37/1036/1471 24/1026/1471
f 37/1036/1472 25/1027/1472 24/1026/1472
f 28/25/1473 41/37/1473 52/26/1473
f 30/1030/1474 41/37/1474 28/25/1474
f 30/1030/1475 43/1037/1475 41/37/1475
f 54/33/1476 44/1028/1476 42/34/1476
f 30/1030/1477 57/1038/1477 43/1037/1477
f 30/1030/1478 33/1032/1478 57/1038/1478
f 45/1039/1479 47/1033/1479 44/1028/1479
f 33/1032/1480 59/1040/1480 57/1038/1480
f 46/1041/1481 47/1033/1481 45/1039/1481
f 46/1041/1482 35/1035/1482 47/1033/1482
f 34/1034/1483 48/1042/1483 33/1032/1483
f 48/1042/1484 59/1040/1484 33/1032/1484
f 37/1036/1485 48/1042/1485 34/1034/1485
f 35/1035/1486 49/1043/1486 37/1036/1486
f 50/30/1487 9/9/1487 18/20/1487
f 83/1044/1488 10/11/1488 9/9/1488
f 43/1037/1489 53/39/1489 41/37/1489
f 43/1037/1490 67/47/1490 53/39/1490
f 56/1045/1491 44/1028/1491 54/33/1491
f 43/1037/1492 57/1038/1492 67/47/1492
f 44/1028/1493 56/1045/1493 45/1039/1493
f 59/1040/1494 58/1046/1494 57/1038/1494
f 60/1047/1495 46/1041/1495 45/1039/1495
f 59/1040/1496 62/1048/1496 58/1046/1496
f 61/1049/1497 35/1035/1497 46/1041/1497
f 48/1042/1498 62/1048/1498 59/1040/1498
f 63/1050/1499 49/1043/1499 35/1035/1499
f 49/1043/1500 48/1042/1500 37/1036/1500
f 87/1051/1501 54/33/1501 66/42/1501
f 87/1051/1502 56/1045/1502 54/33/1502
f 57/1038/1503 77/1052/1503 67/47/1503
f 78/1053/1504 56/1045/1504 87/1051/1504
f 58/1046/1505 77/1052/1505 57/1038/1505
f 78/1053/1506 45/1039/1506 56/1045/1506
f 58/1046/1507 68/1054/1507 77/1052/1507
f 78/1053/1508 71/1055/1508 45/1039/1508
f 71/1055/1509 60/1047/1509 45/1039/1509
f 72/1056/1510 68/1054/1510 58/1046/1510
f 62/1048/1511 72/1056/1511 58/1046/1511
f 73/1057/1512 61/1049/1512 46/1041/1512
f 73/1057/1513 46/1041/1513 60/1047/1513
f 61/1049/1514 63/1050/1514 35/1035/1514
f 49/1043/1515 62/1048/1515 48/1042/1515
f 83/1044/1516 19/19/1516 10/11/1516
f 67/47/1517 75/46/1517 53/39/1517
f 87/1051/1518 66/42/1518 76/49/1518
f 67/47/1519 77/1052/1519 85/48/1519
f 68/1054/1520 79/54/1520 77/1052/1520
f 72/1056/1521 81/1058/1521 68/1054/1521
f 71/1055/1522 73/1057/1522 60/1047/1522
f 82/1059/1523 81/1058/1523 72/1056/1523
f 62/1048/1524 82/1059/1524 72/1056/1524
f 83/1044/1525 9/9/1525 50/30/1525
f 77/1052/1526 95/53/1526 85/48/1526
f 79/54/1527 95/53/1527 77/1052/1527
f 87/1051/1528 89/1060/1528 78/1053/1528
f 68/1054/1529 96/55/1529 79/54/1529
f 98/1061/1530 78/1053/1530 89/1060/1530
f 81/1058/1531 96/55/1531 68/1054/1531
f 78/1053/1532 100/1062/1532 71/1055/1532
f 98/1061/1533 100/1062/1533 78/1053/1533
f 81/1058/1534 91/1063/1534 96/55/1534
f 100/1062/1535 73/1057/1535 71/1055/1535
f 73/1057/1536 101/1064/1536 61/1049/1536
f 49/1043/1537 92/1065/1537 62/1048/1537
f 92/1065/1538 82/1059/1538 62/1048/1538
f 85/48/1539 95/53/1539 106/58/1539
f 107/63/1540 87/1051/1540 76/49/1540
f 107/63/1541 89/1060/1541 87/1051/1541
f 96/55/1542 91/1063/1542 99/1066/1542
f 100/1062/1543 101/1064/1543 73/1057/1543
f 102/1067/1544 92/1065/1544 49/1043/1544
f 86/40/1545 83/1044/1545 50/30/1545
f 112/1068/1546 38/27/1546 19/19/1546
f 112/1068/1547 74/43/1547 38/27/1547
f 89/1060/1548 126/1069/1548 98/1061/1548
f 99/1066/1549 116/71/1549 96/55/1549
f 126/1069/1550 119/1070/1550 98/1061/1550
f 119/1070/1551 100/1062/1551 98/1061/1551
f 101/1064/1552 108/1071/1552 61/1049/1552
f 81/1058/1553 82/1059/1553 91/1063/1553
f 103/66/1554 121/70/1554 86/40/1554
f 121/70/1555 83/1044/1555 86/40/1555
f 112/1068/1556 19/19/1556 83/1044/1556
f 114/59/1557 107/63/1557 76/49/1557
f 106/58/1558 95/53/1558 113/68/1558
f 115/64/1559 89/1060/1559 107/63/1559
f 96/55/1560 116/71/1560 95/53/1560
f 99/1066/1561 118/73/1561 116/71/1561
f 61/1049/1562 108/1071/1562 63/1050/1562
f 63/1050/1563 102/1067/1563 49/1043/1563
f 82/1059/1564 120/1072/1564 91/1063/1564
f 91/1063/1565 120/1072/1565 99/1066/1565
f 97/56/1566 111/62/1566 80/45/1566
f 95/53/1567 123/72/1567 113/68/1567
f 115/64/1568 117/1073/1568 89/1060/1568
f 69/44/1569 124/65/1569 97/56/1569
f 117/1073/1570 126/1069/1570 89/1060/1570
f 127/1074/1571 119/1070/1571 126/1069/1571
f 123/72/1572 122/67/1572 113/68/1572
f 129/75/1573 115/64/1573 114/59/1573
f 123/72/1574 131/86/1574 130/82/1574
f 116/71/1575 131/86/1575 123/72/1575
f 118/73/1576 132/1075/1576 141/74/1576
f 133/1076/1577 127/1074/1577 126/1069/1577
f 92/1065/1578 134/1077/1578 82/1059/1578
f 134/1077/1579 120/1072/1579 82/1059/1579
f 120/1072/1580 118/73/1580 99/1066/1580
f 120/1072/1581 132/1075/1581 118/73/1581
f 74/43/1582 136/98/1582 104/77/1582
f 129/75/1583 148/96/1583 115/64/1583
f 117/1073/1584 133/1076/1584 126/1069/1584
f 119/1070/1585 101/1064/1585 100/1062/1585
f 83/1044/1586 236/1078/1586 112/1068/1586
f 137/84/1587 135/78/1587 128/80/1587
f 122/67/1588 130/82/1588 146/94/1588
f 130/82/1589 147/1079/1589 146/94/1589
f 148/96/1590 149/1080/1590 115/64/1590
f 115/64/1591 149/1080/1591 117/1073/1591
f 149/1080/1592 133/1076/1592 117/1073/1592
f 132/1075/1593 151/1081/1593 141/74/1593
f 150/1082/1594 127/1074/1594 133/1076/1594
f 153/1083/1595 151/1081/1595 132/1075/1595
f 108/1071/1596 102/1067/1596 63/1050/1596
f 120/1072/1597 153/1083/1597 132/1075/1597
f 124/65/1598 111/62/1598 97/56/1598
f 112/1068/1599 136/98/1599 74/43/1599
f 156/1084/1600 137/84/1600 145/89/1600
f 137/84/1601 156/1084/1601 135/78/1601
f 159/1085/1602 160/1086/1602 157/119/1602
f 185/1087/1603 160/1086/1603 159/1085/1603
f 164/103/1604 147/1079/1604 130/82/1604
f 160/1086/1605 163/1088/1605 157/119/1605
f 148/96/1606 186/1089/1606 149/1080/1606
f 131/86/1607 164/103/1607 130/82/1607
f 185/1087/1608 165/1090/1608 160/1086/1608
f 165/1090/1609 166/1091/1609 160/1086/1609
f 166/1091/1610 163/1088/1610 160/1086/1610
f 141/74/1611 167/1092/1611 164/103/1611
f 170/1093/1612 166/1091/1612 165/1090/1612
f 141/74/1613 151/1081/1613 167/1092/1613
f 170/1093/1614 172/1094/1614 166/1091/1614
f 149/1080/1615 150/1082/1615 133/1076/1615
f 108/1071/1616 101/1064/1616 119/1070/1616
f 176/1095/1617 83/1044/1617 121/70/1617
f 138/81/1618 135/78/1618 156/1084/1618
f 198/118/1619 159/1085/1619 157/119/1619
f 198/118/1620 185/1087/1620 159/1085/1620
f 203/1096/1621 185/1087/1621 198/118/1621
f 163/1088/1622 182/122/1622 157/119/1622
f 164/103/1623 202/1097/1623 147/1079/1623
f 163/1088/1624 187/1098/1624 182/122/1624
f 186/1089/1625 189/1099/1625 149/1080/1625
f 203/1096/1626 206/1100/1626 185/1087/1626
f 206/1100/1627 165/1090/1627 185/1087/1627
f 166/1091/1628 187/1098/1628 163/1088/1628
f 206/1100/1629 170/1093/1629 165/1090/1629
f 189/1099/1630 211/1101/1630 149/1080/1630
f 212/1102/1631 170/1093/1631 206/1100/1631
f 166/1091/1632 195/1103/1632 187/1098/1632
f 212/1102/1633 172/1094/1633 170/1093/1633
f 212/1102/1634 195/1103/1634 172/1094/1634
f 172/1094/1635 195/1103/1635 166/1091/1635
f 193/1104/1636 102/1067/1636 108/1071/1636
f 134/1077/1637 153/1083/1637 120/1072/1637
f 112/1068/1638 154/99/1638 136/98/1638
f 155/90/1639 156/1084/1639 145/89/1639
f 138/81/1640 196/128/1640 178/113/1640
f 146/94/1641 147/1079/1641 197/125/1641
f 147/1079/1642 202/1097/1642 197/125/1642
f 182/122/1643 221/1105/1643 201/127/1643
f 183/97/1644 223/1106/1644 148/96/1644
f 225/1107/1645 203/1096/1645 218/126/1645
f 218/126/1646 203/1096/1646 198/118/1646
f 223/1106/1647 186/1089/1647 148/96/1647
f 204/1108/1648 203/1096/1648 225/1107/1648
f 187/1098/1649 205/141/1649 182/122/1649
f 204/1108/1650 206/1100/1650 203/1096/1650
f 167/1092/1651 207/1109/1651 164/103/1651
f 228/1110/1652 206/1100/1652 204/1108/1652
f 187/1098/1653 209/1111/1653 205/141/1653
f 228/1110/1654 210/1112/1654 206/1100/1654
f 210/1112/1655 212/1102/1655 206/1100/1655
f 195/1103/1656 213/1113/1656 187/1098/1656
f 187/1098/1657 213/1113/1657 209/1111/1657
f 211/1101/1658 150/1082/1658 149/1080/1658
f 151/1081/1659 207/1109/1659 167/1092/1659
f 150/1082/1660 278/1114/1660 127/1074/1660
f 102/1067/1661 193/1104/1661 92/1065/1661
f 193/1104/1662 194/1115/1662 92/1065/1662
f 214/1116/1663 195/1103/1663 212/1102/1663
f 202/1097/1664 237/146/1664 197/125/1664
f 238/148/1665 225/1107/1665 218/126/1665
f 219/130/1666 223/1106/1666 183/97/1666
f 202/1097/1667 220/1117/1667 237/146/1667
f 224/1118/1668 225/1107/1668 238/148/1668
f 224/1118/1669 204/1108/1669 225/1107/1669
f 202/1097/1670 245/1119/1670 220/1117/1670
f 246/1120/1671 204/1108/1671 224/1118/1671
f 164/103/1672 245/1119/1672 202/1097/1672
f 182/122/1673 205/141/1673 221/1105/1673
f 249/1121/1674 204/1108/1674 246/1120/1674
f 204/1108/1675 249/1121/1675 228/1110/1675
f 209/1111/1676 226/1122/1676 205/141/1676
f 164/103/1677 248/1123/1677 245/1119/1677
f 207/1109/1678 248/1123/1678 164/103/1678
f 249/1121/1679 229/1124/1679 228/1110/1679
f 207/1109/1680 230/1125/1680 248/1123/1680
f 231/1126/1681 228/1110/1681 229/1124/1681
f 209/1111/1682 213/1113/1682 226/1122/1682
f 207/1109/1683 233/1127/1683 230/1125/1683
f 231/1126/1684 210/1112/1684 228/1110/1684
f 251/1128/1685 278/1114/1685 150/1082/1685
f 127/1074/1686 327/1129/1686 119/1070/1686
f 119/1070/1687 327/1129/1687 108/1071/1687
f 327/1129/1688 232/1130/1688 108/1071/1688
f 232/1130/1689 193/1104/1689 108/1071/1689
f 194/1115/1690 134/1077/1690 92/1065/1690
f 153/1083/1691 207/1109/1691 151/1081/1691
f 214/1116/1692 213/1113/1692 195/1103/1692
f 215/151/1693 121/70/1693 144/102/1693
f 235/1131/1694 176/1095/1694 121/70/1694
f 176/1095/1695 236/1078/1695 83/1044/1695
f 156/1084/1696 196/128/1696 138/81/1696
f 221/1105/1697 240/138/1697 201/127/1697
f 220/1117/1698 242/1132/1698 237/146/1698
f 242/1132/1699 224/1118/1699 238/148/1699
f 219/130/1700 186/1089/1700 223/1106/1700
f 220/1117/1701 243/1133/1701 242/1132/1701
f 245/1119/1702 243/1133/1702 220/1117/1702
f 243/1133/1703 246/1120/1703 242/1132/1703
f 246/1120/1704 224/1118/1704 242/1132/1704
f 248/1123/1705 243/1133/1705 245/1119/1705
f 247/1134/1706 249/1121/1706 243/1133/1706
f 249/1121/1707 246/1120/1707 243/1133/1707
f 205/141/1708 244/140/1708 221/1105/1708
f 248/1123/1709 247/1134/1709 243/1133/1709
f 230/1125/1710 247/1134/1710 248/1123/1710
f 247/1134/1711 229/1124/1711 249/1121/1711
f 189/1099/1712 251/1128/1712 211/1101/1712
f 252/1135/1713 231/1126/1713 229/1124/1713
f 213/1113/1714 253/1136/1714 226/1122/1714
f 251/1128/1715 150/1082/1715 211/1101/1715
f 252/1135/1716 255/1137/1716 231/1126/1716
f 153/1083/1717 254/1138/1717 207/1109/1717
f 254/1138/1718 233/1127/1718 207/1109/1718
f 231/1126/1719 255/1137/1719 210/1112/1719
f 210/1112/1720 255/1137/1720 212/1102/1720
f 236/1078/1721 257/186/1721 112/1068/1721
f 237/146/1722 242/1132/1722 259/147/1722
f 242/1132/1723 238/148/1723 259/147/1723
f 221/1105/1724 260/163/1724 240/138/1724
f 219/130/1725 261/159/1725 186/1089/1725
f 226/1122/1726 263/142/1726 205/141/1726
f 247/1134/1727 252/1135/1727 229/1124/1727
f 253/1136/1728 264/155/1728 226/1122/1728
f 233/1127/1729 247/1134/1729 230/1125/1729
f 233/1127/1730 252/1135/1730 247/1134/1730
f 278/1114/1731 327/1129/1731 127/1074/1731
f 134/1077/1732 254/1138/1732 153/1083/1732
f 272/1139/1733 255/1137/1733 252/1135/1733
f 214/1116/1734 253/1136/1734 213/1113/1734
f 305/1140/1735 155/90/1735 177/111/1735
f 260/163/1736 269/153/1736 240/138/1736
f 265/1141/1737 262/139/1737 196/128/1737
f 261/159/1738 270/161/1738 186/1089/1738
f 221/1105/1739 244/140/1739 260/163/1739
f 270/161/1740 271/1142/1740 186/1089/1740
f 186/1089/1741 271/1142/1741 189/1099/1741
f 262/139/1742 234/145/1742 227/131/1742
f 226/1122/1743 264/155/1743 263/142/1743
f 271/1142/1744 251/1128/1744 189/1099/1744
f 254/1138/1745 272/1139/1745 233/1127/1745
f 272/1139/1746 252/1135/1746 233/1127/1746
f 212/1102/1747 281/1143/1747 214/1116/1747
f 214/1116/1748 273/1144/1748 253/1136/1748
f 273/1144/1749 264/155/1749 253/1136/1749
f 234/145/1750 208/116/1750 227/131/1750
f 154/99/1751 305/1140/1751 177/111/1751
f 305/1140/1752 156/1084/1752 155/90/1752
f 244/140/1753 263/142/1753 260/163/1753
f 270/161/1754 277/1145/1754 271/1142/1754
f 278/1114/1755 251/1128/1755 271/1142/1755
f 280/1146/1756 327/1129/1756 278/1114/1756
f 255/1137/1757 281/1143/1757 212/1102/1757
f 281/1143/1758 273/1144/1758 214/1116/1758
f 304/165/1759 121/70/1759 215/151/1759
f 176/1095/1760 284/183/1760 236/1078/1760
f 296/173/1761 277/1145/1761 270/161/1761
f 289/1147/1762 193/1104/1762 232/1130/1762
f 304/165/1763 235/1131/1763 121/70/1763
f 283/182/1764 284/183/1764 176/1095/1764
f 290/1148/1765 262/139/1765 265/1141/1765
f 290/1148/1766 297/1149/1766 262/139/1766
f 296/173/1767 298/1150/1767 277/1145/1767
f 297/1149/1768 299/193/1768 262/139/1768
f 298/1150/1769 300/1151/1769 277/1145/1769
f 277/1145/1770 300/1151/1770 271/1142/1770
f 262/139/1771 299/193/1771 234/145/1771
f 300/1151/1772 278/1114/1772 271/1142/1772
f 327/1129/1773 289/1147/1773 232/1130/1773
f 273/1144/1774 301/1152/1774 264/155/1774
f 301/1152/1775 279/156/1775 264/155/1775
f 316/1153/1776 112/1068/1776 257/186/1776
f 156/1084/1777 265/1141/1777 196/128/1777
f 323/1154/1778 298/1150/1778 296/173/1778
f 314/184/1779 257/186/1779 236/1078/1779
f 317/1155/1780 156/1084/1780 305/1140/1780
f 286/160/1781 375/221/1781 296/173/1781
f 290/1148/1782 322/1156/1782 297/1149/1782
f 322/1156/1783 299/193/1783 297/1149/1783
f 300/1151/1784 343/1157/1784 278/1114/1784
f 326/1158/1785 280/1146/1785 278/1114/1785
f 345/1159/1786 272/1139/1786 254/1138/1786
f 255/1137/1787 329/1160/1787 281/1143/1787
f 301/1152/1788 310/175/1788 279/156/1788
f 311/178/1789 331/1161/1789 312/179/1789
f 313/181/1790 311/178/1790 303/180/1790
f 331/1161/1791 284/183/1791 312/179/1791
f 284/183/1792 314/184/1792 236/1078/1792
f 154/99/1793 348/1162/1793 305/1140/1793
f 156/1084/1794 333/1163/1794 265/1141/1794
f 265/1141/1795 334/1164/1795 290/1148/1795
f 339/198/1796 324/197/1796 325/200/1796
f 322/1156/1797 357/256/1797 299/193/1797
f 193/1104/1798 328/1165/1798 194/1115/1798
f 328/1165/1799 134/1077/1799 194/1115/1799
f 134/1077/1800 345/1159/1800 254/1138/1800
f 272/1139/1801 329/1160/1801 255/1137/1801
f 301/1152/1802 346/202/1802 310/175/1802
f 370/1166/1803 284/183/1803 331/1161/1803
f 332/1167/1804 314/184/1804 284/183/1804
f 316/1153/1805 348/1162/1805 112/1068/1805
f 348/1162/1806 154/99/1806 112/1068/1806
f 373/1168/1807 316/1153/1807 257/186/1807
f 334/1164/1808 322/1156/1808 290/1148/1808
f 375/221/1809 365/1169/1809 296/173/1809
f 365/1169/1810 323/1154/1810 296/173/1810
f 335/206/1811 355/210/1811 336/209/1811
f 337/195/1812 353/214/1812 338/196/1812
f 338/196/1813 340/199/1813 324/197/1813
f 298/1150/1814 358/1170/1814 300/1151/1814
f 358/1170/1815 342/1171/1815 300/1151/1815
f 342/1171/1816 343/1157/1816 300/1151/1816
f 360/1172/1817 278/1114/1817 343/1157/1817
f 361/1173/1818 331/1161/1818 311/178/1818
f 313/181/1819 361/1173/1819 311/178/1819
f 370/1166/1820 332/1167/1820 284/183/1820
f 332/1167/1821 315/185/1821 314/184/1821
f 372/1174/1822 257/186/1822 315/185/1822
f 348/1162/1823 409/1175/1823 305/1140/1823
f 317/1155/1824 333/1163/1824 156/1084/1824
f 333/1163/1825 334/1164/1825 265/1141/1825
f 351/205/1826 366/1176/1826 352/207/1826
f 352/207/1827 355/210/1827 335/206/1827
f 365/1169/1828 358/1170/1828 323/1154/1828
f 323/1154/1829 358/1170/1829 298/1150/1829
f 360/1172/1830 326/1158/1830 278/1114/1830
f 372/1174/1831 315/185/1831 332/1167/1831
f 347/1177/1832 283/182/1832 176/1095/1832
f 372/1174/1833 373/1168/1833 257/186/1833
f 375/221/1834 384/230/1834 365/1169/1834
f 366/1176/1835 378/1178/1835 352/207/1835
f 352/207/1836 379/277/1836 355/210/1836
f 289/1147/1837 344/1179/1837 193/1104/1837
f 193/1104/1838 380/1180/1838 328/1165/1838
f 329/1160/1839 405/1181/1839 281/1143/1839
f 405/1181/1840 273/1144/1840 281/1143/1840
f 273/1144/1841 405/1181/1841 301/1152/1841
f 361/1173/1842 370/1166/1842 331/1161/1842
f 374/1182/1843 322/1156/1843 334/1164/1843
f 385/1183/1844 366/1176/1844 351/205/1844
f 378/1178/1845 379/277/1845 352/207/1845
f 338/196/1846 389/1184/1846 340/199/1846
f 405/1181/1847 346/202/1847 301/1152/1847
f 391/235/1848 361/1173/1848 313/181/1848
f 384/230/1849 416/275/1849 365/1169/1849
f 396/246/1850 385/1183/1850 351/205/1850
f 396/246/1851 351/205/1851 350/204/1851
f 385/1183/1852 378/1178/1852 366/1176/1852
f 379/277/1853 397/238/1853 355/210/1853
f 419/1185/1854 389/1184/1854 338/196/1854
f 419/1185/1855 338/196/1855 353/214/1855
f 438/247/1856 387/233/1856 369/217/1856
f 389/1184/1857 439/224/1857 340/199/1857
f 374/1182/1858 381/1186/1858 322/1156/1858
f 381/1186/1859 357/256/1859 322/1156/1859
f 403/1187/1860 343/1157/1860 342/1171/1860
f 464/1188/1861 404/1189/1861 134/1077/1861
f 345/1159/1862 426/1190/1862 272/1139/1862
f 406/1191/1863 407/1192/1863 361/1173/1863
f 361/1173/1864 407/1192/1864 370/1166/1864
f 370/1166/1865 466/369/1865 332/1167/1865
f 408/1193/1866 372/1174/1866 332/1167/1866
f 416/275/1867 417/1194/1867 365/1169/1867
f 378/1178/1868 437/278/1868 379/277/1868
f 417/1194/1869 420/1195/1869 358/1170/1869
f 417/1194/1870 358/1170/1870 365/1169/1870
f 418/331/1871 419/1185/1871 353/214/1871
f 418/331/1872 353/214/1872 367/215/1872
f 459/265/1873 367/215/1873 387/233/1873
f 358/1170/1874 420/1195/1874 342/1171/1874
f 403/1187/1875 360/1172/1875 343/1157/1875
f 280/1146/1876 424/1196/1876 327/1129/1876
f 193/1104/1877 344/1179/1877 380/1180/1877
f 404/1189/1878 345/1159/1878 134/1077/1878
f 272/1139/1879 426/1190/1879 329/1160/1879
f 304/165/1880 429/1197/1880 235/1131/1880
f 347/1177/1881 382/226/1881 283/182/1881
f 541/1198/1882 316/1153/1882 373/1168/1882
f 431/1199/1883 305/1140/1883 409/1175/1883
f 413/243/1884 416/275/1884 384/230/1884
f 436/274/1885 417/1194/1885 416/275/1885
f 436/274/1886 420/1195/1886 417/1194/1886
f 475/1200/1887 418/331/1887 367/215/1887
f 459/265/1888 475/1200/1888 367/215/1888
f 440/249/1889 441/267/1889 401/250/1889
f 444/1201/1890 420/1195/1890 436/274/1890
f 443/268/1891 422/253/1891 401/250/1891
f 420/1195/1892 448/1202/1892 342/1171/1892
f 444/1201/1893 448/1202/1893 420/1195/1893
f 448/1202/1894 403/1187/1894 342/1171/1894
f 326/1158/1895 424/1196/1895 280/1146/1895
f 328/1165/1896 464/1188/1896 134/1077/1896
f 405/1181/1897 427/1203/1897 346/202/1897
f 381/1186/1898 496/257/1898 357/256/1898
f 466/369/1899 408/1193/1899 332/1167/1899
f 392/236/1900 429/1197/1900 304/165/1900
f 498/1204/1901 334/1164/1901 333/1163/1901
f 498/1204/1902 374/1182/1902 334/1164/1902
f 316/1153/1903 820/1205/1903 348/1162/1903
f 431/1199/1904 409/1175/1904 430/1206/1904
f 455/309/1905 378/1178/1905 385/1183/1905
f 454/1207/1906 456/1208/1906 436/274/1906
f 389/1184/1907 530/332/1907 439/224/1907
f 476/287/1908 460/299/1908 440/249/1908
f 460/299/1909 461/1209/1909 440/249/1909
f 440/249/1910 461/1209/1910 441/267/1910
f 461/1209/1911 443/268/1911 441/267/1911
f 436/274/1912 456/1208/1912 444/1201/1912
f 443/268/1913 463/1210/1913 422/253/1913
f 425/1211/1914 464/1188/1914 328/1165/1914
f 427/1203/1915 359/212/1915 346/202/1915
f 372/1174/1916 541/1198/1916 373/1168/1916
f 467/301/1917 430/1206/1917 409/1175/1917
f 431/1199/1918 468/1212/1918 305/1140/1918
f 468/1212/1919 317/1155/1919 305/1140/1919
f 470/284/1920 451/272/1920 431/1199/1920
f 470/284/1921 431/1199/1921 430/1206/1921
f 451/272/1922 487/302/1922 468/1212/1922
f 451/272/1923 468/1212/1923 431/1199/1923
f 451/272/1924 415/245/1924 487/302/1924
f 471/307/1925 385/1183/1925 396/246/1925
f 471/307/1926 455/309/1926 385/1183/1926
f 455/309/1927 437/278/1927 378/1178/1927
f 472/315/1928 473/285/1928 437/278/1928
f 419/1185/1929 530/332/1929 389/1184/1929
f 530/332/1930 492/266/1930 439/224/1930
f 463/1210/1931 481/1213/1931 422/253/1931
f 481/1213/1932 447/270/1932 422/253/1932
f 424/1196/1933 289/1147/1933 327/1129/1933
f 427/1203/1934 423/255/1934 359/212/1934
f 407/1192/1935 696/370/1935 370/1166/1935
f 779/290/1936 391/235/1936 428/258/1936
f 696/370/1937 466/369/1937 370/1166/1937
f 408/1193/1938 497/1214/1938 372/1174/1938
f 497/1214/1939 541/1198/1939 372/1174/1939
f 820/1205/1940 409/1175/1940 348/1162/1940
f 486/1215/1941 467/301/1941 409/1175/1941
f 467/301/1942 470/284/1942 430/1206/1942
f 435/263/1943 470/284/1943 467/301/1943
f 455/309/1944 472/315/1944 437/278/1944
f 530/332/1945 419/1185/1945 418/331/1945
f 506/297/1946 475/1200/1946 459/265/1946
f 461/1209/1947 513/338/1947 463/1210/1947
f 461/1209/1948 463/1210/1948 443/268/1948
f 513/338/1949 481/1213/1949 463/1210/1949
f 481/1213/1950 515/323/1950 447/270/1950
f 482/1216/1951 344/1179/1951 289/1147/1951
f 380/1180/1952 425/1211/1952 328/1165/1952
f 519/472/1953 333/1163/1953 317/1155/1953
f 487/302/1954 500/303/1954 468/1212/1954
f 500/303/1955 499/347/1955 468/1212/1955
f 499/347/1956 317/1155/1956 468/1212/1956
f 415/245/1957 453/273/1957 500/303/1957
f 472/315/1958 505/314/1958 473/285/1958
f 506/297/1959 418/331/1959 475/1200/1959
f 490/298/1960 511/363/1960 460/299/1960
f 511/363/1961 461/1209/1961 460/299/1961
f 511/363/1962 494/362/1962 461/1209/1962
f 462/281/1963 495/320/1963 493/280/1963
f 512/340/1964 481/1213/1964 513/338/1964
f 481/1213/1965 583/366/1965 515/323/1965
f 480/282/1966 515/323/1966 514/321/1966
f 557/415/1967 496/257/1967 381/1186/1967
f 424/1196/1968 585/1217/1968 289/1147/1968
f 427/1203/1969 517/341/1969 423/255/1969
f 391/235/1970 406/1191/1970 361/1173/1970
f 518/346/1971 497/1214/1971 408/1193/1971
f 499/347/1972 520/399/1972 317/1155/1972
f 469/283/1973 467/301/1973 486/1215/1973
f 500/303/1974 453/273/1974 499/347/1974
f 547/306/1975 524/327/1975 455/309/1975
f 507/318/1976 508/333/1976 490/298/1976
f 555/360/1977 532/316/1977 509/319/1977
f 534/337/1978 492/266/1978 530/332/1978
f 508/333/1979 511/363/1979 490/298/1979
f 494/362/1980 535/339/1980 461/1209/1980
f 374/1182/1981 557/415/1981 381/1186/1981
f 461/1209/1982 535/339/1982 513/338/1982
f 585/1217/1983 482/1216/1983 289/1147/1983
f 404/1189/1984 483/1218/1984 345/1159/1984
f 518/346/1985 559/345/1985 497/1214/1985
f 559/345/1986 541/1198/1986 497/1214/1986
f 347/1177/1987 485/292/1987 382/226/1987
f 408/1193/1988 466/369/1988 518/346/1988
f 542/1219/1989 176/1095/1989 235/1131/1989
f 563/1220/1990 486/1215/1990 409/1175/1990
f 520/399/1991 519/472/1991 317/1155/1991
f 499/347/1992 543/348/1992 520/399/1992
f 549/357/1993 454/1207/1993 436/274/1993
f 550/405/1994 374/1182/1994 498/1204/1994
f 524/327/1995 551/355/1995 525/329/1995
f 527/313/1996 553/410/1996 503/311/1996
f 528/330/1997 529/334/1997 504/312/1997
f 605/1221/1998 456/1208/1998 454/1207/1998
f 529/334/1999 511/363/1999 508/333/1999
f 535/339/2000 583/366/2000 481/1213/2000
f 535/339/2001 481/1213/2001 512/340/2001
f 329/1160/2002 536/1222/2002 405/1181/2002
f 561/455/2003 518/346/2003 466/369/2003
f 333/1163/2004 562/389/2004 498/1204/2004
f 176/1095/2005 542/1219/2005 347/1177/2005
f 486/1215/2006 564/373/2006 469/283/2006
f 566/372/2007 567/353/2007 547/306/2007
f 562/389/2008 550/405/2008 498/1204/2008
f 567/353/2009 568/429/2009 524/327/2009
f 568/429/2010 569/354/2010 524/327/2010
f 551/355/2011 573/1223/2011 525/329/2011
f 573/1223/2012 575/1224/2012 527/313/2012
f 573/1223/2013 527/313/2013 525/329/2013
f 575/1224/2014 553/410/2014 527/313/2014
f 503/311/2015 576/1225/2015 528/330/2015
f 528/330/2016 577/444/2016 529/334/2016
f 577/444/2017 613/1226/2017 529/334/2017
f 550/405/2018 557/415/2018 374/1182/2018
f 494/362/2019 581/382/2019 535/339/2019
f 514/321/2020 582/386/2020 580/385/2020
f 582/386/2021 583/366/2021 535/339/2021
f 456/1208/2022 584/1227/2022 444/1201/2022
f 584/1227/2023 448/1202/2023 444/1201/2023
f 588/532/2024 561/455/2024 559/345/2024
f 559/345/2025 561/455/2025 541/1198/2025
f 519/472/2026 592/390/2026 333/1163/2026
f 333/1163/2027 592/390/2027 562/389/2027
f 563/1220/2028 564/373/2028 486/1215/2028
f 594/473/2029 519/472/2029 520/399/2029
f 597/400/2030 594/473/2030 520/399/2030
f 568/429/2031 602/431/2031 569/354/2031
f 604/407/2032 548/356/2032 570/375/2032
f 549/357/2033 605/1221/2033 454/1207/2033
f 604/407/2034 573/1223/2034 551/355/2034
f 573/1223/2035 652/1228/2035 575/1224/2035
f 610/411/2036 576/1225/2036 503/311/2036
f 656/1229/2037 612/442/2037 553/410/2037
f 656/1229/2038 553/410/2038 575/1224/2038
f 576/1225/2039 577/444/2039 528/330/2039
f 577/444/2040 576/1225/2040 611/445/2040
f 613/1226/2041 554/361/2041 529/334/2041
f 615/364/2042 663/448/2042 556/365/2042
f 582/386/2043 581/382/2043 620/416/2043
f 605/1221/2044 776/1230/2044 456/1208/2044
f 776/1230/2045 584/1227/2045 456/1208/2045
f 360/1172/2046 668/1231/2046 326/1158/2046
f 380/1180/2047 669/1232/2047 425/1211/2047
f 623/1233/2048 517/341/2048 427/1203/2048
f 557/415/2049 624/418/2049 496/257/2049
f 633/1234/2050 587/393/2050 590/391/2050
f 560/371/2051 634/1235/2051 466/369/2051
f 235/1131/2052 429/1197/2052 542/1219/2052
f 409/1175/2053 637/1236/2053 563/1220/2053
f 636/427/2054 566/372/2054 596/398/2054
f 563/1220/2055 522/326/2055 564/373/2055
f 546/351/2056 572/374/2056 642/457/2056
f 566/372/2057 643/1237/2057 567/353/2057
f 644/430/2058 602/431/2058 568/429/2058
f 645/432/2059 570/375/2059 569/354/2059
f 650/1238/2060 645/432/2060 602/431/2060
f 570/375/2061 645/432/2061 604/407/2061
f 645/432/2062 650/1238/2062 604/407/2062
f 604/407/2063 652/1228/2063 573/1223/2063
f 650/1238/2064 652/1228/2064 604/407/2064
f 610/411/2065 611/445/2065 576/1225/2065
f 656/1229/2066 575/1224/2066 652/1228/2066
f 612/442/2067 611/445/2067 610/411/2067
f 612/442/2068 613/1226/2068 577/444/2068
f 618/383/2069 663/448/2069 660/466/2069
f 618/383/2070 660/466/2070 659/446/2070
f 660/466/2071 663/448/2071 615/364/2071
f 668/1231/2072 424/1196/2072 326/1158/2072
f 668/1231/2073 585/1217/2073 424/1196/2073
f 406/1191/2074 839/1239/2074 407/1192/2074
f 540/344/2075 797/531/2075 538/342/2075
f 539/343/2076 672/1240/2076 559/345/2076
f 672/1240/2077 588/532/2077 559/345/2077
f 633/1234/2078 673/1241/2078 587/393/2078
f 587/393/2079 673/1241/2079 628/420/2079
f 630/422/2080 632/425/2080 631/423/2080
f 561/455/2081 588/532/2081 675/454/2081
f 680/1242/2082 697/1243/2082 592/390/2082
f 697/1243/2083 589/388/2083 592/390/2083
f 676/459/2084 392/236/2084 449/358/2084
f 542/1219/2085 485/292/2085 347/1177/2085
f 677/1244/2086 634/1235/2086 560/371/2086
f 634/1235/2087 678/1245/2087 466/369/2087
f 678/1245/2088 561/455/2088 466/369/2088
f 679/471/2089 680/1242/2089 592/390/2089
f 679/471/2090 592/390/2090 519/472/2090
f 541/1198/2091 681/1246/2091 316/1153/2091
f 681/1246/2092 820/1205/2092 316/1153/2092
f 563/1220/2093 641/428/2093 522/326/2093
f 699/1247/2094 643/1237/2094 566/372/2094
f 647/436/2095 684/1248/2095 642/457/2095
f 643/1237/2096 644/430/2096 567/353/2096
f 643/1237/2097 686/1249/2097 644/430/2097
f 644/430/2098 650/1238/2098 602/431/2098
f 686/1249/2099 650/1238/2099 644/430/2099
f 647/436/2100 687/464/2100 684/1248/2100
f 656/1229/2101 613/1226/2101 612/442/2101
f 613/1226/2102 661/1250/2102 554/361/2102
f 579/381/2103 691/467/2103 687/464/2103
f 657/443/2104 692/465/2104 664/447/2104
f 692/465/2105 738/1251/2105 664/447/2105
f 426/1190/2106 536/1222/2106 329/1160/2106
f 624/418/2107 714/482/2107 496/257/2107
f 391/235/2108 694/1252/2108 406/1191/2108
f 742/469/2109 797/531/2109 540/344/2109
f 696/370/2110 677/1244/2110 560/371/2110
f 697/1243/2111 590/391/2111 589/388/2111
f 561/455/2112 681/1246/2112 541/1198/2112
f 698/1253/2113 636/427/2113 635/426/2113
f 637/1236/2114 409/1175/2114 820/1205/2114
f 636/427/2115 699/1247/2115 566/372/2115
f 753/514/2116 641/428/2116 563/1220/2116
f 684/1248/2117 729/502/2117 642/457/2117
f 699/1247/2118 686/1249/2118 643/1237/2118
f 684/1248/2119 703/504/2119 729/502/2119
f 687/464/2120 707/1254/2120 684/1248/2120
f 707/1254/2121 703/504/2121 684/1248/2121
f 687/464/2122 708/543/2122 707/1254/2122
f 687/464/2123 709/481/2123 708/543/2123
f 661/1250/2124 616/413/2124 554/361/2124
f 710/1255/2125 666/450/2125 616/413/2125
f 664/447/2126 711/1256/2126 667/452/2126
f 712/1257/2127 360/1172/2127 403/1187/2127
f 483/1218/2128 426/1190/2128 345/1159/2128
f 405/1181/2129 623/1233/2129 427/1203/2129
f 715/483/2130 672/1240/2130 539/343/2130
f 743/1258/2131 630/422/2131 629/421/2131
f 630/422/2132 716/1259/2132 632/425/2132
f 716/1259/2133 674/1260/2133 632/425/2133
f 676/459/2134 429/1197/2134 392/236/2134
f 542/1219/2135 695/470/2135 485/292/2135
f 717/534/2136 698/1253/2136 635/426/2136
f 721/1261/2137 722/1262/2137 718/491/2137
f 718/491/2138 722/1262/2138 719/492/2138
f 719/492/2139 722/1262/2139 720/496/2139
f 722/1262/2140 723/498/2140 720/496/2140
f 698/1253/2141 699/1247/2141 636/427/2141
f 721/1261/2142 726/1263/2142 722/1262/2142
f 726/1263/2143 727/1264/2143 722/1262/2143
f 727/1264/2144 728/1265/2144 722/1262/2144
f 722/1262/2145 728/1265/2145 723/498/2145
f 642/457/2146 729/502/2146 725/500/2146
f 721/1261/2147 731/1266/2147 726/1263/2147
f 731/1266/2148 732/1267/2148 726/1263/2148
f 726/1263/2149 732/1267/2149 727/1264/2149
f 732/1267/2150 733/501/2150 727/1264/2150
f 727/1264/2151 733/501/2151 728/1265/2151
f 728/1265/2152 733/501/2152 723/498/2152
f 729/502/2153 703/504/2153 730/503/2153
f 686/1249/2154 735/1268/2154 650/1238/2154
f 650/1238/2155 735/1268/2155 652/1228/2155
f 652/1228/2156 735/1268/2156 656/1229/2156
f 482/1216/2157 380/1180/2157 344/1179/2157
f 901/1269/2158 536/1222/2158 426/1190/2158
f 536/1222/2159 693/1270/2159 405/1181/2159
f 693/1270/2160 623/1233/2160 405/1181/2160
f 694/1252/2161 839/1239/2161 406/1191/2161
f 779/290/2162 694/1252/2162 391/235/2162
f 743/1258/2163 716/1259/2163 630/422/2163
f 674/1260/2164 635/426/2164 632/425/2164
f 637/1236/2165 744/1271/2165 563/1220/2165
f 718/491/2166 749/1272/2166 721/1261/2166
f 744/1271/2167 753/514/2167 563/1220/2167
f 749/1272/2168 731/1266/2168 721/1261/2168
f 646/433/2169 549/357/2169 413/243/2169
f 731/1266/2170 754/1273/2170 732/1267/2170
f 754/1273/2171 755/1274/2171 732/1267/2171
f 755/1274/2172 756/1275/2172 732/1267/2172
f 732/1267/2173 756/1275/2173 733/501/2173
f 756/1275/2174 757/1276/2174 733/501/2174
f 699/1247/2175 770/1277/2175 686/1249/2175
f 708/543/2176 703/504/2176 707/1254/2176
f 654/440/2177 761/554/2177 658/441/2177
f 735/1268/2178 613/1226/2178 656/1229/2178
f 658/441/2179 738/1251/2179 692/465/2179
f 661/1250/2180 762/1278/2180 616/413/2180
f 710/1255/2181 763/510/2181 666/450/2181
f 448/1202/2182 712/1257/2182 403/1187/2182
f 712/1257/2183 668/1231/2183 360/1172/2183
f 713/1279/2184 482/1216/2184 585/1217/2184
f 623/1233/2185 778/468/2185 517/341/2185
f 716/1259/2186 766/1280/2186 674/1260/2186
f 697/1243/2187 633/1234/2187 590/391/2187
f 594/473/2188 767/660/2188 679/471/2188
f 749/1272/2189 772/1281/2189 731/1266/2189
f 698/1253/2190 770/1277/2190 699/1247/2190
f 731/1266/2191 772/1281/2191 754/1273/2191
f 755/1274/2192 773/1282/2192 756/1275/2192
f 770/1277/2193 735/1268/2193 686/1249/2193
f 775/1283/2194 776/1230/2194 605/1221/2194
f 708/543/2195 760/506/2195 703/504/2195
f 761/554/2196 738/1251/2196 658/441/2196
f 762/1278/2197 710/1255/2197 616/413/2197
f 836/1284/2198 664/447/2198 738/1251/2198
f 743/1258/2199 629/421/2199 628/420/2199
f 803/524/2200 767/660/2200 594/473/2200
f 772/1281/2201 829/1285/2201 754/1273/2201
f 754/1273/2202 829/1285/2202 755/1274/2202
f 756/1275/2203 786/1286/2203 757/1276/2203
f 757/1276/2204 878/526/2204 733/501/2204
f 613/1226/2205 735/1268/2205 661/1250/2205
f 836/1284/2206 793/1287/2206 664/447/2206
f 793/1287/2207 711/1256/2207 664/447/2207
f 795/558/2208 714/482/2208 624/418/2208
f 796/559/2209 694/1252/2209 779/290/2209
f 407/1192/2210 798/1288/2210 696/370/2210
f 765/512/2211 797/531/2211 742/469/2211
f 672/1240/2212 800/533/2212 588/532/2212
f 717/534/2213 802/1289/2213 698/1253/2213
f 818/614/2214 681/1246/2214 561/455/2214
f 781/1290/2215 678/1245/2215 634/1235/2215
f 804/536/2216 749/1272/2216 718/491/2216
f 823/1291/2217 772/1281/2217 749/1272/2217
f 786/1286/2218 878/526/2218 757/1276/2218
f 791/529/2219 760/506/2219 708/543/2219
f 831/1292/2220 661/1250/2220 735/1268/2220
f 584/1227/2221 712/1257/2221 448/1202/2221
f 713/1279/2222 900/1293/2222 482/1216/2222
f 482/1216/2223 669/1232/2223 380/1180/2223
f 623/1233/2224 809/595/2224 778/468/2224
f 711/1256/2225 810/611/2225 667/452/2225
f 795/558/2226 811/545/2226 714/482/2226
f 839/1239/2227 929/1294/2227 407/1192/2227
f 814/1295/2228 716/1259/2228 743/1258/2228
f 716/1259/2229 814/1295/2229 799/1296/2229
f 680/1242/2230 864/1297/2230 697/1243/2230
f 889/1298/2231 673/1241/2231 633/1234/2231
f 542/1219/2232 817/597/2232 695/470/2232
f 817/597/2233 815/561/2233 695/470/2233
f 677/1244/2234 781/1290/2234 634/1235/2234
f 678/1245/2235 818/614/2235 561/455/2235
f 767/660/2236 819/1299/2236 679/471/2236
f 964/1300/2237 820/1205/2237 681/1246/2237
f 804/536/2238 823/1291/2238 749/1272/2238
f 829/1285/2239 773/1282/2239 755/1274/2239
f 773/1282/2240 786/1286/2240 756/1275/2240
f 770/1277/2241 831/1292/2241 735/1268/2241
f 791/529/2242 832/553/2242 760/506/2242
f 761/554/2243 836/1284/2243 738/1251/2243
f 762/1278/2244 837/1301/2244 710/1255/2244
f 837/1301/2245 794/594/2245 710/1255/2245
f 710/1255/2246 794/594/2246 763/510/2246
f 793/1287/2247 810/611/2247 711/1256/2247
f 929/1294/2248 798/1288/2248 407/1192/2248
f 813/1302/2249 743/1258/2249 628/420/2249
f 766/1280/2250 842/1303/2250 674/1260/2250
f 864/1297/2251 633/1234/2251 697/1243/2251
f 673/1241/2252 813/1302/2252 628/420/2252
f 842/1303/2253 635/426/2253 674/1260/2253
f 842/1303/2254 801/535/2254 635/426/2254
f 781/1290/2255 818/614/2255 678/1245/2255
f 637/1236/2256 845/1304/2256 744/1271/2256
f 744/1271/2257 845/1304/2257 753/514/2257
f 802/1289/2258 846/615/2258 698/1253/2258
f 845/1304/2259 827/569/2259 753/514/2259
f 823/1291/2260 855/586/2260 772/1281/2260
f 846/615/2261 770/1277/2261 698/1253/2261
f 646/433/2262 856/1305/2262 549/357/2262
f 855/586/2263 829/1285/2263 772/1281/2263
f 856/1305/2264 605/1221/2264 549/357/2264
f 859/572/2265 832/553/2265 791/529/2265
f 831/1292/2266 860/1306/2266 661/1250/2266
f 834/644/2267 836/1284/2267 761/554/2267
f 886/1307/2268 837/1301/2268 762/1278/2268
f 836/1284/2269 887/653/2269 793/1287/2269
f 838/557/2270 764/511/2270 778/468/2270
f 863/1308/2271 668/1231/2271 712/1257/2271
f 863/1308/2272 585/1217/2272 668/1231/2272
f 693/1270/2273 1011/1309/2273 623/1233/2273
f 715/483/2274 800/533/2274 672/1240/2274
f 903/1310/2275 814/1295/2275 743/1258/2275
f 799/1296/2276 766/1280/2276 716/1259/2276
f 801/535/2277 802/1289/2277 717/534/2277
f 817/597/2278 841/562/2278 815/561/2278
f 679/471/2279 865/1311/2279 680/1242/2279
f 844/1312/2280 845/1304/2280 637/1236/2280
f 804/536/2281 855/586/2281 823/1291/2281
f 872/603/2282 854/606/2282 853/604/2282
f 855/586/2283 877/587/2283 829/1285/2283
f 829/1285/2284 877/587/2284 773/1282/2284
f 877/587/2285 878/526/2285 773/1282/2285
f 773/1282/2286 878/526/2286 786/1286/2286
f 894/625/2287 831/1292/2287 770/1277/2287
f 896/591/2288 832/553/2288 859/572/2288
f 833/555/2289 834/644/2289 761/554/2289
f 886/1307/2290 762/1278/2290 661/1250/2290
f 863/1308/2291 713/1279/2291 585/1217/2291
f 889/1298/2292 633/1234/2292 864/1297/2292
f 891/605/2293 854/606/2293 872/603/2293
f 892/619/2294 770/1277/2294 846/615/2294
f 856/1305/2295 895/1313/2295 605/1221/2295
f 605/1221/2296 895/1313/2296 775/1283/2296
f 892/619/2297 894/625/2297 770/1277/2297
f 893/607/2298 859/572/2298 835/556/2298
f 897/696/2299 661/1250/2299 860/1306/2299
f 897/696/2300 886/1307/2300 661/1250/2300
f 584/1227/2301 899/1314/2301 712/1257/2301
f 712/1257/2302 899/1314/2302 863/1308/2302
f 1011/1309/2303 809/595/2303 623/1233/2303
f 932/1315/2304 694/1252/2304 796/559/2304
f 932/1315/2305 839/1239/2305 694/1252/2305
f 813/1302/2306 903/1310/2306 743/1258/2306
f 798/1288/2307 677/1244/2307 696/370/2307
f 865/1311/2308 864/1297/2308 680/1242/2308
f 889/1298/2309 813/1302/2309 673/1241/2309
f 843/599/2310 429/1197/2310 676/459/2310
f 843/599/2311 866/1316/2311 429/1197/2311
f 905/687/2312 817/597/2312 542/1219/2312
f 819/1299/2313 865/1311/2313 679/471/2313
f 842/1303/2314 906/1317/2314 802/1289/2314
f 842/1303/2315 802/1289/2315 801/535/2315
f 820/1205/2316 844/1312/2316 637/1236/2316
f 802/1289/2317 906/1317/2317 846/615/2317
f 906/1317/2318 907/616/2318 846/615/2318
f 774/517/2319 807/541/2319 946/633/2319
f 807/541/2320 915/626/2320 914/634/2320
f 894/625/2321 919/637/2321 831/1292/2321
f 919/637/2322 920/639/2322 831/1292/2322
f 920/639/2323 949/642/2323 831/1292/2323
f 949/642/2324 860/1306/2324 831/1292/2324
f 895/1313/2325 923/1318/2325 775/1283/2325
f 834/644/2326 921/645/2326 836/1284/2326
f 921/645/2327 887/653/2327 836/1284/2327
f 793/1287/2328 928/656/2328 810/611/2328
f 669/1232/2329 464/1188/2329 425/1211/2329
f 483/1218/2330 901/1269/2330 426/1190/2330
f 931/629/2331 932/1315/2331 796/559/2331
f 934/1319/2332 935/1320/2332 813/1302/2332
f 813/1302/2333 935/1320/2333 903/1310/2333
f 939/1321/2334 814/1295/2334 903/1310/2334
f 814/1295/2335 842/1303/2335 799/1296/2335
f 842/1303/2336 766/1280/2336 799/1296/2336
f 936/1322/2337 906/1317/2337 842/1303/2337
f 973/1323/2338 938/1324/2338 934/1319/2338
f 934/1319/2339 938/1324/2339 935/1320/2339
f 938/1324/2340 903/1310/2340 935/1320/2340
f 938/1324/2341 939/1321/2341 903/1310/2341
f 939/1321/2342 940/1325/2342 814/1295/2342
f 940/1325/2343 842/1303/2343 814/1295/2343
f 966/703/2344 941/666/2344 827/569/2344
f 966/703/2345 827/569/2345 845/1304/2345
f 940/1325/2346 936/1322/2346 842/1303/2346
f 973/1323/2347 946/633/2347 938/1324/2347
f 946/633/2348 914/634/2348 938/1324/2348
f 914/634/2349 939/1321/2349 938/1324/2349
f 914/634/2350 940/1325/2350 939/1321/2350
f 914/634/2351 915/626/2351 940/1325/2351
f 915/626/2352 881/571/2352 936/1322/2352
f 915/626/2353 936/1322/2353 940/1325/2353
f 912/621/2354 943/1326/2354 913/623/2354
f 857/539/2355 946/633/2355 973/1323/2355
f 857/539/2356 973/1323/2356 945/1327/2356
f 944/635/2357 916/622/2357 913/623/2357
f 858/570/2358 857/539/2358 945/1327/2358
f 833/555/2359 858/570/2359 945/1327/2359
f 987/654/2360 921/645/2360 984/1328/2360
f 921/645/2361 833/555/2361 984/1328/2361
f 952/1329/2362 886/1307/2362 897/696/2362
f 988/1330/2363 887/653/2363 987/654/2363
f 952/1329/2364 837/1301/2364 886/1307/2364
f 957/520/2365 837/1301/2365 952/1329/2365
f 837/1301/2366 957/520/2366 794/594/2366
f 988/1330/2367 928/656/2367 887/653/2367
f 887/653/2368 928/656/2368 793/1287/2368
f 958/530/2369 928/656/2369 988/1330/2369
f 900/1293/2370 669/1232/2370 482/1216/2370
f 930/628/2371 960/1331/2371 715/483/2371
f 960/1331/2372 1013/658/2372 715/483/2372
f 715/483/2373 1013/658/2373 800/533/2373
f 962/659/2374 964/1300/2374 818/614/2374
f 962/659/2375 818/614/2375 800/533/2375
f 865/1311/2376 967/1332/2376 864/1297/2376
f 965/1333/2377 889/1298/2377 864/1297/2377
f 889/1298/2378 934/1319/2378 813/1302/2378
f 1036/701/2379 905/687/2379 542/1219/2379
f 905/687/2380 904/613/2380 817/597/2380
f 781/1290/2381 933/630/2381 818/614/2381
f 964/1300/2382 681/1246/2382 818/614/2382
f 819/1299/2383 967/1332/2383 865/1311/2383
f 967/1332/2384 965/1333/2384 864/1297/2384
f 972/1334/2385 889/1298/2385 965/1333/2385
f 971/1335/2386 972/1334/2386 965/1333/2386
f 972/1334/2387 973/1323/2387 889/1298/2387
f 889/1298/2388 973/1323/2388 934/1319/2388
f 970/1336/2389 971/1335/2389 965/1333/2389
f 907/616/2390 997/675/2390 911/617/2390
f 974/663/2391 912/621/2391 909/620/2391
f 972/1334/2392 945/1327/2392 973/1323/2392
f 881/571/2393 996/1337/2393 936/1322/2393
f 974/663/2394 943/1326/2394 912/621/2394
f 943/1326/2395 977/1338/2395 944/635/2395
f 943/1326/2396 944/635/2396 913/623/2396
f 984/1328/2397 945/1327/2397 972/1334/2397
f 881/571/2398 979/676/2398 996/1337/2398
f 978/1339/2399 971/1335/2399 970/1336/2399
f 977/1338/2400 980/1340/2400 944/635/2400
f 944/635/2401 980/1340/2401 894/625/2401
f 945/1327/2402 984/1328/2402 833/555/2402
f 980/1340/2403 919/637/2403 894/625/2403
f 982/679/2404 985/678/2404 918/640/2404
f 918/640/2405 985/678/2405 920/639/2405
f 985/678/2406 983/641/2406 920/639/2406
f 972/1334/2407 987/654/2407 984/1328/2407
f 971/1335/2408 987/654/2408 972/1334/2408
f 949/642/2409 986/668/2409 860/1306/2409
f 988/1330/2410 987/654/2410 971/1335/2410
f 956/655/2411 957/520/2411 952/1329/2411
f 990/1341/2412 988/1330/2412 971/1335/2412
f 990/1341/2413 971/1335/2413 978/1339/2413
f 990/1341/2414 958/530/2414 988/1330/2414
f 899/1314/2415 991/1342/2415 863/1308/2415
f 1008/1343/2416 900/1293/2416 713/1279/2416
f 464/1188/2417 1009/1344/2417 404/1189/2417
f 901/1269/2418 992/1345/2418 536/1222/2418
f 795/558/2419 958/530/2419 990/1341/2419
f 677/1244/2420 963/1346/2420 781/1290/2420
f 963/1346/2421 933/630/2421 781/1290/2421
f 844/1312/2422 966/703/2422 845/1304/2422
f 767/660/2423 967/1332/2423 819/1299/2423
f 936/1322/2424 907/616/2424 906/1317/2424
f 997/675/2425 1020/1347/2425 974/663/2425
f 1020/1347/2426 943/1326/2426 974/663/2426
f 1020/1347/2427 977/1338/2427 943/1326/2427
f 977/1338/2428 1021/1348/2428 980/1340/2428
f 980/1340/2429 998/677/2429 947/638/2429
f 980/1340/2430 947/638/2430 919/637/2430
f 998/677/2431 982/679/2431 918/640/2431
f 983/641/2432 999/710/2432 948/643/2432
f 999/710/2433 986/668/2433 948/643/2433
f 986/668/2434 1001/709/2434 860/1306/2434
f 1001/709/2435 897/696/2435 860/1306/2435
f 1003/695/2436 952/1329/2436 897/696/2436
f 989/669/2437 955/651/2437 885/574/2437
f 1003/695/2438 956/655/2438 952/1329/2438
f 1006/684/2439 956/655/2439 1003/695/2439
f 775/1283/2440 923/1318/2440 776/1230/2440
f 978/1339/2441 1005/1349/2441 990/1341/2441
f 1007/1350/2442 899/1314/2442 584/1227/2442
f 1008/1343/2443 713/1279/2443 863/1308/2443
f 1010/1351/2444 992/1345/2444 901/1269/2444
f 1005/1349/2445 811/545/2445 795/558/2445
f 1005/1349/2446 795/558/2446 990/1341/2446
f 930/628/2447 993/686/2447 960/1331/2447
f 993/686/2448 1013/658/2448 960/1331/2448
f 993/686/2449 962/659/2449 1013/658/2449
f 1014/1352/2450 933/630/2450 963/1346/2450
f 1015/1353/2451 970/1336/2451 965/1333/2451
f 996/1337/2452 997/675/2452 936/1322/2452
f 936/1322/2453 997/675/2453 907/616/2453
f 979/676/2454 1019/720/2454 996/1337/2454
f 1020/1347/2455 1046/1354/2455 977/1338/2455
f 1046/1354/2456 1021/1348/2456 977/1338/2456
f 980/1340/2457 1023/708/2457 998/677/2457
f 1024/691/2458 999/710/2458 983/641/2458
f 999/710/2459 1001/709/2459 986/668/2459
f 1027/697/2460 897/696/2460 1001/709/2460
f 1029/698/2461 955/651/2461 989/669/2461
f 991/1342/2462 1008/1343/2462 863/1308/2462
f 1005/1349/2463 902/612/2463 811/545/2463
f 1035/1355/2464 839/1239/2464 932/1315/2464
f 798/1288/2465 963/1346/2465 677/1244/2465
f 1014/1352/2466 993/686/2466 933/630/2466
f 844/1312/2467 1037/731/2467 966/703/2467
f 995/661/2468 1098/1356/2468 767/660/2468
f 1098/1356/2469 967/1332/2469 767/660/2469
f 1038/1357/2470 965/1333/2470 967/1332/2470
f 1038/1357/2471 1015/1353/2471 965/1333/2471
f 1015/1353/2472 1038/1357/2472 970/1336/2472
f 1037/731/2473 1041/704/2473 966/703/2473
f 1039/688/2474 995/661/2474 994/672/2474
f 1038/1357/2475 1045/1358/2475 970/1336/2475
f 1019/720/2476 997/675/2476 996/1337/2476
f 1019/720/2477 1020/1347/2477 997/675/2477
f 1045/1358/2478 978/1339/2478 970/1336/2478
f 1025/692/2479 1019/720/2479 979/676/2479
f 1021/1348/2480 1023/708/2480 980/1340/2480
f 1023/708/2481 1024/691/2481 998/677/2481
f 1047/1359/2482 1048/1360/2482 1021/1348/2482
f 1047/1359/2483 1021/1348/2483 1046/1354/2483
f 1021/1348/2484 1050/1361/2484 1023/708/2484
f 1023/708/2485 999/710/2485 1024/691/2485
f 1048/1360/2486 1049/1362/2486 1021/1348/2486
f 1049/1362/2487 1050/1361/2487 1021/1348/2487
f 1050/1361/2488 1051/723/2488 1023/708/2488
f 1023/708/2489 1051/723/2489 1001/709/2489
f 1030/670/2490 1051/723/2490 1050/1361/2490
f 1055/713/2491 1030/670/2491 1050/1361/2491
f 1030/670/2492 1056/726/2492 1051/723/2492
f 1051/723/2493 1054/725/2493 1001/709/2493
f 1001/709/2494 1054/725/2494 1027/697/2494
f 1030/670/2495 1057/683/2495 1056/726/2495
f 978/1339/2496 1045/1358/2496 1005/1349/2496
f 1027/697/2497 1072/1363/2497 1003/695/2497
f 1003/695/2498 1032/699/2498 1006/684/2498
f 923/1318/2499 1150/1364/2499 776/1230/2499
f 1150/1364/2500 584/1227/2500 776/1230/2500
f 1009/1344/2501 464/1188/2501 669/1232/2501
f 1009/1344/2502 483/1218/2502 404/1189/2502
f 1035/1355/2503 929/1294/2503 839/1239/2503
f 931/629/2504 1035/1355/2504 932/1315/2504
f 1098/1356/2505 1038/1357/2505 967/1332/2505
f 1063/721/2506 1064/1365/2506 1046/1354/2506
f 1063/721/2507 1046/1354/2507 1019/720/2507
f 1019/720/2508 1046/1354/2508 1020/1347/2508
f 1064/1365/2509 1047/1359/2509 1046/1354/2509
f 1065/770/2510 1049/1362/2510 1048/1360/2510
f 1054/725/2511 1067/1366/2511 1027/697/2511
f 1067/1366/2512 1072/1363/2512 1027/697/2512
f 1069/741/2513 1004/682/2513 1029/698/2513
f 1031/694/2514 1004/682/2514 1086/740/2514
f 1086/740/2515 1004/682/2515 1069/741/2515
f 1072/1363/2516 1058/714/2516 1003/695/2516
f 1150/1364/2517 1186/1367/2517 584/1227/2517
f 1073/1368/2518 669/1232/2518 900/1293/2518
f 1009/1344/2519 901/1269/2519 483/1218/2519
f 1011/1309/2520 1094/730/2520 809/595/2520
f 1035/1355/2521 798/1288/2521 929/1294/2521
f 962/659/2522 1097/1369/2522 964/1300/2522
f 1014/1352/2523 1097/1369/2523 993/686/2523
f 1097/1369/2524 1214/1370/2524 964/1300/2524
f 1158/1371/2525 844/1312/2525 820/1205/2525
f 1117/1372/2526 1039/688/2526 1059/716/2526
f 1117/1372/2527 995/661/2527 1039/688/2527
f 1080/1373/2528 1048/1360/2528 1047/1359/2528
f 1048/1360/2529 1082/771/2529 1065/770/2529
f 1081/1374/2530 1082/771/2530 1048/1360/2530
f 1065/770/2531 1050/1361/2531 1049/1362/2531
f 1066/724/2532 1067/1366/2532 1054/725/2532
f 1083/748/2533 1067/1366/2533 1066/724/2533
f 1084/738/2534 1086/740/2534 1081/1374/2534
f 1081/1374/2535 1086/740/2535 1082/771/2535
f 1086/740/2536 1085/773/2536 1082/771/2536
f 1068/712/2537 1086/740/2537 1084/738/2537
f 1088/1375/2538 1072/1363/2538 1067/1366/2538
f 1045/1358/2539 1090/1376/2539 1005/1349/2539
f 1073/1368/2540 900/1293/2540 1008/1343/2540
f 1093/1377/2541 1033/1378/2541 669/1232/2541
f 993/686/2542 1097/1369/2542 962/659/2542
f 1143/1379/2543 1097/1369/2543 1014/1352/2543
f 964/1300/2544 1158/1371/2544 820/1205/2544
f 1117/1372/2545 1098/1356/2545 995/661/2545
f 1100/735/2546 1117/1372/2546 1059/716/2546
f 856/1305/2547 1105/1380/2547 895/1313/2547
f 1106/1381/2548 1064/1365/2548 1063/721/2548
f 1105/1380/2549 923/1318/2549 895/1313/2549
f 1064/1365/2550 1107/747/2550 1047/1359/2550
f 1107/747/2551 1080/1373/2551 1047/1359/2551
f 1107/747/2552 1084/738/2552 1080/1373/2552
f 1080/1373/2553 1081/1374/2553 1048/1360/2553
f 1084/738/2554 1081/1374/2554 1080/1373/2554
f 1109/1382/2555 1067/1366/2555 1083/748/2555
f 1108/763/2556 1070/727/2556 1055/713/2556
f 1087/739/2557 1109/1382/2557 1083/748/2557
f 1109/1382/2558 1088/1375/2558 1067/1366/2558
f 1110/1383/2559 1088/1375/2559 1109/1382/2559
f 1088/1375/2560 1127/1384/2560 1072/1363/2560
f 1072/1363/2561 1127/1384/2561 1058/714/2561
f 1005/1349/2562 1090/1376/2562 902/612/2562
f 1113/1385/2563 901/1269/2563 1009/1344/2563
f 992/1345/2564 693/1270/2564 536/1222/2564
f 992/1345/2565 1011/1309/2565 693/1270/2565
f 1011/1309/2566 1092/789/2566 1094/730/2566
f 1090/1376/2567 1173/751/2567 902/612/2567
f 1114/1386/2568 1035/1355/2568 931/629/2568
f 1099/743/2569 1103/758/2569 1075/733/2569
f 1123/781/2570 856/1305/2570 646/433/2570
f 1123/781/2571 1105/1380/2571 856/1305/2571
f 1079/737/2572 1106/1381/2572 1063/721/2572
f 1106/1381/2573 1107/747/2573 1064/1365/2573
f 1124/760/2574 1125/761/2574 1053/711/2574
f 1050/1361/2575 1135/1387/2575 1055/713/2575
f 1135/1387/2576 1126/1388/2576 1055/713/2576
f 1126/1388/2577 1108/763/2577 1055/713/2577
f 1110/1383/2578 1127/1384/2578 1088/1375/2578
f 1127/1384/2579 1153/778/2579 1058/714/2579
f 1153/778/2580 1091/729/2580 1058/714/2580
f 1073/1368/2581 1093/1377/2581 669/1232/2581
f 1155/1389/2582 1009/1344/2582 669/1232/2582
f 1158/1371/2583 1037/731/2583 844/1312/2583
f 1118/754/2584 1117/1372/2584 1100/735/2584
f 1132/768/2585 1131/1390/2585 1079/737/2585
f 1131/1390/2586 1106/1381/2586 1079/737/2586
f 1065/770/2587 1135/1387/2587 1050/1361/2587
f 1136/775/2588 1085/773/2588 1086/740/2588
f 1138/786/2589 1109/1382/2589 1087/739/2589
f 1109/1382/2590 1138/786/2590 1110/1383/2590
f 1138/786/2591 1139/1391/2591 1110/1383/2591
f 1110/1383/2592 1139/1391/2592 1127/1384/2592
f 1186/1367/2593 1007/1350/2593 584/1227/2593
f 888/596/2594 1115/752/2594 931/629/2594
f 1115/752/2595 1114/1386/2595 931/629/2595
f 542/1219/2596 1157/1392/2596 1036/701/2596
f 1157/1392/2597 1128/779/2597 1036/701/2597
f 1166/1393/2598 1143/1379/2598 963/1346/2598
f 963/1346/2599 1143/1379/2599 1014/1352/2599
f 1118/754/2600 1098/1356/2600 1117/1372/2600
f 1106/1381/2601 1147/1394/2601 1107/747/2601
f 1147/1394/2602 1124/760/2602 1107/747/2602
f 1134/772/2603 1135/1387/2603 1065/770/2603
f 1148/774/2604 1134/772/2604 1082/771/2604
f 1139/1391/2605 1153/778/2605 1127/1384/2605
f 1007/1350/2606 1154/1395/2606 899/1314/2606
f 1154/1395/2607 991/1342/2607 899/1314/2607
f 991/1342/2608 1112/1396/2608 1008/1343/2608
f 1112/1396/2609 1073/1368/2609 1008/1343/2609
f 1033/1378/2610 1155/1389/2610 669/1232/2610
f 1010/1351/2611 1156/1397/2611 992/1345/2611
f 1011/1309/2612 1195/790/2612 1092/789/2612
f 1114/1386/2613 1142/1398/2613 1035/1355/2613
f 1035/1355/2614 1142/1398/2614 798/1288/2614
f 1142/1398/2615 963/1346/2615 798/1288/2615
f 429/1197/2616 1157/1392/2616 542/1219/2616
f 1037/731/2617 1158/1371/2617 1074/732/2617
f 1158/1371/2618 1118/754/2618 1074/732/2618
f 1038/1357/2619 1159/1399/2619 1045/1358/2619
f 1161/794/2620 1131/1390/2620 1132/768/2620
f 1135/1387/2621 1163/1400/2621 1126/1388/2621
f 1126/1388/2622 1151/788/2622 1108/763/2622
f 1152/787/2623 1139/1391/2623 1138/786/2623
f 1164/776/2624 1139/1391/2624 1152/787/2624
f 1111/749/2625 1164/776/2625 1152/787/2625
f 1164/776/2626 1153/778/2626 1139/1391/2626
f 901/1269/2627 1113/1385/2627 1010/1351/2627
f 1116/753/2628 1165/1401/2628 843/599/2628
f 1165/1401/2629 866/1316/2629 843/599/2629
f 1131/1390/2630 1180/1402/2630 1106/1381/2630
f 1124/760/2631 1171/795/2631 1125/761/2631
f 1170/796/2632 1134/772/2632 1148/774/2632
f 1134/772/2633 1170/796/2633 1135/1387/2633
f 1170/796/2634 1162/1403/2634 1135/1387/2634
f 1162/1403/2635 1163/1400/2635 1135/1387/2635
f 1105/1380/2636 1150/1364/2636 923/1318/2636
f 1126/1388/2637 1172/1404/2637 1151/788/2637
f 1181/1405/2638 1090/1376/2638 1045/1358/2638
f 1181/1405/2639 1173/751/2639 1090/1376/2639
f 992/1345/2640 1174/1406/2640 1011/1309/2640
f 1174/1406/2641 1195/790/2641 1011/1309/2641
f 1143/1379/2642 1175/1407/2642 1097/1369/2642
f 1175/1407/2643 1214/1370/2643 1097/1369/2643
f 1214/1370/2644 1158/1371/2644 964/1300/2644
f 1158/1371/2645 1098/1356/2645 1118/754/2645
f 1177/798/2646 1179/1408/2646 1123/781/2646
f 1179/1408/2647 1105/1380/2647 1123/781/2647
f 1159/1399/2648 1181/1405/2648 1045/1358/2648
f 1161/794/2649 1180/1402/2649 1131/1390/2649
f 1180/1402/2650 1147/1394/2650 1106/1381/2650
f 1163/1400/2651 1172/1404/2651 1126/1388/2651
f 1172/1404/2652 1194/803/2652 1151/788/2652
f 1105/1380/2653 1186/1367/2653 1150/1364/2653
f 1142/1398/2654 1166/1393/2654 963/1346/2654
f 1179/1408/2655 1190/1409/2655 1105/1380/2655
f 1182/800/2656 1191/1410/2656 1161/794/2656
f 1191/1410/2657 1192/1411/2657 1180/1402/2657
f 1191/1410/2658 1180/1402/2658 1161/794/2658
f 1183/801/2659 1184/802/2659 1182/800/2659
f 1147/1394/2660 1193/807/2660 1124/760/2660
f 1124/760/2661 1193/807/2661 1171/795/2661
f 1185/806/2662 1162/1403/2662 1170/796/2662
f 1190/1409/2663 1186/1367/2663 1105/1380/2663
f 1186/1367/2664 1196/1412/2664 1007/1350/2664
f 1007/1350/2665 1223/1413/2665 1154/1395/2665
f 1198/1414/2666 1073/1368/2666 1112/1396/2666
f 866/1316/2667 1157/1392/2667 429/1197/2667
f 1098/1356/2668 1176/1415/2668 1038/1357/2668
f 1176/1415/2669 1159/1399/2669 1038/1357/2669
f 1177/798/2670 1202/1416/2670 1179/1408/2670
f 1229/1417/2671 1181/1405/2671 1159/1399/2671
f 1202/1416/2672 1190/1409/2672 1179/1408/2672
f 1182/800/2673 1203/1418/2673 1191/1410/2673
f 1203/1418/2674 1192/1411/2674 1191/1410/2674
f 1192/1411/2675 1147/1394/2675 1180/1402/2675
f 1203/1418/2676 1147/1394/2676 1192/1411/2676
f 1203/1418/2677 1193/807/2677 1147/1394/2677
f 1184/802/2678 1203/1418/2678 1182/800/2678
f 1184/802/2679 1193/807/2679 1203/1418/2679
f 1205/808/2680 1206/1419/2680 1185/806/2680
f 1185/806/2681 1206/1419/2681 1162/1403/2681
f 1206/1419/2682 1163/1400/2682 1162/1403/2682
f 1206/1419/2683 1172/1404/2683 1163/1400/2683
f 1190/1409/2684 1204/1420/2684 1186/1367/2684
f 1205/808/2685 1194/803/2685 1206/1419/2685
f 1194/803/2686 1172/1404/2686 1206/1419/2686
f 1181/1405/2687 1207/825/2687 1173/751/2687
f 1204/1420/2688 1196/1412/2688 1186/1367/2688
f 1174/1406/2689 1208/814/2689 1195/790/2689
f 1210/817/2690 1114/1386/2690 1115/752/2690
f 1211/813/2691 1165/1401/2691 1116/753/2691
f 1157/1392/2692 1212/822/2692 1128/779/2692
f 1238/1421/2693 1176/1415/2693 1098/1356/2693
f 1202/1416/2694 1219/1422/2694 1190/1409/2694
f 1219/1422/2695 1204/1420/2695 1190/1409/2695
f 1196/1412/2696 1223/1413/2696 1007/1350/2696
f 1154/1395/2697 1197/1423/2697 991/1342/2697
f 991/1342/2698 1198/1414/2698 1112/1396/2698
f 1210/817/2699 1142/1398/2699 1114/1386/2699
f 1142/1398/2700 1227/1424/2700 1166/1393/2700
f 1166/1393/2701 1213/1425/2701 1143/1379/2701
f 1213/1425/2702 1175/1407/2702 1143/1379/2702
f 1176/1415/2703 1229/1417/2703 1159/1399/2703
f 1225/1426/2704 1202/1416/2704 1177/798/2704
f 1234/1427/2705 1223/1413/2705 1196/1412/2705
f 1210/817/2706 1227/1424/2706 1142/1398/2706
f 1210/817/2707 1212/822/2707 1227/1424/2707
f 1212/822/2708 1213/1425/2708 1227/1424/2708
f 1227/1424/2709 1213/1425/2709 1166/1393/2709
f 1213/1425/2710 1214/1370/2710 1175/1407/2710
f 1158/1371/2711 1238/1421/2711 1098/1356/2711
f 1225/1426/2712 1219/1422/2712 1202/1416/2712
f 1229/1417/2713 1244/1428/2713 1181/1405/2713
f 1219/1422/2714 1233/1429/2714 1204/1420/2714
f 1233/1429/2715 1196/1412/2715 1204/1420/2715
f 1181/1405/2716 1244/1428/2716 1207/825/2716
f 1233/1429/2717 1234/1427/2717 1196/1412/2717
f 1259/1430/2718 1154/1395/2718 1223/1413/2718
f 1009/1344/2719 1249/864/2719 1113/1385/2719
f 1113/1385/2720 1236/1431/2720 1010/1351/2720
f 992/1345/2721 1250/1432/2721 1174/1406/2721
f 1174/1406/2722 1235/831/2722 1208/814/2722
f 1157/1392/2723 1213/1425/2723 1212/822/2723
f 1240/840/2724 1225/1426/2724 1177/798/2724
f 1278/1433/2725 1244/1428/2725 1229/1417/2725
f 1197/1423/2726 1198/1414/2726 991/1342/2726
f 1198/1414/2727 1248/1434/2727 1073/1368/2727
f 1248/1434/2728 1093/1377/2728 1073/1368/2728
f 1250/1432/2729 1235/831/2729 1174/1406/2729
f 1244/1428/2730 1246/826/2730 1207/825/2730
f 1260/842/2731 1165/1401/2731 1211/813/2731
f 1228/1435/2732 1253/1436/2732 1158/1371/2732
f 1278/1433/2733 1256/1437/2733 1244/1428/2733
f 1256/1437/2734 1246/826/2734 1244/1428/2734
f 1221/820/2735 1257/832/2735 1245/836/2735
f 1233/1429/2736 1258/1438/2736 1234/1427/2736
f 1234/1427/2737 1259/1430/2737 1223/1413/2737
f 1235/831/2738 1266/843/2738 1247/824/2738
f 1199/1439/2739 1275/1440/2739 1155/1389/2739
f 1155/1389/2740 1275/1440/2740 1009/1344/2740
f 1156/1397/2741 1250/1432/2741 992/1345/2741
f 1267/844/2742 1235/831/2742 1250/1432/2742
f 1260/842/2743 1261/1441/2743 1165/1401/2743
f 1228/1435/2744 1158/1371/2744 1214/1370/2744
f 1253/1436/2745 1238/1421/2745 1158/1371/2745
f 1240/840/2746 1274/1442/2746 1225/1426/2746
f 1225/1426/2747 1233/1429/2747 1219/1422/2747
f 1266/843/2748 1265/850/2748 1232/830/2748
f 1258/1438/2749 1259/1430/2749 1234/1427/2749
f 1249/864/2750 1236/1431/2750 1113/1385/2750
f 1236/1431/2751 1156/1397/2751 1010/1351/2751
f 1268/919/2752 1250/1432/2752 1156/1397/2752
f 1261/1441/2753 866/1316/2753 1165/1401/2753
f 1176/1415/2754 1278/1433/2754 1229/1417/2754
f 1033/1378/2755 1199/1439/2755 1155/1389/2755
f 1275/1440/2756 1249/864/2756 1009/1344/2756
f 1268/919/2757 1276/878/2757 1250/1432/2757
f 1271/852/2758 1274/1442/2758 1240/840/2758
f 1278/1433/2759 1292/1443/2759 1256/1437/2759
f 1225/1426/2760 1274/1442/2760 1233/1429/2760
f 1274/1442/2761 1258/1438/2761 1233/1429/2761
f 1292/1443/2762 1246/826/2762 1256/1437/2762
f 1258/1438/2763 1281/888/2763 1259/1430/2763
f 1259/1430/2764 1197/1423/2764 1154/1395/2764
f 1093/1377/2765 1283/1444/2765 1033/1378/2765
f 1249/864/2766 1282/863/2766 1236/1431/2766
f 1236/1431/2767 1304/1445/2767 1156/1397/2767
f 1276/878/2768 1267/844/2768 1250/1432/2768
f 1292/1443/2769 1298/816/2769 1246/826/2769
f 1285/899/2770 1261/1441/2770 1260/842/2770
f 1307/1446/2771 1228/1435/2771 1214/1370/2771
f 1238/1421/2772 1277/1447/2772 1176/1415/2772
f 1271/852/2773 1290/886/2773 1274/1442/2773
f 1276/878/2774 1266/843/2774 1267/844/2774
f 1259/1430/2775 1321/954/2775 1197/1423/2775
f 1248/1434/2776 1283/1444/2776 1093/1377/2776
f 1275/1440/2777 1319/1448/2777 1249/864/2777
f 1282/863/2778 1303/877/2778 1236/1431/2778
f 1303/877/2779 1304/1445/2779 1236/1431/2779
f 1304/1445/2780 1268/919/2780 1156/1397/2780
f 1237/821/2781 1034/700/2781 1383/897/2781
f 1157/1392/2782 1307/1446/2782 1213/1425/2782
f 1307/1446/2783 1214/1370/2783 1213/1425/2783
f 1280/866/2784 1242/829/2784 1309/900/2784
f 1309/900/2785 1242/829/2785 1310/867/2785
f 1176/1415/2786 1292/1443/2786 1278/1433/2786
f 1331/1449/2787 1292/1443/2787 1176/1415/2787
f 1274/1442/2788 1290/886/2788 1258/1438/2788
f 1290/886/2789 1281/888/2789 1258/1438/2789
f 1331/1449/2790 1298/816/2790 1292/1443/2790
f 1319/1448/2791 1336/893/2791 1249/864/2791
f 1357/1450/2792 1321/954/2792 1259/1430/2792
f 1303/877/2793 1320/895/2793 1304/1445/2793
f 1268/919/2794 1340/896/2794 1276/878/2794
f 1307/1446/2795 1325/1451/2795 1228/1435/2795
f 1344/1452/2796 1238/1421/2796 1253/1436/2796
f 1262/845/2797 1271/852/2797 1241/833/2797
f 1345/1453/2798 1331/1449/2798 1176/1415/2798
f 1332/1454/2799 1333/1455/2799 1346/1456/2799
f 1331/1449/2800 1318/1457/2800 1298/816/2800
f 1338/921/2801 1333/1455/2801 1332/1454/2801
f 1338/921/2802 1332/1454/2802 1350/1458/2802
f 1281/888/2803 1337/894/2803 1259/1430/2803
f 1321/954/2804 1341/953/2804 1197/1423/2804
f 1323/1459/2805 1319/1448/2805 1275/1440/2805
f 1320/895/2806 1339/906/2806 1304/1445/2806
f 1381/922/2807 1298/816/2807 1318/1457/2807
f 1157/1392/2808 1384/1460/2808 1307/1446/2808
f 1325/1451/2809 1342/1461/2809 1228/1435/2809
f 1343/1462/2810 1253/1436/2810 1228/1435/2810
f 1343/1462/2811 1344/1452/2811 1253/1436/2811
f 1326/1463/2812 1277/1447/2812 1238/1421/2812
f 1277/1447/2813 1345/1453/2813 1176/1415/2813
f 1262/845/2814 1314/887/2814 1271/852/2814
f 1346/1456/2815 1344/1452/2815 1343/1462/2815
f 1332/1454/2816 1346/1456/2816 1343/1462/2816
f 1328/901/2817 1330/904/2817 1311/884/2817
f 1228/1435/2818 1332/1454/2818 1343/1462/2818
f 1342/1461/2819 1350/1458/2819 1228/1435/2819
f 1350/1458/2820 1332/1454/2820 1228/1435/2820
f 1368/928/2821 1350/1458/2821 1342/1461/2821
f 1356/937/2822 1316/891/2822 1314/887/2822
f 1330/904/2823 1354/913/2823 1334/905/2823
f 1381/922/2824 1331/1449/2824 1345/1453/2824
f 1368/928/2825 1352/920/2825 1350/1458/2825
f 1333/1455/2826 1353/1464/2826 1346/1456/2826
f 1381/922/2827 1318/1457/2827 1331/1449/2827
f 1316/891/2828 1356/937/2828 1337/894/2828
f 1306/879/2829 1353/1464/2829 1333/1455/2829
f 1352/920/2830 1338/921/2830 1350/1458/2830
f 1337/894/2831 1357/1450/2831 1259/1430/2831
f 1371/916/2832 1336/893/2832 1319/1448/2832
f 1371/916/2833 1319/1448/2833 1323/1459/2833
f 1341/953/2834 1322/1465/2834 1197/1423/2834
f 1322/1465/2835 1198/1414/2835 1197/1423/2835
f 1283/1444/2836 1359/1466/2836 1033/1378/2836
f 1359/1466/2837 1199/1439/2837 1033/1378/2837
f 1275/1440/2838 1360/942/2838 1323/1459/2838
f 1338/921/2839 1306/879/2839 1333/1455/2839
f 1339/906/2840 1358/918/2840 1304/1445/2840
f 1358/918/2841 1268/919/2841 1304/1445/2841
f 1305/880/2842 1338/921/2842 1352/920/2842
f 1306/879/2843 1226/838/2843 1353/1464/2843
f 1261/1441/2844 1324/964/2844 866/1316/2844
f 1361/931/2845 1314/887/2845 1262/845/2845
f 1409/1467/2846 1368/928/2846 1325/1451/2846
f 1368/928/2847 1342/1461/2847 1325/1451/2847
f 1346/1456/2848 1377/1468/2848 1344/1452/2848
f 1374/1469/2849 1381/922/2849 1345/1453/2849
f 1356/937/2850 1372/1470/2850 1337/894/2850
f 1372/1470/2851 1357/1450/2851 1337/894/2851
f 1354/913/2852 1369/926/2852 1358/918/2852
f 1369/926/2853 1370/917/2853 1358/918/2853
f 1322/1465/2854 1248/1434/2854 1198/1414/2854
f 1199/1439/2855 1360/942/2855 1275/1440/2855
f 866/1316/2808 1384/1460/2808 1157/1392/2808
f 1385/1471/2856 1325/1451/2856 1307/1446/2856
f 1344/1452/2857 1386/1472/2857 1238/1421/2857
f 1277/1447/2858 1374/1469/2858 1345/1453/2858
f 1361/931/2859 1376/935/2859 1314/887/2859
f 1377/1468/2860 1386/1472/2860 1344/1452/2860
f 1376/935/2861 1356/937/2861 1314/887/2861
f 1393/1473/2862 1381/922/2862 1374/1469/2862
f 1346/1456/2863 1353/1464/2863 1377/1468/2863
f 1394/907/2864 1381/922/2864 1393/1473/2864
f 1353/1464/2865 1382/1474/2865 1377/1468/2865
f 1379/936/2866 1372/1470/2866 1356/937/2866
f 1383/897/2867 1368/928/2867 1409/1467/2867
f 1248/1434/2868 1395/1475/2868 1283/1444/2868
f 1396/1476/2869 1360/942/2869 1199/1439/2869
f 1226/838/2870 1382/1474/2870 1353/1464/2870
f 1285/899/2871 1367/930/2871 1261/1441/2871
f 1384/1460/2872 1406/1477/2872 1307/1446/2872
f 1326/1463/2873 1374/1469/2873 1277/1447/2873
f 1377/1468/2874 1392/1478/2874 1386/1472/2874
f 1326/1463/2875 1393/1473/2875 1374/1469/2875
f 1392/1478/2876 1393/1473/2876 1326/1463/2876
f 1382/1474/2877 1392/1478/2877 1377/1468/2877
f 1409/1467/2878 1419/929/2878 1383/897/2878
f 1096/750/2879 1394/907/2879 1392/1478/2879
f 1394/907/2880 1393/1473/2880 1392/1478/2880
f 1357/1450/2881 1372/1470/2881 1321/954/2881
f 1360/942/2882 1371/916/2882 1323/1459/2882
f 1322/1465/2883 1395/1475/2883 1248/1434/2883
f 1382/1474/2884 1096/750/2884 1392/1478/2884
f 1226/838/2885 1096/750/2885 1382/1474/2885
f 1367/930/2886 1324/964/2886 1261/1441/2886
f 1324/964/2887 1384/1460/2887 866/1316/2887
f 1386/1472/2888 1397/1479/2888 1238/1421/2888
f 1238/1421/2889 1397/1479/2889 1326/1463/2889
f 1408/1480/2890 1325/1451/2890 1385/1471/2890
f 1408/1480/2891 1409/1467/2891 1325/1451/2891
f 1375/908/2892 1400/949/2892 1376/935/2892
f 1375/908/2893 1376/935/2893 1361/931/2893
f 1447/1481/2894 1409/1467/2894 1408/1480/2894
f 1386/1472/2895 1392/1478/2895 1397/1479/2895
f 1392/1478/2896 1326/1463/2896 1397/1479/2896
f 1447/1481/2897 1419/929/2897 1409/1467/2897
f 1379/936/2898 1403/952/2898 1372/1470/2898
f 1396/1476/2899 1410/945/2899 1360/942/2899
f 1307/1446/2900 1408/1480/2900 1385/1471/2900
f 1403/952/2901 1321/954/2901 1372/1470/2901
f 1341/953/2902 1428/974/2902 1322/1465/2902
f 1359/1466/2903 1411/1482/2903 1199/1439/2903
f 1411/1482/2904 1396/1476/2904 1199/1439/2904
f 1418/951/2905 1426/972/2905 1403/952/2905
f 1418/951/2906 1403/952/2906 1379/936/2906
f 1420/1483/2907 1395/1475/2907 1322/1465/2907
f 1411/1482/2908 1434/958/2908 1396/1476/2908
f 1434/958/2909 1410/945/2909 1396/1476/2909
f 1426/972/2910 1428/974/2910 1403/952/2910
f 1421/966/2911 1419/929/2911 1447/1481/2911
f 1403/952/2912 1428/974/2912 1341/953/2912
f 1442/1484/2913 1406/1477/2913 1384/1460/2913
f 1407/1485/2914 1408/1480/2914 1307/1446/2914
f 1413/955/2915 1430/982/2915 1400/949/2915
f 1430/982/2916 1418/951/2916 1400/949/2916
f 1395/1475/2917 1435/1486/2917 1283/1444/2917
f 1436/995/2918 1359/1466/2918 1283/1444/2918
f 1436/995/2919 1411/1482/2919 1359/1466/2919
f 1406/1477/2920 1407/1485/2920 1307/1446/2920
f 1423/960/2921 1430/982/2921 1413/955/2921
f 1437/1487/2922 1447/1481/2922 1408/1480/2922
f 1431/971/2923 1433/985/2923 1428/974/2923
f 1433/985/2924 1322/1465/2924 1428/974/2924
f 1433/985/2925 1441/993/2925 1322/1465/2925
f 1322/1465/2926 1441/993/2926 1420/1483/2926
f 1452/978/2927 1434/958/2927 1411/1482/2927
f 1450/975/2928 1421/966/2928 1447/1481/2928
f 1405/977/2929 1384/1460/2929 1324/964/2929
f 1446/981/2930 1418/951/2930 1430/982/2930
f 1446/981/2931 1431/971/2931 1418/951/2931
f 1422/959/2932 1460/1488/2932 1432/970/2932
f 1422/959/2933 1412/946/2933 1460/1488/2933
f 1469/984/2934 1440/973/2934 1452/978/2934
f 1453/1489/2935 1435/1486/2935 1395/1475/2935
f 1436/995/2936 1452/978/2936 1411/1482/2936
f 1454/1490/2937 1384/1460/2937 1405/977/2937
f 1437/1487/2938 1408/1480/2938 1407/1485/2938
f 1432/970/2939 1454/1490/2939 1405/977/2939
f 1407/1485/2940 1447/1481/2940 1437/1487/2940
f 1432/970/2941 1460/1488/2941 1454/1490/2941
f 1450/975/2942 1447/1481/2942 1407/1485/2942
f 1469/984/2943 1452/978/2943 1436/995/2943
f 1451/986/2944 1441/993/2944 1433/985/2944
f 1471/1015/2945 1395/1475/2945 1420/1483/2945
f 1471/1015/2946 1453/1489/2946 1395/1475/2946
f 1435/1486/2947 1436/995/2947 1283/1444/2947
f 1435/1486/2948 1478/994/2948 1436/995/2948
f 1404/943/2949 1450/975/2949 1407/1485/2949
f 1441/993/2950 1471/1015/2950 1420/1483/2950
f 1463/1491/2951 1442/1484/2951 1384/1460/2951
f 1406/1477/2952 1464/1492/2952 1407/1485/2952
f 1489/1493/2953 1404/943/2953 1407/1485/2953
f 1460/1488/2954 1479/1494/2954 1454/1490/2954
f 1461/992/2955 1471/1015/2955 1441/993/2955
f 1461/992/2956 1477/1007/2956 1471/1015/2956
f 1453/1489/2957 1487/1008/2957 1435/1486/2957
f 1487/1008/2958 1478/994/2958 1435/1486/2958
f 1454/1490/2959 1479/1494/2959 1384/1460/2959
f 1384/1460/2960 1479/1494/2960 1463/1491/2960
f 1489/1493/2961 1407/1485/2961 1464/1492/2961
f 1460/1488/2962 1486/1019/2962 1479/1494/2962
f 1488/1016/2963 1404/943/2963 1489/1493/2963
f 1412/946/2964 1486/1019/2964 1460/1488/2964
f 1471/1015/2965 1487/1008/2965 1453/1489/2965
f 1442/1484/2966 1491/1495/2966 1406/1477/2966
f 1406/1477/2967 1489/1493/2967 1464/1492/2967
f 1479/1494/2968 1492/1018/2968 1463/1491/2968
f 1494/1496/2969 1489/1493/2969 1406/1477/2969
f 1486/1019/2970 1492/1018/2970 1479/1494/2970
f 1462/996/2971 1489/1493/2971 1494/1496/2971
f 1488/1016/2972 1489/1493/2972 1462/996/2972
f 1463/1491/2973 1493/1497/2973 1442/1484/2973
f 1497/1021/2974 1406/1477/2974 1491/1495/2974
f 1497/1021/2975 1494/1496/2975 1406/1477/2975
f 1492/1018/2976 1495/1009/2976 1463/1491/2976
f 1463/1491/2977 1495/1009/2977 1493/1497/2977
f 1493/1497/2978 1496/1017/2978 1442/1484/2978
f 1495/1009/2979 1496/1017/2979 1493/1497/2979
f 1490/1020/2980 1462/996/2980 1494/1496/2980
f 1497/1021/2981 1490/1020/2981 1494/1496/2981
f 1496/1017/2982 1491/1495/2982 1442/1484/2982
f 1496/1017/2983 1497/1021/2983 1491/1495/2983
